161  
108  

1    
  0.0234443241590582   0.0000000000000033   0.0187180037590817
  -1.2077943800   -0.0442064800   -0.2639840200
   0.1041633700   -0.0212315200   -0.0000584500
   0.0129161500   -0.0065663900   -0.0011639600
   0.0060358800   -0.0014704200    0.0000390200
   0.0046782800   -0.0000266600   -0.0000116000
   0.0044043700    0.0006482700   -0.0000113600
   0.0059056100    0.0022951700    0.0000402400
   0.0122112600    0.0070479300   -0.0012030800
   0.1002694800    0.0221758400    0.0015132100
  -0.0291301700   -0.0967244300    0.0006908200
  -0.0282185700    0.0967470900    0.0004125300
   0.0114430300    0.0085673400    0.0002141000
   0.0069184000    0.0004292800   -0.0000191500
   0.0043464700   -0.0000869500   -0.0000192400
   0.0033415000   -0.0002774900   -0.0000063900
   0.0047236000   -0.0003049700   -0.0000182400
   0.0063268000   -0.0009346600   -0.0000169700
   0.0105784400   -0.0090126900    0.0002163200
  -0.0066166300   -0.0169670000   -0.0011598000
  -0.0035299100   -0.0004852600    0.0002060800
  -0.0058802700    0.0166335900   -0.0011638600
   0.0021514100    0.0070111100   -0.0000211900
   0.0028553200    0.0018066600   -0.0000190700
   0.0024299800    0.0005335400   -0.0000063800
   0.0029174200   -0.0006576400   -0.0000066100
   0.0032793700   -0.0026232100   -0.0000173500
   0.0018212100   -0.0070771200   -0.0000168300
  -0.0010296600   -0.0050489300    0.0000359400
  -0.0020400300   -0.0038674800   -0.0000167500
  -0.0025405400    0.0033529200   -0.0000198300
  -0.0001456600    0.0042938800    0.0000401500
   0.0003053700    0.0026556500   -0.0000114100
   0.0018895600    0.0010747900   -0.0000069100
   0.0012894800    0.0002079800   -0.0000055900
   0.0014924300   -0.0010754900   -0.0000066600
   0.0009823400   -0.0036166800   -0.0000181100
   0.0000216700   -0.0034710600   -0.0000111900
  -0.0007013400   -0.0026674000   -0.0000178400
  -0.0010035800   -0.0003234600   -0.0000178100
  -0.0004250100    0.0012671500   -0.0000168200
   0.0002463800    0.0007819800   -0.0000067900
   0.0006307300    0.0004345200   -0.0000067600
   0.0006183400   -0.0008273600   -0.0000064400
   0.0004506900   -0.0025463400   -0.0000064000
   0.0000181800   -0.0022991700   -0.0000115000
   0.0004100900   -0.0021057500   -0.0000065600
  -0.0000585800   -0.0009801400   -0.0000066500
   0.0004320900    0.0004106300   -0.0000067600
   0.0010943800    0.0020517600   -0.0000089600
  -0.0007019200    0.0022538300   -0.0000110500
  -0.0006423500    0.0009698800   -0.0000176600
  -0.0002900600   -0.0001313800   -0.0000172600
  -0.0004655400   -0.0014263400   -0.0000183600
  -0.0004826000   -0.0025407800    0.0000384900
   0.0004047800   -0.0023418400   -0.0000183700
   0.0013210400   -0.0011492100   -0.0000067200
   0.0012373500    0.0004140600   -0.0000055500
   0.0012350900    0.0016278500   -0.0000055600
   0.0010109400    0.0029176400   -0.0000181200
  -0.0007639800    0.0026981700    0.0000424100
  -0.0020650200    0.0012754200   -0.0000197000
  -0.0020653900   -0.0005518500   -0.0000190800
  -0.0065016100   -0.0039301100   -0.0011618200
   0.0021481200   -0.0032829700   -0.0000194500
   0.0029845700   -0.0015445100   -0.0000174900
   0.0028643000   -0.0006195500   -0.0000067200
   0.0025488200    0.0009396000   -0.0000067800
   0.0027653000    0.0020354500   -0.0000174100
   0.0024506400    0.0031936600   -0.0000178000
  -0.0061185400    0.0049200200   -0.0011989300
  -0.0040419100    0.0003560800    0.0002179800
  -0.0299742500   -0.0536736500   -0.0000309300
   0.0107991600   -0.0088564300    0.0002116400
   0.0070137900   -0.0044191800   -0.0000194600
   0.0044244800   -0.0012137800   -0.0000185300
   0.0040860500    0.0004635700   -0.0000064500
   0.0037604500    0.0015761900   -0.0000179800
   0.0063008900    0.0048008900   -0.0000169900
   0.0118702300    0.0089991100    0.0002072200
  -0.0284979600    0.0542419900    0.0012745400
   0.4772625200    0.1695596300    0.0888425500
  -0.0216242100   -0.0067127200   -0.0052489000
  -0.0081731300    0.0001034500    0.0003555300
  -0.0054146500   -0.0005271500    0.0000049300
  -0.0035286000    0.0003288000    0.0000078800
  -0.0048635800   -0.0001554800    0.0000044900
  -0.0078009200   -0.0005394200    0.0003632700
  -0.0214322100    0.0066713400   -0.0055029200
   0.4180828800   -0.1300938300    0.0986380200
   0.0523262100    0.0008541000    0.0039798600
  -0.0111921400   -0.0284731300   -0.0050889000
  -0.0090668300   -0.0062760600    0.0004478200
  -0.0056644700   -0.0017498100   -0.0000178100
  -0.0036593800   -0.0000124400    0.0000121800
  -0.0039573100    0.0009297900    0.0000121600
  -0.0056445500    0.0021620800   -0.0000216900
  -0.0079368300    0.0065489100    0.0004815800
  -0.0107699400    0.0290565500   -0.0053707300
   0.0077403700    0.0048841100    0.0001055100
   0.0081201100   -0.0048072000    0.0001065800
  -0.0015280700   -0.0074613600    0.0003317800
  -0.0028119800   -0.0035577500   -0.0000139400
  -0.0027537600   -0.0016268100    0.0000142600
  -0.0022445000   -0.0002863700    0.0000052400
  -0.0034741900    0.0012904300    0.0000147800
  -0.0031140800    0.0038010400   -0.0000211900
  -0.0003942200    0.0073831900    0.0003535600
   0.0020684800    0.0028455000    0.0000095800
   0.0031460100    0.0004306800    0.0000274100
   0.0017639100   -0.0022252100    0.0000120800
  -0.0005288300   -0.0002733000   -0.0000002800
  -0.0014102800   -0.0013818400    0.0000107900
  -0.0011660800   -0.0004656300    0.0000057500
  -0.0018999000    0.0004203300    0.0000051600
  -0.0014979800    0.0015564600    0.0000120700
  -0.0005318300    0.0027877600    0.0000049500
   0.0000599500    0.0030067200    0.0000118600
   0.0014355600    0.0014657100    0.0000123500
   0.0008362700   -0.0003134300    0.0000123600
  -0.0011184700   -0.0015040700    0.0000134800
   0.0012115600   -0.0014324900    0.0000132500
  -0.0004273900   -0.0007707300    0.0000124600
  -0.0009558700    0.0004545900    0.0000140700
  -0.0003445900    0.0021578100    0.0000122100
  -0.0004565300    0.0025528000    0.0000079200
  -0.0006576000    0.0014919900    0.0000120100
  -0.0000019600    0.0013039600    0.0000074700
  -0.0000813200    0.0000047300    0.0000066200
  -0.0004560100   -0.0014544600    0.0000083700
  -0.0002462900   -0.0025318400    0.0000117600
   0.0004161500   -0.0022662200    0.0000028900
   0.0004266400   -0.0008755800   -0.0000176100
   0.0003187200    0.0007701900   -0.0000194600
   0.0005238800    0.0012822700    0.0000047600
  -0.0003139700    0.0029128500    0.0000091500
  -0.0015144100    0.0022591300    0.0000126500
  -0.0011976500    0.0004364100    0.0000067100
  -0.0013490800   -0.0012857700    0.0000064900
  -0.0014171300   -0.0018408200    0.0000126000
  -0.0002536000   -0.0031874300    0.0000093100
   0.0023547000   -0.0029726700    0.0003504500
   0.0020800200   -0.0003428400    0.0004655400
   0.0026064300    0.0022850200    0.0003586300
  -0.0006606100    0.0087542700    0.0000987700
  -0.0023016300    0.0038766100    0.0000282400
  -0.0023783800    0.0019183200    0.0000126800
  -0.0033014000   -0.0004426700    0.0000073800
  -0.0021302700   -0.0017014000    0.0000125200
  -0.0027609900   -0.0033718100    0.0000266500
  -0.0010319900   -0.0090753500    0.0001070300
   0.0151777600    0.0014732900   -0.0053411000
   0.0143249600   -0.0021594300   -0.0053445100
  -0.0050242400    0.0330369500    0.0041510200
  -0.0079530100    0.0055844600    0.0000984400
  -0.0042227100    0.0016897200    0.0000092000
  -0.0040701800    0.0001443600    0.0000120700
  -0.0030987100   -0.0003059600    0.0000118600
  -0.0043957200   -0.0022845500    0.0000084800
  -0.0083284700   -0.0063575700    0.0001068600
  -0.0056048600   -0.0329739300    0.0039948300
   0.1887567900    0.0046535000    0.0942106200

1    
 -0.0234443241590582  -0.0000000000000033  -0.0187180037590817
   1.2058668600   -0.0365696100    0.2642042400
  -0.1014491800    0.0217904200   -0.0016249000
  -0.0126640600    0.0063643200    0.0012221600
  -0.0054394700    0.0018372300   -0.0000427000
  -0.0033355200    0.0007615300    0.0000114200
  -0.0035701000   -0.0001665100    0.0000116300
  -0.0054173100   -0.0010570100   -0.0000366800
  -0.0129429100   -0.0058018800    0.0011473400
  -0.1042513400   -0.0215689200    0.0001547300
   0.0288981000    0.0966200700   -0.0003171200
   0.0282423600   -0.0965400600   -0.0008011500
  -0.0120309100   -0.0092238200   -0.0002457000
  -0.0061586700   -0.0012425200    0.0000163800
  -0.0038265000   -0.0003724100    0.0000192000
  -0.0036197300   -0.0002922000    0.0000064400
  -0.0034101700   -0.0000198500    0.0000184200
  -0.0063831800    0.0007743900    0.0000196600
  -0.0119815300    0.0088219400   -0.0001867900
   0.0056467500    0.0166763600    0.0011296700
   0.0040390900    0.0007864300   -0.0002050500
   0.0058562300   -0.0169705700    0.0011965100
  -0.0022480700   -0.0063331300    0.0000195600
  -0.0026134300   -0.0022841000    0.0000190000
  -0.0027765200   -0.0004695800    0.0000063100
  -0.0023049600    0.0003273000    0.0000067700
  -0.0024812100    0.0015929700    0.0000176500
  -0.0025615400    0.0061404100    0.0000187800
   0.0006214300    0.0055818300   -0.0000331400
   0.0021751700    0.0044308500    0.0000166200
   0.0015422400   -0.0038578200    0.0000197600
  -0.0002840200   -0.0040553200   -0.0000429800
   0.0001197400   -0.0023227900    0.0000110400
  -0.0006336400   -0.0016679700    0.0000068600
  -0.0015004400    0.0002109700    0.0000056300
  -0.0012680100    0.0016771400    0.0000068300
  -0.0008874700    0.0028641700    0.0000182600
  -0.0001972500    0.0017569000    0.0000112400
   0.0001727900    0.0023113500    0.0000179800
   0.0004642500    0.0004207500    0.0000179100
   0.0004338900   -0.0019066200    0.0000166700
  -0.0003338300   -0.0013737100    0.0000067400
  -0.0000565600   -0.0004656500    0.0000067900
  -0.0000986900    0.0004462500    0.0000064900
  -0.0003308600    0.0009708200    0.0000065300
  -0.0001709600    0.0014139100    0.0000113200
  -0.0003782600    0.0014654700    0.0000065600
  -0.0007634500    0.0008295600    0.0000067100
  -0.0000405000   -0.0006308300    0.0000068200
  -0.0005440900   -0.0019222400    0.0000091900
   0.0002581600   -0.0021461100    0.0000111600
   0.0001013700   -0.0011313500    0.0000177200
   0.0012092200   -0.0000677300    0.0000172700
   0.0004962600    0.0008646600    0.0000183500
   0.0012626800    0.0017466000   -0.0000390800
  -0.0014182900    0.0015973700    0.0000182500
  -0.0013835200    0.0013309800    0.0000066300
  -0.0014730000    0.0005667500    0.0000055700
  -0.0016424900   -0.0010451500    0.0000056600
  -0.0008691200   -0.0014670800    0.0000183000
   0.0011619700   -0.0021227500   -0.0000416900
   0.0022388900   -0.0001660300    0.0000204700
   0.0022831200    0.0007985400    0.0000182700
   0.0059557200    0.0049816500    0.0011865500
  -0.0022216300    0.0031732600    0.0000167500
  -0.0027146200    0.0027087100    0.0000175000
  -0.0022455700    0.0007911600    0.0000066400
  -0.0025805800   -0.0004880600    0.0000069600
  -0.0029852800   -0.0024659500    0.0000174700
  -0.0021236400   -0.0037339500    0.0000205500
   0.0063824000   -0.0044357300    0.0011730100
   0.0034198800    0.0002255600   -0.0002177000
   0.0274928300    0.0537912700   -0.0012595400
  -0.0119387700    0.0085149900   -0.0001954900
  -0.0057538100    0.0041336800    0.0000166400
  -0.0036722900    0.0017760700    0.0000183300
  -0.0027751400    0.0004565000    0.0000065100
  -0.0042795500   -0.0014697800    0.0000182900
  -0.0063975000   -0.0039178800    0.0000196000
  -0.0112416200   -0.0089735700   -0.0002235600
   0.0287693900   -0.0536990400    0.0000221400
  -0.4241167100   -0.1347986200   -0.0984649300
   0.0221734800    0.0071223500    0.0054678800
   0.0077086900    0.0004184300   -0.0003659800
   0.0038479500   -0.0005761700   -0.0000043600
   0.0041672400    0.0003500800   -0.0000077200
   0.0043237700   -0.0000438400   -0.0000049400
   0.0078798300   -0.0007742800   -0.0003533400
   0.0216670500   -0.0069697200    0.0052898000
  -0.4697598700    0.1660843700   -0.0892185400
  -0.0523351700   -0.0006733200   -0.0039789800
   0.0122786900    0.0289633200    0.0052695900
   0.0088910000    0.0063624700   -0.0004572100
   0.0044547900    0.0020701700    0.0000197100
   0.0037519200    0.0008582500   -0.0000120400
   0.0034379000    0.0000923400   -0.0000121500
   0.0044642300   -0.0014946800    0.0000197600
   0.0093209500   -0.0059435600   -0.0004714900
   0.0112247800   -0.0277792600    0.0051903800
  -0.0085172800   -0.0054221600   -0.0001086400
  -0.0084834400    0.0040967900   -0.0001039100
   0.0016076800    0.0070991100   -0.0003440500
   0.0027233100    0.0032547500    0.0000156200
   0.0029700200    0.0010733900   -0.0000142400
   0.0030752100   -0.0002951300   -0.0000051800
   0.0023016200   -0.0014862000   -0.0000146900
   0.0031638500   -0.0032923200    0.0000193000
   0.0015795400   -0.0076624700   -0.0003404500
  -0.0011571400   -0.0033032500   -0.0000099500
  -0.0039054200   -0.0003030500   -0.0000274100
  -0.0010653900    0.0025425700   -0.0000116800
   0.0005872600    0.0001694800    0.0000013800
   0.0008561200    0.0017306500   -0.0000107500
   0.0017405600    0.0006194300   -0.0000055600
   0.0011617400   -0.0008940900   -0.0000051400
   0.0013673300   -0.0023058300   -0.0000120200
   0.0006295300   -0.0036133300   -0.0000057200
  -0.0001877400   -0.0010346800   -0.0000117800
  -0.0004725400   -0.0007076200   -0.0000122900
  -0.0011815300    0.0005174800   -0.0000122700
   0.0009910000    0.0015061500   -0.0000135600
  -0.0010058400    0.0014092900   -0.0000132400
   0.0006597200    0.0009445300   -0.0000124900
  -0.0000089300    0.0003224100   -0.0000139800
   0.0006544400   -0.0002187900   -0.0000120400
   0.0003652100   -0.0014010800   -0.0000077300
   0.0000118400   -0.0025053500   -0.0000118300
   0.0006273100   -0.0012804100   -0.0000073300
   0.0002316200   -0.0002249900   -0.0000065700
   0.0000745200    0.0014946500   -0.0000083300
   0.0003257800    0.0018030600   -0.0000117900
  -0.0000558800    0.0022004800   -0.0000025200
  -0.0006768700    0.0006370500    0.0000176200
  -0.0008483500   -0.0007489200    0.0000195300
   0.0001503100   -0.0024306700   -0.0000051700
   0.0004473600   -0.0035302700   -0.0000079900
   0.0008639100   -0.0017700800   -0.0000124600
   0.0013659300   -0.0009496400   -0.0000065900
   0.0011337800    0.0001562000   -0.0000064900
   0.0009473700    0.0024688900   -0.0000125900
   0.0005757000    0.0037358400   -0.0000104500
  -0.0021389900    0.0017098100   -0.0003539300
  -0.0022614900   -0.0002566600   -0.0004654400
  -0.0019546900   -0.0019475000   -0.0003549300
   0.0001991000   -0.0084065200   -0.0001076800
   0.0030018900   -0.0036001600   -0.0000264300
   0.0028219100   -0.0009114200   -0.0000124800
   0.0015052800   -0.0004246800   -0.0000073100
   0.0030191300    0.0012172500   -0.0000125700
   0.0026041000    0.0043290500   -0.0000284000
   0.0000593500    0.0086653400   -0.0000980600
  -0.0136577200   -0.0029035700    0.0053082500
  -0.0145452700    0.0026015300    0.0053745800
   0.0044002600   -0.0327827700   -0.0039928900
   0.0079731700   -0.0062287200   -0.0001047800
   0.0054077200   -0.0018020500   -0.0000076000
   0.0029927300   -0.0007135700   -0.0000118200
   0.0039228200    0.0005969400   -0.0000119100
   0.0051196700    0.0012850400   -0.0000099800
   0.0075337300    0.0055003700   -0.0001008500
   0.0042618000    0.0335689800   -0.0041574000
  -0.1877082400    0.0049472900   -0.0942115100

1    
 -0.0149999999993716   0.0259807621138959   0.0000000000000000
   0.8258947100   -1.2973313400    0.0000000000
  -0.0421031100   -0.0640471500    0.0000000000
  -0.0010646000   -0.0096115300    0.0000000000
  -0.0016159700   -0.0020956300    0.0000000000
  -0.0014931800   -0.0006864300    0.0000000000
  -0.0025827600   -0.0012862300    0.0000000000
  -0.0051901900   -0.0037005800    0.0000000000
  -0.0154217000   -0.0170865800    0.0000000000
  -0.0900582600   -0.0932567500    0.0000000000
  -0.0421580100    0.1283226100    0.0000000000
   0.0787577300    0.0013496200    0.0000000000
   0.0017615700   -0.0043894900    0.0000000000
   0.0008573000   -0.0032014300    0.0000000000
  -0.0007511500   -0.0014923100    0.0000000000
  -0.0023544900   -0.0009610900    0.0000000000
  -0.0035526500   -0.0011594400    0.0000000000
  -0.0087460700   -0.0017279200    0.0000000000
  -0.0174505900    0.0072934100    0.0000000000
  -0.0012205100    0.0176293700    0.0000000000
   0.0030478300    0.0185416400    0.0000000000
   0.0093451500   -0.0043061700    0.0000000000
   0.0019479400   -0.0016701400    0.0000000000
   0.0005239300   -0.0011662300    0.0000000000
  -0.0010666800    0.0000162300    0.0000000000
  -0.0020840200    0.0005143100    0.0000000000
  -0.0037106100    0.0014029800    0.0000000000
  -0.0051962600    0.0061111800    0.0000000000
  -0.0018395100    0.0075088500    0.0000000000
   0.0009658700    0.0098995200    0.0000000000
   0.0019658800    0.0044624300    0.0000000000
   0.0032740600    0.0002896100    0.0000000000
   0.0015022000    0.0000691700    0.0000000000
   0.0011170600    0.0003687500    0.0000000000
  -0.0009835100    0.0017744700    0.0000000000
  -0.0020463600    0.0028917400    0.0000000000
  -0.0026076000    0.0040182600    0.0000000000
  -0.0021047300    0.0037402600    0.0000000000
  -0.0010935200    0.0051210800    0.0000000000
   0.0004009400    0.0046599500    0.0000000000
   0.0016143100    0.0024989800    0.0000000000
   0.0013512000    0.0004409000    0.0000000000
   0.0009324400    0.0022306400    0.0000000000
  -0.0008115600    0.0029926000    0.0000000000
  -0.0020813400    0.0030262400    0.0000000000
  -0.0029910200    0.0036735200    0.0000000000
  -0.0021319600    0.0033892100    0.0000000000
  -0.0013037500    0.0030549300    0.0000000000
   0.0005095100    0.0019161300    0.0000000000
   0.0015134200    0.0014235200    0.0000000000
   0.0015144800    0.0019803500    0.0000000000
   0.0027115400    0.0029685400    0.0000000000
   0.0009539800    0.0044380200    0.0000000000
  -0.0023611100    0.0042994200    0.0000000000
  -0.0049464500    0.0048010900    0.0000000000
  -0.0046824800    0.0031003900    0.0000000000
  -0.0024572600    0.0024303400    0.0000000000
  -0.0011287900    0.0019648500    0.0000000000
   0.0002092800    0.0011380300    0.0000000000
   0.0028395000    0.0018015600    0.0000000000
   0.0063634900    0.0028333700    0.0000000000
   0.0059352200    0.0072422800    0.0000000000
  -0.0029900700    0.0077019500    0.0000000000
  -0.0150310200    0.0103090800    0.0000000000
  -0.0087607300    0.0042483600    0.0000000000
  -0.0040602400    0.0023983500    0.0000000000
  -0.0019586000    0.0008281400    0.0000000000
  -0.0012470400    0.0001201000    0.0000000000
   0.0001638700   -0.0010681100    0.0000000000
   0.0057308000   -0.0002024100    0.0000000000
   0.0228642100    0.0041913400    0.0000000000
   0.0019973000    0.0184345100    0.0000000000
  -0.0881562800    0.0971456200    0.0000000000
  -0.0176775300    0.0069593000    0.0000000000
  -0.0044624600    0.0003208600    0.0000000000
  -0.0024443500    0.0000804300    0.0000000000
  -0.0016070100   -0.0002055800    0.0000000000
  -0.0027429300   -0.0019861900    0.0000000000
  -0.0033165600   -0.0045702100    0.0000000000
   0.0021707200   -0.0044493000    0.0000000000
   0.1245230500    0.0300457000    0.0000000000
  -0.1241144800    0.2052590300    0.0000000000
  -0.0111450200    0.0145978700    0.0000000000
   0.0008048300    0.0040808700    0.0000000000
   0.0012215500    0.0008296400    0.0000000000
   0.0028109600    0.0011300400    0.0000000000
   0.0036948600    0.0012666600    0.0000000000
   0.0091607300    0.0029433900    0.0000000000
   0.0394155000    0.0053818100    0.0000000000
  -0.4989696200    0.4209448100    0.0000000000
  -0.0340996200   -0.0260215600    0.0000000000
  -0.0059568600    0.0178137900    0.0000000000
  -0.0012562200    0.0025038200    0.0000000000
  -0.0000386800    0.0013336600    0.0000000000
   0.0017080300    0.0006427400    0.0000000000
   0.0028182300    0.0001301100    0.0000000000
   0.0053726700   -0.0009509600    0.0000000000
   0.0130659900   -0.0053734000    0.0000000000
   0.0208530800   -0.0184728100    0.0000000000
  -0.0021143500   -0.0125963200    0.0000000000
  -0.0098045600   -0.0066368500    0.0000000000
  -0.0041610600    0.0008514300    0.0000000000
  -0.0009982800    0.0001263800    0.0000000000
   0.0004370400   -0.0006653000    0.0000000000
   0.0021057700   -0.0015864800    0.0000000000
   0.0027631200   -0.0024287400    0.0000000000
   0.0051633100   -0.0041716600    0.0000000000
   0.0054709700   -0.0086480800    0.0000000000
   0.0013672200   -0.0064928400    0.0000000000
  -0.0030167400   -0.0052802900    0.0000000000
  -0.0031841300   -0.0025015900    0.0000000000
  -0.0026044400    0.0003400700    0.0000000000
  -0.0011700300   -0.0008291000    0.0000000000
   0.0005747700   -0.0019729400    0.0000000000
   0.0012940100   -0.0031736300    0.0000000000
   0.0026770500   -0.0041636700    0.0000000000
   0.0027944000   -0.0054590000    0.0000000000
   0.0016005300   -0.0031008900    0.0000000000
   0.0004527400   -0.0032974700    0.0000000000
  -0.0018634700   -0.0025847300    0.0000000000
  -0.0012097900   -0.0025135900    0.0000000000
   0.0004628500   -0.0004604200    0.0000000000
  -0.0011505000   -0.0023383300    0.0000000000
  -0.0002487500   -0.0036364500    0.0000000000
   0.0019669500   -0.0033594400    0.0000000000
   0.0023156400   -0.0036236200    0.0000000000
   0.0023476500   -0.0040882600    0.0000000000
   0.0018405400   -0.0025968900    0.0000000000
   0.0002483300   -0.0018737500    0.0000000000
  -0.0010556900   -0.0009411000    0.0000000000
  -0.0018244400   -0.0014816700    0.0000000000
  -0.0025954300   -0.0029426100    0.0000000000
  -0.0020012400   -0.0058801200    0.0000000000
   0.0008908200   -0.0067372200    0.0000000000
   0.0032475000   -0.0056088600    0.0000000000
   0.0049767200   -0.0044980100    0.0000000000
   0.0028835100   -0.0017371700    0.0000000000
   0.0017179700   -0.0012555900    0.0000000000
   0.0001761000   -0.0007352600    0.0000000000
  -0.0016179800    0.0008155400    0.0000000000
  -0.0040488300    0.0002525800    0.0000000000
  -0.0075448800   -0.0066603900    0.0000000000
  -0.0014429700   -0.0138637200    0.0000000000
   0.0050865600   -0.0085434000    0.0000000000
   0.0111933600   -0.0049768300    0.0000000000
   0.0061709900   -0.0004898100    0.0000000000
   0.0032414500    0.0004320200    0.0000000000
   0.0007604900   -0.0000001600    0.0000000000
   0.0009919500    0.0014216500    0.0000000000
  -0.0021908400    0.0046250300    0.0000000000
  -0.0110530100    0.0060518000    0.0000000000
  -0.0237511500   -0.0314740500    0.0000000000
   0.0060261300   -0.0275145600    0.0000000000
   0.0389620700    0.0149499000    0.0000000000
   0.0098948200    0.0045340300    0.0000000000
   0.0044695600    0.0015307100    0.0000000000
   0.0019303200    0.0005911900    0.0000000000
   0.0025964600    0.0015416500    0.0000000000
   0.0027574000    0.0032449200    0.0000000000
   0.0001379600    0.0119460000    0.0000000000
  -0.0329044900    0.0587136100    0.0000000000
  -0.1231977800    0.5346570800    0.0000000000

1    
  0.0149999999993716  -0.0259807621138959   0.0000000000000000
  -0.7120194600    1.3648906800    0.0000000000
   0.0407706500    0.0668858500    0.0000000000
   0.0009372800    0.0098054900    0.0000000000
   0.0020885500    0.0025563700    0.0000000000
   0.0027620600    0.0014547900    0.0000000000
   0.0033575400    0.0017872300    0.0000000000
   0.0056159100    0.0049775800    0.0000000000
   0.0146088100    0.0184678600    0.0000000000
   0.0882108300    0.0938569800    0.0000000000
   0.0396675100   -0.1243073500    0.0000000000
  -0.0775290200   -0.0034346300    0.0000000000
  -0.0028067000    0.0035236600    0.0000000000
  -0.0003289100    0.0024440500    0.0000000000
   0.0011661900    0.0010607500    0.0000000000
   0.0020158600    0.0004062300    0.0000000000
   0.0048264200    0.0008591200    0.0000000000
   0.0086599400    0.0016219100    0.0000000000
   0.0160151900   -0.0073228100    0.0000000000
   0.0003933900   -0.0177286800    0.0000000000
  -0.0025266300   -0.0184400700    0.0000000000
  -0.0093443400    0.0035363100    0.0000000000
  -0.0021367600    0.0021531400    0.0000000000
  -0.0003750200    0.0006417700    0.0000000000
   0.0006576100    0.0000332900    0.0000000000
   0.0026635800   -0.0008443800    0.0000000000
   0.0044968400   -0.0024108800    0.0000000000
   0.0044709800   -0.0069752800    0.0000000000
   0.0014832900   -0.0069470200    0.0000000000
  -0.0007760100   -0.0093888300    0.0000000000
  -0.0029604300   -0.0051500100    0.0000000000
  -0.0037684300   -0.0001711100    0.0000000000
  -0.0010970400    0.0001862800    0.0000000000
   0.0000924800   -0.0010202000    0.0000000000
   0.0007470700   -0.0013888400    0.0000000000
   0.0022696000   -0.0023012400    0.0000000000
   0.0027227600   -0.0047570900    0.0000000000
   0.0019648300   -0.0054631700    0.0000000000
   0.0005955800   -0.0055011400    0.0000000000
  -0.0009304500   -0.0046393200    0.0000000000
  -0.0016251600   -0.0032346300    0.0000000000
  -0.0014742700   -0.0010796800    0.0000000000
  -0.0003828200   -0.0023230700    0.0000000000
   0.0013418600   -0.0034210800    0.0000000000
   0.0022318300   -0.0046244000    0.0000000000
   0.0028942200   -0.0045849900    0.0000000000
   0.0021951800   -0.0040471200    0.0000000000
   0.0004890500   -0.0032385400    0.0000000000
  -0.0001312500   -0.0021898900    0.0000000000
  -0.0010108000   -0.0013759700    0.0000000000
  -0.0019784000   -0.0019762600    0.0000000000
  -0.0033043200   -0.0032244000    0.0000000000
  -0.0000242300   -0.0047357800    0.0000000000
   0.0024586100   -0.0049222200    0.0000000000
   0.0058606300   -0.0056405400    0.0000000000
   0.0037263400   -0.0038549500    0.0000000000
   0.0024035600   -0.0022573200    0.0000000000
   0.0008724700   -0.0010106400    0.0000000000
  -0.0006701100   -0.0006122000    0.0000000000
  -0.0027820400   -0.0004396800    0.0000000000
  -0.0060556900   -0.0023820400    0.0000000000
  -0.0058392800   -0.0063070000    0.0000000000
   0.0033581800   -0.0076091400    0.0000000000
   0.0149894600   -0.0093856300    0.0000000000
   0.0088058600   -0.0043506300    0.0000000000
   0.0043339200   -0.0012081100    0.0000000000
   0.0025482700   -0.0006509200    0.0000000000
   0.0011611100    0.0003109600    0.0000000000
  -0.0004859400    0.0005820800    0.0000000000
  -0.0055987400   -0.0004600400    0.0000000000
  -0.0229032900   -0.0039448400    0.0000000000
  -0.0025295900   -0.0183199100    0.0000000000
   0.0898694300   -0.1013594100    0.0000000000
   0.0165950800   -0.0073063500    0.0000000000
   0.0056506600   -0.0005028000    0.0000000000
   0.0031391500    0.0005272300    0.0000000000
   0.0028620700    0.0011384500    0.0000000000
   0.0021489300    0.0020874400    0.0000000000
   0.0030688400    0.0054149700    0.0000000000
  -0.0019802700    0.0042280400    0.0000000000
  -0.1262617200   -0.0301764500    0.0000000000
   0.1171322400   -0.2114954600    0.0000000000
   0.0123517500   -0.0141051700    0.0000000000
  -0.0010875800   -0.0036370100    0.0000000000
  -0.0026967300   -0.0019644300    0.0000000000
  -0.0021073900   -0.0004672000    0.0000000000
  -0.0041728200   -0.0014910200    0.0000000000
  -0.0090109800   -0.0043198600    0.0000000000
  -0.0389199700   -0.0058384400    0.0000000000
   0.4002126500   -0.3740032500    0.0000000000
   0.0332371500    0.0272365900    0.0000000000
   0.0075499600   -0.0168065900    0.0000000000
   0.0014212200   -0.0022472500    0.0000000000
  -0.0010229300   -0.0009772600    0.0000000000
  -0.0015366800    0.0002115300    0.0000000000
  -0.0032863800    0.0008885000    0.0000000000
  -0.0065147300    0.0015917100    0.0000000000
  -0.0116379900    0.0058994500    0.0000000000
  -0.0204307100    0.0196409100    0.0000000000
   0.0011646200    0.0121058800    0.0000000000
   0.0093454500    0.0061136200    0.0000000000
   0.0043340000   -0.0010333300    0.0000000000
   0.0010131600   -0.0003256100    0.0000000000
  -0.0001382800    0.0001636500    0.0000000000
  -0.0012261800    0.0010331200    0.0000000000
  -0.0039112400    0.0022390900    0.0000000000
  -0.0051086000    0.0046583100    0.0000000000
  -0.0043313000    0.0083102000    0.0000000000
  -0.0005186300    0.0060552300    0.0000000000
   0.0022051700    0.0054977200    0.0000000000
   0.0039045900    0.0029287500    0.0000000000
   0.0027213500   -0.0004430900    0.0000000000
   0.0006644500    0.0012462300    0.0000000000
   0.0000388700    0.0021875500    0.0000000000
  -0.0020165400    0.0027419000    0.0000000000
  -0.0028143800    0.0034319100    0.0000000000
  -0.0027271900    0.0046341300    0.0000000000
  -0.0017634100    0.0050906300    0.0000000000
   0.0004827300    0.0040938500    0.0000000000
   0.0015225100    0.0028522600    0.0000000000
   0.0011345600    0.0026051000    0.0000000000
  -0.0002952000    0.0004899800    0.0000000000
   0.0014251300    0.0025890000    0.0000000000
  -0.0007049100    0.0044984800    0.0000000000
  -0.0016771000    0.0053528600    0.0000000000
  -0.0024394800    0.0047994700    0.0000000000
  -0.0030361800    0.0030868200    0.0000000000
  -0.0012354800    0.0026335400    0.0000000000
  -0.0000957600    0.0016852000    0.0000000000
   0.0007007600    0.0010445200    0.0000000000
   0.0019489900    0.0008408100    0.0000000000
   0.0030054400    0.0030012000    0.0000000000
   0.0017760400    0.0057906400    0.0000000000
  -0.0014626000    0.0068863600    0.0000000000
  -0.0026366500    0.0045073900    0.0000000000
  -0.0049313600    0.0038730000    0.0000000000
  -0.0035627600    0.0022078200    0.0000000000
  -0.0015434400    0.0007426400    0.0000000000
  -0.0003573300   -0.0003678000    0.0000000000
   0.0012146100   -0.0001281700    0.0000000000
   0.0044665400    0.0004070700    0.0000000000
   0.0078553300    0.0055823900    0.0000000000
   0.0012265200    0.0136097800    0.0000000000
  -0.0045904700    0.0089895700    0.0000000000
  -0.0118695900    0.0052071000    0.0000000000
  -0.0055128300    0.0006754700    0.0000000000
  -0.0027832500    0.0005368800    0.0000000000
  -0.0025169300   -0.0008744100    0.0000000000
  -0.0000307900   -0.0018937700    0.0000000000
   0.0021721200   -0.0036240600    0.0000000000
   0.0103135200   -0.0062963400    0.0000000000
   0.0254375100    0.0307905000    0.0000000000
  -0.0064961400    0.0285159000    0.0000000000
  -0.0402794600   -0.0159049000    0.0000000000
  -0.0099004400   -0.0054405400    0.0000000000
  -0.0032332900   -0.0017243200    0.0000000000
  -0.0029550500   -0.0011903800    0.0000000000
  -0.0017092100   -0.0012654400    0.0000000000
  -0.0019296800   -0.0042679800    0.0000000000
  -0.0006685100   -0.0128652100    0.0000000000
   0.0333069400   -0.0577065100    0.0000000000
   0.1155202900   -0.6435872400    0.0000000000

2    
  0.0234443241590582   0.0000000000000033   0.0187180037590817
   0.1003639500    0.0223642200    0.0016199000
  -1.2117398000   -0.0438891800   -0.2639267100
   0.1050703100   -0.0218076600    0.0000324800
   0.0132210400   -0.0063614300   -0.0011654300
   0.0064140800   -0.0012811300    0.0000390300
   0.0044268000   -0.0001322700   -0.0000116100
   0.0042407900    0.0010400600   -0.0000113000
   0.0053739700    0.0023106800    0.0000412000
   0.0123369600    0.0066657900   -0.0012136600
   0.0112518700   -0.0094939300    0.0002146900
  -0.0298599500   -0.0965039400    0.0005972700
  -0.0287022100    0.0964154400    0.0002963200
   0.0119881200    0.0086159400    0.0001948100
   0.0067033000    0.0006444100   -0.0000181600
   0.0039410600   -0.0001021000   -0.0000185800
   0.0041134700   -0.0001376600   -0.0000064100
   0.0040309300   -0.0002244400   -0.0000184000
   0.0056467500   -0.0010233200   -0.0000163000
   0.0015946100   -0.0068351900   -0.0000158000
  -0.0060651200   -0.0166073600   -0.0011449600
  -0.0040882600   -0.0008185700    0.0002006200
  -0.0061897100    0.0168838700   -0.0011313800
   0.0019239200    0.0063476700   -0.0000178000
   0.0025961800    0.0022387600   -0.0000179500
   0.0028521100    0.0003765200   -0.0000065900
   0.0029561700   -0.0010058500   -0.0000065900
   0.0024244800   -0.0026312700   -0.0000174300
   0.0006411100   -0.0029706800   -0.0000179400
  -0.0008758500   -0.0050309600    0.0000321800
  -0.0027127300   -0.0043371100   -0.0000150300
  -0.0019462700    0.0030066000   -0.0000240200
  -0.0016072600    0.0042160400    0.0000260500
   0.0012245100    0.0029917800   -0.0000179500
   0.0011155500    0.0016394700   -0.0000067000
   0.0014527100    0.0003220800   -0.0000056600
   0.0013554600   -0.0017516900   -0.0000066000
   0.0002332600   -0.0025998800   -0.0000064900
  -0.0002376400   -0.0027877800   -0.0000108900
  -0.0007937300   -0.0025274000   -0.0000172500
  -0.0007135400   -0.0012333200   -0.0000170800
  -0.0000138600    0.0017454900   -0.0000087200
   0.0005590100    0.0016026900   -0.0000061800
   0.0005379100    0.0003875300   -0.0000067000
   0.0003516100   -0.0013897500   -0.0000066300
  -0.0006230300   -0.0015710900   -0.0000182500
   0.0000472100   -0.0021561600   -0.0000113500
  -0.0000774900   -0.0018237200   -0.0000065100
   0.0004673800   -0.0009569200   -0.0000064300
   0.0010446100    0.0009420800   -0.0000069500
  -0.0002474800    0.0019916400   -0.0000062500
  -0.0001131800    0.0015754200   -0.0000108400
  -0.0000529100    0.0009675500   -0.0000179500
  -0.0008048800   -0.0002921400   -0.0000173500
  -0.0018588800   -0.0010554300   -0.0000188600
  -0.0014496800   -0.0025096000    0.0000378400
   0.0008380600   -0.0018596700   -0.0000182200
   0.0012023200   -0.0007086000   -0.0000067300
   0.0012475600    0.0003611100   -0.0000055400
   0.0014403100    0.0020250900   -0.0000064500
   0.0010250000    0.0023921900   -0.0000182000
  -0.0007671200    0.0026746400    0.0000399200
  -0.0020740800    0.0007993100   -0.0000186100
  -0.0039892600    0.0006805300    0.0002096700
  -0.0064294500   -0.0045519200   -0.0011553400
   0.0022843900   -0.0026494700   -0.0000198700
   0.0031500300   -0.0020263900   -0.0000173800
   0.0025541900   -0.0004299700   -0.0000066000
   0.0024643900    0.0005289500   -0.0000065200
   0.0030240800    0.0019360900   -0.0000172300
   0.0022763300    0.0035857800   -0.0000178100
  -0.0064522500    0.0047368000   -0.0011889400
  -0.0284697700    0.0540730800    0.0012154900
  -0.0302791300   -0.0542687500   -0.0001078900
   0.0120706100   -0.0088662100    0.0002149500
   0.0067953800   -0.0040205000   -0.0000198000
   0.0047141100   -0.0010194600   -0.0000184500
   0.0031839000    0.0000843200   -0.0000064500
   0.0039977800    0.0019797600   -0.0000180100
   0.0067221300    0.0043396000   -0.0000174200
   0.0109397900    0.0093824700    0.0002097200
   0.4215376100   -0.1323236500    0.0986986000
   0.4780482400    0.1714301400    0.0889025500
  -0.0221419800   -0.0068890700   -0.0053210900
  -0.0087318300   -0.0007546900    0.0003599300
  -0.0043219000    0.0003437300    0.0000046800
  -0.0041217100   -0.0001267800    0.0000078700
  -0.0045674800   -0.0007055800    0.0000042600
  -0.0076678100    0.0001172300    0.0003685900
  -0.0222927400    0.0072477600   -0.0055591800
  -0.0107241300    0.0287847300   -0.0052950900
   0.0533839000    0.0005028900    0.0039134300
  -0.0115913700   -0.0279605600   -0.0050129400
  -0.0093489800   -0.0062926100    0.0004660800
  -0.0050459700   -0.0015028400   -0.0000206500
  -0.0039472400    0.0000401600    0.0000123500
  -0.0042716500    0.0007508600    0.0000123100
  -0.0043724700    0.0021840100   -0.0000228800
  -0.0083979700    0.0068081800    0.0004846800
  -0.0011954600    0.0072560700    0.0003437300
   0.0081496500    0.0047465200    0.0001098400
   0.0083022500   -0.0043844700    0.0001026700
  -0.0003805600   -0.0072346300    0.0003126900
  -0.0028828000   -0.0038269900   -0.0000199500
  -0.0023888200   -0.0017207900    0.0000151900
  -0.0031997600   -0.0001173100    0.0000051100
  -0.0028052000    0.0016445400    0.0000149900
  -0.0024303800    0.0033952600   -0.0000215700
  -0.0000169200    0.0029584700    0.0000052000
   0.0013513400    0.0031453200    0.0000108300
   0.0038118600    0.0007943700    0.0000268600
   0.0021159400   -0.0004088500    0.0000316600
  -0.0003317900   -0.0025424300    0.0000082800
  -0.0008802500   -0.0017580700    0.0000116900
  -0.0018009700   -0.0008538800    0.0000052600
  -0.0015400300    0.0002559300    0.0000051500
  -0.0013017200    0.0015023700    0.0000121600
  -0.0003950000    0.0029442100    0.0000080400
   0.0007203300    0.0023958600    0.0000117400
   0.0009307600    0.0013758300    0.0000124000
  -0.0005731500    0.0001077000    0.0000121400
   0.0010222100   -0.0018244000    0.0000092900
  -0.0001767400   -0.0015819100    0.0000085400
  -0.0008870600   -0.0007013600    0.0000122100
  -0.0002321300    0.0009846000    0.0000147600
  -0.0004760900    0.0017431400    0.0000122200
  -0.0000705100    0.0013351300    0.0000048700
   0.0000381200    0.0019895900    0.0000119900
  -0.0001866000    0.0011414700    0.0000073700
  -0.0004058300   -0.0001806500    0.0000067500
  -0.0002295000   -0.0016646500    0.0000072600
  -0.0001125000   -0.0022038800    0.0000119700
   0.0000751800   -0.0019171400    0.0000048600
   0.0003677900   -0.0007255100   -0.0000199900
   0.0009861500    0.0001710500   -0.0000203400
   0.0024382300    0.0017919700    0.0003586300
  -0.0006568400    0.0034723100    0.0000093800
  -0.0010714800    0.0017389200    0.0000126500
  -0.0013755300    0.0000417900    0.0000066800
  -0.0015235700   -0.0004190500    0.0000066300
  -0.0010345400   -0.0018314300    0.0000125900
  -0.0002922200   -0.0039436300    0.0000093100
   0.0021764900   -0.0024459100    0.0003532500
   0.0025414400    0.0001200200    0.0004736100
   0.0144521800   -0.0024552900   -0.0053704500
  -0.0000121300    0.0088006800    0.0000974900
  -0.0024109000    0.0042602800    0.0000284400
  -0.0034927700    0.0009575900    0.0000126800
  -0.0019734800   -0.0002811700    0.0000074500
  -0.0026746100   -0.0009887600    0.0000125300
  -0.0031478000   -0.0040259600    0.0000268600
   0.0004228800   -0.0092057300    0.0001053100
   0.0139642500    0.0024626500   -0.0053916800
   0.1876928900    0.0050060300    0.0942036400
  -0.0043691200    0.0329757100    0.0041791000
  -0.0073997300    0.0059083400    0.0000977000
  -0.0053652800    0.0014517900    0.0000092400
  -0.0031288400    0.0005534800    0.0000120300
  -0.0031690600   -0.0009663100    0.0000119200
  -0.0051937500   -0.0022134200    0.0000081700
  -0.0083998800   -0.0057363800    0.0001051700
  -0.0045902500   -0.0335445200    0.0040312900

2    
 -0.0234443241590582  -0.0000000000000033  -0.0187180037590817
  -0.1052470500   -0.0215576800    0.0000539600
   1.2107982500   -0.0372693800    0.2641187900
  -0.1015436800    0.0217921300   -0.0017176600
  -0.0125148800    0.0066704200    0.0012239400
  -0.0050600100    0.0020033400   -0.0000427300
  -0.0035864700    0.0006135200    0.0000114100
  -0.0037420900    0.0002087100    0.0000115600
  -0.0060011400   -0.0010146500   -0.0000376100
  -0.0130544400   -0.0062509800    0.0011568700
  -0.0110668700    0.0087779400   -0.0001848800
   0.0288577400    0.0966929100   -0.0002193100
   0.0285320900   -0.0964468700   -0.0006883000
  -0.0111873900   -0.0094037500   -0.0002257200
  -0.0061424100   -0.0011246200    0.0000152400
  -0.0042025800   -0.0004741900    0.0000184700
  -0.0027843800   -0.0001815400    0.0000064400
  -0.0040504300    0.0000833400    0.0000185600
  -0.0070200100    0.0008076900    0.0000190400
  -0.0024828900    0.0065134500    0.0000177700
   0.0064606100    0.0166787800    0.0011145900
   0.0039546200    0.0006879300   -0.0002000300
   0.0061700900   -0.0161730800    0.0011639900
  -0.0016738000   -0.0067993100    0.0000159700
  -0.0029252600   -0.0021719400    0.0000177200
  -0.0022236000   -0.0007067600    0.0000064900
  -0.0021420900   -0.0000266800    0.0000067300
  -0.0031589900    0.0016708700    0.0000177000
  -0.0010370200    0.0035013800    0.0000180500
   0.0009877800    0.0055328400   -0.0000295100
   0.0016872500    0.0038224100    0.0000148200
   0.0014972700   -0.0027180300    0.0000243500
   0.0020415500   -0.0038769000   -0.0000285400
   0.0000399600   -0.0035811500    0.0000178600
  -0.0013124000   -0.0012195100    0.0000066100
  -0.0012145900    0.0002797000    0.0000056800
  -0.0012532100    0.0009968500    0.0000067500
  -0.0004076100    0.0008874100    0.0000065800
  -0.0003007400    0.0024209200    0.0000109600
   0.0002371600    0.0026054900    0.0000174100
   0.0007051500    0.0005977900    0.0000170800
  -0.0000720900   -0.0023372300    0.0000086900
   0.0000272800   -0.0016374200    0.0000061300
   0.0000026700   -0.0007680700    0.0000067300
  -0.0002202000   -0.0001810400    0.0000066800
   0.0004701600    0.0007002600    0.0000182200
  -0.0000294100    0.0015203800    0.0000111400
  -0.0007602600    0.0016699400    0.0000065300
  -0.0000920300    0.0007359400    0.0000064500
  -0.0005041500   -0.0008047800    0.0000070300
  -0.0002081200   -0.0018834300    0.0000063100
  -0.0004268500   -0.0017486000    0.0000111000
   0.0010062400   -0.0011757700    0.0000180200
   0.0008697500   -0.0002587100    0.0000173700
   0.0026542200    0.0003134200    0.0000180600
   0.0003966600    0.0017812200   -0.0000384300
  -0.0009246800    0.0020479200    0.0000180800
  -0.0014550300    0.0016898900    0.0000066000
  -0.0016703200    0.0002231600    0.0000055600
  -0.0013207300   -0.0005780600    0.0000066000
  -0.0006636800   -0.0018300700    0.0000184100
   0.0009573500   -0.0016149400   -0.0000393000
   0.0024135300   -0.0005517300    0.0000193600
   0.0037021500    0.0006313700   -0.0002094600
   0.0061623000    0.0044495000    0.0011798700
  -0.0020627900    0.0038321000    0.0000171800
  -0.0025501000    0.0021982300    0.0000173600
  -0.0025978900    0.0008821400    0.0000064800
  -0.0027011400   -0.0009579200    0.0000066900
  -0.0027403400   -0.0024914800    0.0000172800
  -0.0022034600   -0.0031064900    0.0000204800
   0.0060932200   -0.0044134900    0.0011635100
   0.0289928200   -0.0539594400    0.0000792800
   0.0276240200    0.0534949700   -0.0011823900
  -0.0108038700    0.0085979200   -0.0001992200
  -0.0060483000    0.0045647200    0.0000170100
  -0.0034070700    0.0019346500    0.0000182300
  -0.0037065800    0.0000268400    0.0000064900
  -0.0040976000   -0.0010782300    0.0000182900
  -0.0060738200   -0.0043249500    0.0000200600
  -0.0121644300   -0.0083910900   -0.0002256500
  -0.4710001200    0.1667229500   -0.0891989800
  -0.4260629200   -0.1349297100   -0.0985813900
   0.0218761500    0.0072431200    0.0055440400
   0.0071657900   -0.0003343200   -0.0003706000
   0.0049547800    0.0003416200   -0.0000040600
   0.0035764900   -0.0000764500   -0.0000078000
   0.0046514400   -0.0006188800   -0.0000047600
   0.0081177300   -0.0002351000   -0.0003583800
   0.0213248700   -0.0067927700    0.0053423100
   0.0108510300   -0.0276413300    0.0051137600
  -0.0521476900   -0.0009468200   -0.0039120900
   0.0113611000    0.0283124400    0.0051951500
   0.0080733700    0.0065869400   -0.0004765800
   0.0051136000    0.0023495700    0.0000227000
   0.0034126900    0.0009829600   -0.0000122300
   0.0030685200   -0.0000830500   -0.0000123100
   0.0056978800   -0.0015526600    0.0000208800
   0.0088019900   -0.0058073700   -0.0004742900
   0.0003756500   -0.0076894900   -0.0003308200
  -0.0083673100   -0.0054459400   -0.0001131500
  -0.0082617100    0.0039303200   -0.0000994800
   0.0002861300    0.0069469400   -0.0003251000
   0.0030802600    0.0032686000    0.0000218800
   0.0032018000    0.0011393500   -0.0000152000
   0.0020098600   -0.0000773900   -0.0000050600
   0.0028385000   -0.0011302600   -0.0000149100
   0.0036129800   -0.0036964600    0.0000196100
   0.0009211000   -0.0033975800   -0.0000060800
  -0.0020807600   -0.0029936800   -0.0000112200
  -0.0030811500   -0.0004865100   -0.0000268200
  -0.0020611800    0.0003018500   -0.0000318800
  -0.0002304600    0.0028920100   -0.0000074600
   0.0014414000    0.0019147300   -0.0000115600
   0.0010465800    0.0003803900   -0.0000051800
   0.0013962600   -0.0010074500   -0.0000052100
   0.0013921200   -0.0023295900   -0.0000120000
   0.0002690400   -0.0009737000   -0.0000078300
   0.0002539800   -0.0016302600   -0.0000116700
  -0.0012539600   -0.0011657300   -0.0000123800
   0.0004452700   -0.0001044700   -0.0000120900
  -0.0008146200    0.0018004000   -0.0000093700
   0.0003999300    0.0017656500   -0.0000086200
  -0.0000972600    0.0014861300   -0.0000122000
   0.0005225900    0.0009468100   -0.0000147000
   0.0003768000   -0.0006015600   -0.0000120900
  -0.0005655000   -0.0023686100   -0.0000052600
   0.0005997600   -0.0019692500   -0.0000118300
   0.0003519600   -0.0013600300   -0.0000072800
   0.0000384200    0.0002183200   -0.0000067600
   0.0003195700    0.0009380000   -0.0000073600
   0.0004795400    0.0021561300   -0.0000120400
  -0.0003467100    0.0017110700   -0.0000044300
  -0.0009383200    0.0007467600    0.0000200200
  -0.0003324200   -0.0013525800    0.0000203300
  -0.0022608000   -0.0024895300   -0.0003548200
   0.0000324600   -0.0029919900   -0.0000082400
   0.0012580500   -0.0022515300   -0.0000125300
   0.0011751000   -0.0011712800   -0.0000065600
   0.0010702800    0.0010466000   -0.0000066200
   0.0013801300    0.0023872800   -0.0000126600
   0.0005496200    0.0027593600   -0.0000103900
  -0.0024577000    0.0019271500   -0.0003569600
  -0.0019872800    0.0001363500   -0.0004735500
  -0.0146075000    0.0022150300    0.0054002100
   0.0007882400   -0.0084946700   -0.0001063300
   0.0028837700   -0.0032410400   -0.0000266500
   0.0017098100   -0.0018203400   -0.0000125300
   0.0028743200   -0.0002060100   -0.0000074000
   0.0025433400    0.0019349500   -0.0000126100
   0.0022459500    0.0035841300   -0.0000285900
   0.0013994200    0.0083637800   -0.0000964400
  -0.0150330100   -0.0020255800    0.0053599800
  -0.1888878600    0.0051436200   -0.0942026300
   0.0049310900   -0.0334032600   -0.0040233800
   0.0086059400   -0.0059761000   -0.0001040100
   0.0042922600   -0.0020066100   -0.0000076200
   0.0039560800   -0.0002613500   -0.0000119200
   0.0038965800   -0.0000445000   -0.0000119800
   0.0044147800    0.0013178500   -0.0000097100
   0.0075793900    0.0061060200   -0.0000990600
   0.0050818000    0.0331271700   -0.0041910400

2    
 -0.0149999999993716   0.0259807621138959   0.0000000000000000
  -0.0910001700   -0.0928457800    0.0000000000
   0.8299781700   -1.2948654000    0.0000000000
  -0.0420797300   -0.0638651700    0.0000000000
  -0.0008539800   -0.0093631200    0.0000000000
  -0.0012244500   -0.0019255500    0.0000000000
  -0.0017329700   -0.0008033400    0.0000000000
  -0.0027456300   -0.0008896800    0.0000000000
  -0.0057643400   -0.0036800500    0.0000000000
  -0.0155714500   -0.0176062300    0.0000000000
  -0.0164895100    0.0073015100    0.0000000000
  -0.0423048400    0.1279910200    0.0000000000
   0.0787806800    0.0009236700    0.0000000000
   0.0023684100   -0.0045025400    0.0000000000
   0.0007937000   -0.0030745400    0.0000000000
  -0.0011053500   -0.0015528100    0.0000000000
  -0.0015293000   -0.0008235600    0.0000000000
  -0.0042015500   -0.0010529600    0.0000000000
  -0.0093872500   -0.0017017400    0.0000000000
  -0.0050853400    0.0064725300    0.0000000000
  -0.0003526400    0.0175822400    0.0000000000
   0.0032755100    0.0178495700    0.0000000000
   0.0088141000   -0.0037263400    0.0000000000
   0.0022057400   -0.0023873000    0.0000000000
   0.0003467500   -0.0009068100    0.0000000000
  -0.0005489200   -0.0001659800    0.0000000000
  -0.0019359700    0.0001818400    0.0000000000
  -0.0043806500    0.0014811400    0.0000000000
  -0.0027238700    0.0046313900    0.0000000000
  -0.0013965800    0.0074116100    0.0000000000
   0.0005953300    0.0090967100    0.0000000000
   0.0031706700    0.0036383300    0.0000000000
   0.0025790000    0.0002569500    0.0000000000
   0.0022771000   -0.0003062300    0.0000000000
   0.0004051200    0.0009148200    0.0000000000
  -0.0007134800    0.0018747200    0.0000000000
  -0.0020254600    0.0022060600    0.0000000000
  -0.0021419400    0.0029049400    0.0000000000
  -0.0021810100    0.0043170300    0.0000000000
  -0.0009931600    0.0051790400    0.0000000000
   0.0005874200    0.0039542200    0.0000000000
   0.0016058800   -0.0000530300    0.0000000000
   0.0020041300    0.0012522800    0.0000000000
   0.0009807300    0.0021499500    0.0000000000
  -0.0009455200    0.0023797900    0.0000000000
  -0.0023706400    0.0040764400    0.0000000000
  -0.0028376300    0.0037107500    0.0000000000
  -0.0025369300    0.0034755100    0.0000000000
  -0.0008208100    0.0027417500    0.0000000000
   0.0007016400    0.0023419700    0.0000000000
   0.0004699500    0.0018080600    0.0000000000
   0.0025584200    0.0015816900    0.0000000000
   0.0034981800    0.0029290200    0.0000000000
   0.0005860100    0.0042048300    0.0000000000
  -0.0025917400    0.0071018200    0.0000000000
  -0.0057896100    0.0047631500    0.0000000000
  -0.0041907000    0.0034888400    0.0000000000
  -0.0025752400    0.0027690400    0.0000000000
  -0.0011768800    0.0018938700    0.0000000000
   0.0005487200    0.0017586500    0.0000000000
   0.0029107900    0.0013738300    0.0000000000
   0.0065306500    0.0028968900    0.0000000000
   0.0060423000    0.0067093700    0.0000000000
   0.0022594800    0.0186162000    0.0000000000
  -0.0147369200    0.0096312200    0.0000000000
  -0.0085906700    0.0048542200    0.0000000000
  -0.0038948200    0.0018824500    0.0000000000
  -0.0022821500    0.0010058300    0.0000000000
  -0.0013184000   -0.0002251500    0.0000000000
   0.0004925200   -0.0010941300    0.0000000000
   0.0057247100    0.0003120400    0.0000000000
   0.0225626500    0.0039910200    0.0000000000
   0.1247683100    0.0294926800    0.0000000000
  -0.0880519700    0.0963729700    0.0000000000
  -0.0165389600    0.0070251000    0.0000000000
  -0.0047291100    0.0007318600    0.0000000000
  -0.0021639000    0.0002682700    0.0000000000
  -0.0025150200   -0.0005777700    0.0000000000
  -0.0025187600   -0.0015715000    0.0000000000
  -0.0029275300   -0.0050231000    0.0000000000
   0.0014202200   -0.0038346200    0.0000000000
  -0.5010142700    0.4217849400    0.0000000000
  -0.1246955400    0.2058482300    0.0000000000
  -0.0114534200    0.0145426100    0.0000000000
   0.0002501900    0.0033014800    0.0000000000
   0.0023108500    0.0017250500    0.0000000000
   0.0022091200    0.0006761400    0.0000000000
   0.0040046600    0.0006887800    0.0000000000
   0.0093912400    0.0034894600    0.0000000000
   0.0391151200    0.0054808500    0.0000000000
   0.0204167400   -0.0182525800    0.0000000000
  -0.0338907400   -0.0260694500    0.0000000000
  -0.0064060400    0.0177535400    0.0000000000
  -0.0017961400    0.0027044900    0.0000000000
   0.0005545800    0.0016290800    0.0000000000
   0.0013665700    0.0007169200    0.0000000000
   0.0024523800   -0.0000645300    0.0000000000
   0.0066087000   -0.0010092100    0.0000000000
   0.0125419000   -0.0052303000    0.0000000000
   0.0042129100   -0.0086213000    0.0000000000
  -0.0020726700   -0.0123763600    0.0000000000
  -0.0101436800   -0.0062161300    0.0000000000
  -0.0035967000    0.0010981100    0.0000000000
  -0.0010839500    0.0000985000    0.0000000000
   0.0006834800   -0.0007284400    0.0000000000
   0.0010541200   -0.0014031600    0.0000000000
   0.0032974400   -0.0020706000    0.0000000000
   0.0055887800   -0.0045536800    0.0000000000
   0.0030237400   -0.0051702100    0.0000000000
   0.0002911900   -0.0059987800    0.0000000000
  -0.0024488600   -0.0047371500    0.0000000000
  -0.0038517900    0.0000375300    0.0000000000
  -0.0023348100   -0.0003786400    0.0000000000
  -0.0007256700   -0.0010641700    0.0000000000
  -0.0001466500   -0.0023012800    0.0000000000
   0.0015238800   -0.0032904800    0.0000000000
   0.0026789000   -0.0041546800    0.0000000000
   0.0021978600   -0.0031283500    0.0000000000
   0.0020239200   -0.0035539700    0.0000000000
  -0.0003151600   -0.0033322000    0.0000000000
  -0.0013773000   -0.0031047200    0.0000000000
   0.0006519900   -0.0002140800    0.0000000000
  -0.0018937400   -0.0010938300    0.0000000000
  -0.0018055200   -0.0022925500    0.0000000000
   0.0003568900   -0.0030507600    0.0000000000
   0.0016921000   -0.0037012200    0.0000000000
   0.0025186600   -0.0054833500    0.0000000000
   0.0029329400   -0.0034856500    0.0000000000
   0.0016284500   -0.0026151600    0.0000000000
   0.0001202900   -0.0018418000    0.0000000000
  -0.0008431300   -0.0015697600    0.0000000000
  -0.0018130400   -0.0013967800    0.0000000000
  -0.0033021200   -0.0026806000    0.0000000000
  -0.0022396700   -0.0056722100    0.0000000000
   0.0014119700   -0.0072498100    0.0000000000
   0.0047774100   -0.0089865200    0.0000000000
   0.0045503000   -0.0039069000    0.0000000000
   0.0033024300   -0.0022056400    0.0000000000
   0.0015734200   -0.0016123500    0.0000000000
   0.0000525400    0.0000120700    0.0000000000
  -0.0013446800    0.0007535200    0.0000000000
  -0.0042188900   -0.0006559700    0.0000000000
  -0.0078589800   -0.0061271200    0.0000000000
  -0.0011615900   -0.0132476600    0.0000000000
   0.0059745100   -0.0276561000    0.0000000000
   0.0117553500   -0.0050077000    0.0000000000
   0.0060493800   -0.0001063900    0.0000000000
   0.0021360500   -0.0005169800    0.0000000000
   0.0021075000    0.0001485100    0.0000000000
   0.0004217900    0.0021064200    0.0000000000
  -0.0026893800    0.0039474500    0.0000000000
  -0.0097847600    0.0057554100    0.0000000000
  -0.0251155900   -0.0303154500    0.0000000000
  -0.1243423900    0.5312814100    0.0000000000
   0.0396160500    0.0144840300    0.0000000000
   0.0105093900    0.0048443800    0.0000000000
   0.0033450500    0.0013131500    0.0000000000
   0.0028805000    0.0010087100    0.0000000000
   0.0025330400    0.0008736300    0.0000000000
   0.0019899600    0.0033003800    0.0000000000
   0.0000864800    0.0126275600    0.0000000000
  -0.0322753600    0.0581341200    0.0000000000

2    
  0.0149999999993716  -0.0259807621138959   0.0000000000000000
   0.0882513900    0.0936575700    0.0000000000
  -0.7148179900    1.3617004500    0.0000000000
   0.0415233900    0.0661528800    0.0000000000
   0.0011765700    0.0100701300    0.0000000000
   0.0024535900    0.0027415700    0.0000000000
   0.0024982200    0.0013174400    0.0000000000
   0.0031835600    0.0021573200    0.0000000000
   0.0050727400    0.0050152900    0.0000000000
   0.0147699900    0.0181570200    0.0000000000
   0.0166381700   -0.0078549900    0.0000000000
   0.0390785600   -0.1236678500    0.0000000000
  -0.0777353100   -0.0032090700    0.0000000000
  -0.0020175200    0.0034954800    0.0000000000
  -0.0004607800    0.0026482700    0.0000000000
   0.0007382000    0.0010029000    0.0000000000
   0.0027976700    0.0005187900    0.0000000000
   0.0041416300    0.0009367100    0.0000000000
   0.0079826500    0.0015409500    0.0000000000
   0.0042114900   -0.0067192900    0.0000000000
   0.0008951400   -0.0173146200    0.0000000000
  -0.0033983100   -0.0181607000    0.0000000000
  -0.0087968300    0.0040233900    0.0000000000
  -0.0020377600    0.0017468400    0.0000000000
  -0.0007719700    0.0009224000    0.0000000000
   0.0011157500   -0.0001798800    0.0000000000
   0.0027171300   -0.0012141600    0.0000000000
   0.0036337000   -0.0024182100    0.0000000000
   0.0023477500   -0.0040854700    0.0000000000
   0.0015603000   -0.0068784000    0.0000000000
  -0.0015668300   -0.0096596200    0.0000000000
  -0.0036386500   -0.0034888500    0.0000000000
  -0.0021352600   -0.0000310300    0.0000000000
  -0.0010573500   -0.0003848900    0.0000000000
  -0.0006481800   -0.0005545500    0.0000000000
   0.0009262000   -0.0013063000    0.0000000000
   0.0021263500   -0.0029711900    0.0000000000
   0.0019977300   -0.0046385500    0.0000000000
   0.0016778100   -0.0046902400    0.0000000000
   0.0004666100   -0.0051193500    0.0000000000
  -0.0005873000   -0.0046469200    0.0000000000
  -0.0017231000   -0.0006045100    0.0000000000
  -0.0014584800   -0.0013614900    0.0000000000
  -0.0004641000   -0.0025966800    0.0000000000
   0.0010876100   -0.0039976500    0.0000000000
   0.0022837900   -0.0050062000    0.0000000000
   0.0029105700   -0.0043708300    0.0000000000
   0.0017305000   -0.0036444300    0.0000000000
   0.0012066500   -0.0029914400    0.0000000000
  -0.0001905600   -0.0022708900    0.0000000000
  -0.0009399800   -0.0017886800    0.0000000000
  -0.0031572500   -0.0018370100    0.0000000000
  -0.0025922200   -0.0032313100    0.0000000000
  -0.0005099400   -0.0048525000    0.0000000000
   0.0035365800   -0.0079935500    0.0000000000
   0.0048688600   -0.0055345300    0.0000000000
   0.0041605100   -0.0033088700    0.0000000000
   0.0023313600   -0.0017957700    0.0000000000
   0.0007291700   -0.0013419200    0.0000000000
  -0.0004826700   -0.0003706100    0.0000000000
  -0.0026297400   -0.0008977800    0.0000000000
  -0.0064367500   -0.0019498900    0.0000000000
  -0.0057783800   -0.0066316900    0.0000000000
  -0.0024544500   -0.0177633600    0.0000000000
   0.0149694000   -0.0098583100    0.0000000000
   0.0089291700   -0.0036621400    0.0000000000
   0.0044971900   -0.0016840400    0.0000000000
   0.0022077100   -0.0005496400    0.0000000000
   0.0010255400   -0.0002266800    0.0000000000
  -0.0003131100    0.0004834900    0.0000000000
  -0.0058474500    0.0000481800    0.0000000000
  -0.0232207800   -0.0039015800    0.0000000000
  -0.1262589200   -0.0300457300    0.0000000000
   0.0895932500   -0.1014900900    0.0000000000
   0.0178583000   -0.0072970100    0.0000000000
   0.0054018000   -0.0000830100    0.0000000000
   0.0034120300    0.0006919400    0.0000000000
   0.0019348400    0.0007006500    0.0000000000
   0.0023419100    0.0024673500    0.0000000000
   0.0034213400    0.0049998000    0.0000000000
  -0.0030913900    0.0045770700    0.0000000000
   0.4043212900   -0.3766406200    0.0000000000
   0.1163364200   -0.2105109100    0.0000000000
   0.0118537000   -0.0140942700    0.0000000000
  -0.0016334300   -0.0044666500    0.0000000000
  -0.0015855400   -0.0010704500    0.0000000000
  -0.0026888200   -0.0008945000    0.0000000000
  -0.0038578800   -0.0020381500    0.0000000000
  -0.0088686100   -0.0036703400    0.0000000000
  -0.0398204500   -0.0051841200    0.0000000000
  -0.0203235500    0.0192728400    0.0000000000
   0.0342678700    0.0266472400    0.0000000000
   0.0066699600   -0.0169131900    0.0000000000
   0.0008519500   -0.0022360500    0.0000000000
  -0.0003378200   -0.0007465800    0.0000000000
  -0.0018223200    0.0003162300    0.0000000000
  -0.0036044100    0.0007291700    0.0000000000
  -0.0052444500    0.0016135400    0.0000000000
  -0.0120922500    0.0061502400    0.0000000000
  -0.0050792400    0.0081258700    0.0000000000
   0.0016806200    0.0117184000    0.0000000000
   0.0100970300    0.0059311600    0.0000000000
   0.0035532300   -0.0012160700    0.0000000000
   0.0013946200   -0.0005519200    0.0000000000
   0.0002106500    0.0002016000    0.0000000000
  -0.0021961700    0.0012372900    0.0000000000
  -0.0032397500    0.0025904900    0.0000000000
  -0.0044013700    0.0042292800    0.0000000000
  -0.0021500600    0.0047298100    0.0000000000
  -0.0010823800    0.0061667700    0.0000000000
   0.0031312300    0.0051198800    0.0000000000
   0.0039123300   -0.0001389000    0.0000000000
   0.0018067500    0.0008190700    0.0000000000
   0.0013389000    0.0013005200    0.0000000000
  -0.0005681100    0.0018906900    0.0000000000
  -0.0016526700    0.0025808400    0.0000000000
  -0.0025952700    0.0033440400    0.0000000000
  -0.0023566000    0.0051213600    0.0000000000
  -0.0010852800    0.0043343500    0.0000000000
  -0.0000364800    0.0035708100    0.0000000000
   0.0012872400    0.0031646000    0.0000000000
  -0.0004794300    0.0002482700    0.0000000000
   0.0021623700    0.0013525800    0.0000000000
   0.0008595700    0.0031658700    0.0000000000
  -0.0000579300    0.0050676700    0.0000000000
  -0.0018119200    0.0048960400    0.0000000000
  -0.0032179300    0.0044949900    0.0000000000
  -0.0023379100    0.0035165900    0.0000000000
  -0.0014848700    0.0024086700    0.0000000000
  -0.0004862200    0.0019208800    0.0000000000
   0.0009591300    0.0009057600    0.0000000000
   0.0022273200    0.0014416600    0.0000000000
   0.0030870100    0.0025805900    0.0000000000
   0.0016922400    0.0058393700    0.0000000000
  -0.0008011700    0.0061936500    0.0000000000
  -0.0047548500    0.0083931700    0.0000000000
  -0.0052620100    0.0043781100    0.0000000000
  -0.0031449500    0.0016743900    0.0000000000
  -0.0017684100    0.0004862700    0.0000000000
  -0.0004706600    0.0006447800    0.0000000000
   0.0017593700   -0.0001389400    0.0000000000
   0.0045732100   -0.0004192100    0.0000000000
   0.0076690900    0.0057852100    0.0000000000
   0.0016796000    0.0138436700    0.0000000000
  -0.0063693900    0.0279635600    0.0000000000
  -0.0111925200    0.0051940500    0.0000000000
  -0.0056177900    0.0010337900    0.0000000000
  -0.0039041000   -0.0003828100    0.0000000000
  -0.0011663900   -0.0006413000    0.0000000000
  -0.0004787300   -0.0011471600    0.0000000000
   0.0019285100   -0.0043462700    0.0000000000
   0.0118402000   -0.0064301100    0.0000000000
   0.0242051600    0.0314945500    0.0000000000
   0.1145384300   -0.6390176100    0.0000000000
  -0.0397529000   -0.0161376500    0.0000000000
  -0.0093263900   -0.0051756600    0.0000000000
  -0.0043655200   -0.0019487500    0.0000000000
  -0.0019999500   -0.0007454900    0.0000000000
  -0.0017411000   -0.0018981900    0.0000000000
  -0.0026630600   -0.0042196400    0.0000000000
  -0.0006388000   -0.0123201600    0.0000000000
   0.0345217300   -0.0581285100    0.0000000000

3    
 -0.0117221620790471   0.0203033802966008   0.0187180037590592
  -0.0127943100   -0.0136859400   -0.0011766500
  -0.0712748600   -0.0723296900    0.0006923300
   0.6420873400   -1.0173134500   -0.2638035000
  -0.0326662700   -0.0497702900    0.0015469600
  -0.0002076700   -0.0070967300   -0.0012071300
  -0.0010531800   -0.0015220500    0.0000407300
  -0.0014288500   -0.0001592600   -0.0000113000
  -0.0026547000   -0.0005177800   -0.0000114200
  -0.0045880000   -0.0031631900    0.0000388400
  -0.0067445700   -0.0016186100   -0.0000183600
  -0.0132386300    0.0058332500    0.0001861100
  -0.0332511400    0.0991489400   -0.0004929300
   0.0623126100    0.0005906400   -0.0002727600
   0.0018943000   -0.0035063200    0.0002021100
   0.0003053400   -0.0025005100   -0.0000169000
  -0.0000947200   -0.0011191400   -0.0000186300
  -0.0017275900   -0.0005629000   -0.0000064400
  -0.0039654100   -0.0008627300   -0.0000186800
  -0.0035359100    0.0013970700   -0.0000177000
  -0.0032710600    0.0052397900   -0.0000172700
  -0.0002311600    0.0130526100   -0.0010949600
   0.0018898100    0.0140284900    0.0002056600
   0.0069998300   -0.0034924900   -0.0011119700
   0.0015236400   -0.0016353100   -0.0000162500
   0.0007011300   -0.0008583800   -0.0000175700
  -0.0002780200   -0.0004817600   -0.0000066400
  -0.0021876700    0.0000887400   -0.0000067000
  -0.0017821600    0.0022824800   -0.0000067300
  -0.0018254300    0.0036287300   -0.0000178100
  -0.0014934800    0.0051905400    0.0000263500
   0.0017528300    0.0058423200   -0.0000162700
   0.0009870500    0.0025130400   -0.0000162900
   0.0027705500   -0.0000696200    0.0000277100
   0.0010921500    0.0003095400   -0.0000177700
   0.0004789000    0.0009053500   -0.0000066700
  -0.0005963400    0.0008698100   -0.0000057000
  -0.0008597100    0.0015997500   -0.0000066200
  -0.0018413700    0.0026849700   -0.0000065400
  -0.0017176400    0.0033273900   -0.0000106600
  -0.0005493100    0.0028207800   -0.0000177900
   0.0009305600    0.0004514900   -0.0000177300
   0.0017904900    0.0006957000   -0.0000106700
   0.0015987000    0.0009384000   -0.0000065100
   0.0006147300    0.0010651900   -0.0000066100
   0.0003836500    0.0030399600   -0.0000172900
  -0.0017614400    0.0031649500   -0.0000180800
  -0.0026480300    0.0029709700   -0.0000110900
  -0.0015888200    0.0024713700   -0.0000064200
   0.0001678200    0.0027468700   -0.0000069600
  -0.0005812100    0.0019785900   -0.0000069500
   0.0011098100    0.0009187200   -0.0000064400
   0.0026872700    0.0011571300   -0.0000112300
   0.0024111600    0.0020761100   -0.0000181000
   0.0050627700    0.0047392300   -0.0000176600
  -0.0028085000    0.0054543800   -0.0000172700
  -0.0041604700    0.0040606900    0.0000400300
  -0.0033960800    0.0031220800   -0.0000179100
  -0.0019669100    0.0022879000   -0.0000063400
  -0.0006721600    0.0020987600   -0.0000055800
   0.0005388300    0.0010749600   -0.0000064000
   0.0024212300    0.0012241200   -0.0000179800
   0.0052201300    0.0019167200    0.0000397600
   0.0177288700    0.0035040600   -0.0011818000
   0.0019743700    0.0140554900    0.0002207700
  -0.0113578400    0.0081297800   -0.0011942000
  -0.0065004900    0.0034147100   -0.0000176800
  -0.0032656100    0.0016958800   -0.0000172500
  -0.0018556200    0.0004948600   -0.0000065800
  -0.0007521100   -0.0002605700   -0.0000066500
   0.0003497900   -0.0004306100   -0.0000172700
   0.0042737000    0.0001968800   -0.0000190100
   0.0012555700   -0.0029925000    0.0002128400
   0.0975005000    0.0226644900    0.0006868500
  -0.0679154300    0.0755591000    0.0013187800
  -0.0130090800    0.0058686000    0.0002058500
  -0.0033114000    0.0008318500   -0.0000173800
  -0.0024487200   -0.0000441600   -0.0000181300
  -0.0017934900   -0.0000037400   -0.0000064700
  -0.0015901600   -0.0015738200   -0.0000182500
  -0.0031303400   -0.0034578500   -0.0000187500
   0.0318334100    0.0033235700   -0.0053788000
  -0.3844605900    0.3273449700    0.0891121100
  -0.0987723700    0.1603307700    0.0944387000
  -0.0095052000    0.0105898400   -0.0054947000
   0.0011232000    0.0033347200    0.0003651900
   0.0012822700    0.0009472700    0.0000046000
   0.0019803200   -0.0000821000    0.0000077300
   0.0033354400    0.0009826200    0.0000048700
   0.0068196600    0.0030745800    0.0003596100
   0.0097660400   -0.0040653900    0.0004735000
   0.0165564800   -0.0142708900   -0.0050222000
  -0.0269542000   -0.0197776400    0.0039569400
  -0.0055495700    0.0139831000   -0.0051198900
  -0.0009228700    0.0024005700    0.0004792600
   0.0001300100    0.0014108800   -0.0000225600
   0.0006777000    0.0004602600    0.0000123000
   0.0030511700   -0.0000193200    0.0000123000
   0.0048551400   -0.0005518600   -0.0000214800
   0.0034102300   -0.0036365400   -0.0000196700
   0.0033061500   -0.0067032700    0.0003225400
  -0.0019519800   -0.0090595200    0.0001133000
  -0.0067563300   -0.0043952800    0.0001115700
  -0.0028985100    0.0007820100    0.0003292400
  -0.0005309400   -0.0000997000   -0.0000207300
  -0.0003654400   -0.0004881400    0.0000150700
   0.0013050400   -0.0007823900    0.0000050400
   0.0031273800   -0.0019699200    0.0000150400
   0.0024391700   -0.0030891300    0.0000120700
   0.0014773500   -0.0036272800    0.0000060000
   0.0005535300   -0.0039328000    0.0000129100
  -0.0021921000   -0.0002927700    0.0000328900
  -0.0024753900   -0.0011645700    0.0000127800
  -0.0012916000   -0.0004964000    0.0000055800
  -0.0011276500   -0.0011897000    0.0000120800
   0.0001173700   -0.0020042400    0.0000051000
   0.0012702700   -0.0026784300    0.0000051900
   0.0012745600   -0.0023068400    0.0000121300
   0.0022291400   -0.0027014900    0.0000079800
   0.0010284600   -0.0025559100    0.0000114300
  -0.0012920000   -0.0023974000    0.0000135500
   0.0010570900   -0.0009235600    0.0000134900
  -0.0014264600   -0.0006521300    0.0000113900
  -0.0020004300   -0.0007742900    0.0000080400
  -0.0008354000   -0.0011604300    0.0000121300
   0.0001130300   -0.0025519200    0.0000147700
   0.0005041600   -0.0056934700   -0.0000213600
   0.0025253300   -0.0038291400    0.0000049500
   0.0021542800   -0.0027806400    0.0000117300
   0.0009808100   -0.0022696300    0.0000076300
   0.0001623900   -0.0019077400    0.0000061500
  -0.0006127600   -0.0011487600    0.0000076200
  -0.0019177700   -0.0008349200    0.0000117500
  -0.0027809300   -0.0019662400    0.0000047200
  -0.0012282000   -0.0049973900   -0.0000213600
  -0.0011239000   -0.0107748500    0.0004799300
   0.0033564000   -0.0065294200    0.0003604000
   0.0039119500   -0.0034885600    0.0000084800
   0.0024307100   -0.0022027600    0.0000123300
   0.0010260800   -0.0006192600    0.0000066900
   0.0002783700    0.0000145000    0.0000067100
  -0.0011663600   -0.0002217800    0.0000124000
  -0.0035659600   -0.0001894600    0.0000090600
  -0.0058092700   -0.0043914200    0.0003624400
  -0.0197615600   -0.0238744100   -0.0054761300
   0.0052312300   -0.0216648600   -0.0054900800
   0.0091315100   -0.0034990200    0.0001039100
   0.0036526900   -0.0009403400    0.0000269300
   0.0028009100   -0.0003672000    0.0000124800
   0.0011754000    0.0007284300    0.0000073800
  -0.0001256400    0.0010568800    0.0000125400
  -0.0008800800    0.0028359300    0.0000277900
  -0.0088070900    0.0052725400    0.0000994500
  -0.0265424700    0.0455053500    0.0041146800
  -0.0963589700    0.4239984200    0.0983108000
   0.0315830900    0.0116222100    0.0040368500
   0.0072054400    0.0035418600    0.0001054400
   0.0034411200    0.0013598800    0.0000079800
   0.0022757500    0.0001306000    0.0000118700
   0.0012851200    0.0006086300    0.0000119200
   0.0014502800    0.0031060400    0.0000088100
   0.0008650400    0.0094513300    0.0001023000

3    
  0.0117221620790471  -0.0203033802966008  -0.0187180037590592
   0.0111884300    0.0144285600    0.0012094700
   0.0697720700    0.0729352700   -0.0010847400
  -0.5711935900    1.0577037800    0.2641026200
   0.0328761700    0.0516977800   -0.0002579300
   0.0013862100    0.0080551400    0.0011819000
   0.0018174300    0.0020602500   -0.0000401900
   0.0018863400    0.0014317400    0.0000115400
   0.0020052800    0.0018406700    0.0000114200
   0.0039510300    0.0036659500   -0.0000419300
   0.0069688900    0.0009152400    0.0000162600
   0.0126840800   -0.0061774600   -0.0002160600
   0.0308318400   -0.0969149900   -0.0011892800
  -0.0604635800   -0.0023861000   -0.0010228700
  -0.0016229500    0.0028957100   -0.0002017400
  -0.0006893700    0.0019398800    0.0000176500
   0.0013691100    0.0008118500    0.0000186800
   0.0016885500    0.0004377200    0.0000063600
   0.0026152200    0.0006846400    0.0000186200
   0.0026587400   -0.0017325100    0.0000174200
   0.0037765100   -0.0051657200    0.0000143100
   0.0000996800   -0.0133277200    0.0011498300
  -0.0020117600   -0.0133478300   -0.0001875600
  -0.0066641500    0.0027845200    0.0011356300
  -0.0019136200    0.0015940200    0.0000152800
  -0.0001227700    0.0004937400    0.0000175500
   0.0010687000   -0.0005637300    0.0000066300
   0.0014541500   -0.0010544100    0.0000065700
   0.0014004000   -0.0017679400    0.0000066100
   0.0019729600   -0.0031302400    0.0000176300
   0.0004900800   -0.0057633100   -0.0000292000
  -0.0022046400   -0.0056126100    0.0000146300
  -0.0005472300   -0.0022448400    0.0000145700
  -0.0015158600   -0.0006211800   -0.0000280100
  -0.0013179500    0.0000412400    0.0000176800
  -0.0002596600   -0.0003470300    0.0000066700
   0.0006983700   -0.0016523200    0.0000057100
   0.0007092000   -0.0033477000    0.0000067100
   0.0013325000   -0.0030733900    0.0000065300
   0.0011829600   -0.0032741900    0.0000104400
   0.0005477900   -0.0034959500    0.0000174300
  -0.0010340400   -0.0010960800    0.0000175000
  -0.0012307900   -0.0007974200    0.0000104300
  -0.0010777700   -0.0013819000    0.0000065600
  -0.0004792900   -0.0026879600    0.0000067300
  -0.0004937300   -0.0039768600    0.0000175300
   0.0018333200   -0.0038360700    0.0000182200
   0.0018428300   -0.0031452300    0.0000113300
   0.0019784900   -0.0027138100    0.0000064100
   0.0003594300   -0.0026475800    0.0000068900
   0.0001142200   -0.0019232500    0.0000069100
  -0.0016958700   -0.0011490600    0.0000063800
  -0.0017759500   -0.0014406200    0.0000112100
  -0.0023506600   -0.0027082700    0.0000182000
  -0.0042141600   -0.0056098300    0.0000194700
   0.0018887500   -0.0062475700    0.0000198500
   0.0041375900   -0.0038933500   -0.0000367000
   0.0031672200   -0.0021468400    0.0000181500
   0.0015377400   -0.0017183000    0.0000064400
   0.0007625600   -0.0006803800    0.0000055600
  -0.0002339200   -0.0005601400    0.0000063800
  -0.0023312400   -0.0002335500    0.0000180900
  -0.0049402800   -0.0017987900   -0.0000370200
  -0.0180069400   -0.0026099300    0.0011531900
  -0.0019233300   -0.0142487200   -0.0001919700
   0.0117676700   -0.0070322100    0.0011408100
   0.0071433000   -0.0032239900    0.0000202900
   0.0032122100   -0.0012290500    0.0000172700
   0.0015906000   -0.0009243700    0.0000067000
   0.0009837300   -0.0003099100    0.0000066300
  -0.0003903000    0.0008602200    0.0000172500
  -0.0049607300    0.0000450900    0.0000189300
  -0.0024879400    0.0034130400   -0.0002129100
  -0.0988838700   -0.0237268200   -0.0003247900
   0.0707472600   -0.0788007400    0.0003352600
   0.0137720600   -0.0052929900   -0.0002215900
   0.0045652300    0.0001438500    0.0000199200
   0.0018856800    0.0001821700    0.0000182900
   0.0016559800    0.0009189800    0.0000064900
   0.0021902300    0.0016084800    0.0000181500
   0.0018312400    0.0044270700    0.0000185700
  -0.0302281900   -0.0046775600    0.0055705600
   0.3281641200   -0.3006407400   -0.0987134300
   0.0892504200   -0.1651700000   -0.0944185500
   0.0086399200   -0.0117831300    0.0054648600
  -0.0003494400   -0.0026939900   -0.0003689500
  -0.0017671400   -0.0011677800   -0.0000041400
  -0.0018588900   -0.0012590400   -0.0000078200
  -0.0028465200   -0.0011323200   -0.0000038700
  -0.0075516200   -0.0024902400   -0.0003739900
  -0.0096977800    0.0048989900   -0.0004845100
  -0.0152856000    0.0147703300    0.0052326800
   0.0263460300    0.0202155100   -0.0037849700
   0.0046025000   -0.0130510000    0.0051474400
   0.0011713700   -0.0014597200   -0.0004796000
  -0.0005802000   -0.0003625600    0.0000226100
  -0.0018415000    0.0002152400   -0.0000123900
  -0.0017190500    0.0006495000   -0.0000123300
  -0.0044995700    0.0015627800    0.0000236000
  -0.0042426900    0.0031766400    0.0000217100
  -0.0036137700    0.0060853400   -0.0003311700
   0.0020152300    0.0086924200   -0.0001190000
   0.0065852500    0.0041747100   -0.0001207200
   0.0031503200   -0.0011964800   -0.0003252100
   0.0014111600   -0.0004121100    0.0000207500
  -0.0007831200    0.0003325100   -0.0000150800
  -0.0012570600    0.0013199200   -0.0000050100
  -0.0019510400    0.0016826000   -0.0000151000
  -0.0015523200    0.0026669600   -0.0000120300
  -0.0022407000    0.0038066800   -0.0000054700
   0.0001619600    0.0042883900   -0.0000116100
   0.0022419100    0.0001901600   -0.0000326900
   0.0019173900    0.0015789400   -0.0000117400
   0.0018841000    0.0007292300   -0.0000058500
   0.0004043300    0.0007781600   -0.0000120100
  -0.0002473100    0.0013005100   -0.0000051900
  -0.0011841500    0.0018831700   -0.0000051000
  -0.0014252100    0.0043110100   -0.0000121600
  -0.0012797000    0.0034875400   -0.0000080000
  -0.0013677900    0.0027880700   -0.0000113500
   0.0011871400    0.0024341900   -0.0000132000
  -0.0008689000    0.0009380100   -0.0000132400
   0.0016786500    0.0008912100   -0.0000113900
   0.0010464300    0.0016314500   -0.0000079500
   0.0011384100    0.0031667800   -0.0000121100
  -0.0002240100    0.0037525600   -0.0000147900
  -0.0011913300    0.0047245400    0.0000195100
  -0.0019258900    0.0038662300   -0.0000053700
  -0.0020101100    0.0025709200   -0.0000118500
  -0.0013500200    0.0023276500   -0.0000076500
  -0.0000559200    0.0012123500   -0.0000061700
   0.0010153000    0.0011524900   -0.0000076500
   0.0016984000    0.0007028600   -0.0000118100
   0.0022371800    0.0020949500   -0.0000055800
   0.0018639500    0.0039262100    0.0000195100
   0.0011829100    0.0102571800   -0.0004707900
  -0.0040503500    0.0070065400   -0.0003514100
  -0.0037649600    0.0029622400   -0.0000100100
  -0.0026369400    0.0010642800   -0.0000124800
  -0.0014607500    0.0012521400   -0.0000067200
   0.0001121000    0.0005606800   -0.0000067000
   0.0015019600   -0.0009183100   -0.0000124200
   0.0034025600   -0.0001850400   -0.0000094100
   0.0063423000    0.0048490100   -0.0003496300
   0.0188831400    0.0241653600    0.0053044900
  -0.0043198000    0.0217972800    0.0052878300
  -0.0087379300    0.0044424800   -0.0000977400
  -0.0054402200    0.0000231000   -0.0000286700
  -0.0018785000   -0.0001420500   -0.0000126100
  -0.0012662400    0.0002089800   -0.0000074300
  -0.0006967600   -0.0015069600   -0.0000125300
   0.0028748900   -0.0036925600   -0.0000277900
   0.0082143700   -0.0041735500   -0.0001021700
   0.0259694100   -0.0451556800   -0.0041232900
   0.0911907200   -0.4861059400   -0.0889906500
  -0.0303671100   -0.0123952500   -0.0042019800
  -0.0082600300   -0.0042468900   -0.0000963900
  -0.0025715800   -0.0011147600   -0.0000091200
  -0.0015086700   -0.0011631400   -0.0000119500
  -0.0020181800   -0.0015298200   -0.0000119000
  -0.0021880600   -0.0028025600   -0.0000083400
   0.0003147500   -0.0101616400   -0.0000994900

6    
  0.0234443241590582   0.0000000000000033   0.0187180037590817
   0.0032467900   -0.0000391300   -0.0000116500
   0.0036656300    0.0006287200   -0.0000114100
   0.0057596900    0.0015662400    0.0000421600
   0.0129228600    0.0065164800   -0.0012138500
   0.1012389600    0.0218081000    0.0015172700
  -1.2015493300   -0.0376631700   -0.2642228300
   0.1037352700   -0.0210144800   -0.0002361300
   0.0122315800   -0.0057273700   -0.0011386500
   0.0053533700   -0.0014025700    0.0000363400
   0.0042385300   -0.0002008600   -0.0000183200
   0.0032425400   -0.0001960400   -0.0000063500
   0.0037645100   -0.0004664500   -0.0000181900
   0.0068830100   -0.0012643300   -0.0000180600
   0.0120262100   -0.0090058700    0.0002460900
  -0.0286377800   -0.0967246700    0.0008632000
  -0.0277803200    0.0968519600    0.0004233400
   0.0114606500    0.0086477200    0.0001920700
   0.0057546100    0.0007331600   -0.0000201900
   0.0025336000    0.0019441100   -0.0000174700
   0.0029312800    0.0005278800   -0.0000067400
   0.0025371100   -0.0006422200   -0.0000062100
   0.0028403700   -0.0018159000   -0.0000164000
   0.0027740900   -0.0068242800   -0.0000223000
  -0.0063098800   -0.0171709400   -0.0012169000
  -0.0034005000    0.0003954300    0.0002098100
  -0.0056425600    0.0165257500   -0.0011509800
   0.0019498200    0.0061336400   -0.0000198100
   0.0008140100    0.0035350800   -0.0000183000
   0.0015217000    0.0016565400   -0.0000067400
   0.0009516000   -0.0002441000   -0.0000054500
   0.0007907900   -0.0008739100   -0.0000058700
   0.0019038600   -0.0024423500   -0.0000155700
  -0.0000580000   -0.0056761900    0.0000481600
  -0.0021807700   -0.0035863800   -0.0000190600
  -0.0019685400    0.0044552800   -0.0000179600
  -0.0007204500    0.0049797300    0.0000366900
   0.0000829200    0.0017681600   -0.0000114800
   0.0001924100    0.0016063000   -0.0000063800
   0.0001419100    0.0007606000   -0.0000062600
   0.0002719100   -0.0004846600   -0.0000058700
   0.0001174800   -0.0026108700   -0.0000118200
  -0.0001146400   -0.0022810400   -0.0000183500
  -0.0004289800   -0.0000321900   -0.0000175500
  -0.0003320600    0.0016808300   -0.0000182300
   0.0003823600    0.0013319500   -0.0000065000
   0.0001815800    0.0015441200   -0.0000114200
  -0.0008198300    0.0010861000   -0.0000182400
  -0.0004685300   -0.0000560000   -0.0000165400
  -0.0005910300   -0.0012931700   -0.0000156600
   0.0001855200   -0.0020290900   -0.0000119200
   0.0000229600   -0.0016554900   -0.0000060500
   0.0008432900   -0.0007602800   -0.0000065800
   0.0004398300    0.0005658700   -0.0000066900
   0.0018282300    0.0008181500   -0.0000066300
   0.0004844300    0.0015914300   -0.0000183600
  -0.0008061300    0.0022476600    0.0000407500
  -0.0021909300    0.0011969600   -0.0000189300
  -0.0024593200   -0.0005346800   -0.0000234700
  -0.0008376500   -0.0016373600    0.0000462900
   0.0011773500   -0.0018513400   -0.0000184500
   0.0014024100   -0.0006168800   -0.0000066500
   0.0015565300    0.0001570400   -0.0000057100
   0.0024366200    0.0012269600   -0.0000066300
   0.0028808800    0.0020540100   -0.0000175700
   0.0024246600    0.0038183700   -0.0000164900
  -0.0057291300    0.0045365700   -0.0011994300
  -0.0036717900    0.0002784000    0.0002312100
  -0.0064868600   -0.0048918400   -0.0011889200
   0.0024172300   -0.0037079900   -0.0000205400
   0.0028717700   -0.0019237800   -0.0000175600
   0.0022501600   -0.0004980400   -0.0000067700
   0.0029401600    0.0003042200   -0.0000065100
   0.0034692900    0.0013207700   -0.0000183100
   0.0069954300    0.0041014900   -0.0000164700
   0.0117914500    0.0089932800    0.0001937200
  -0.0271007700    0.0538599300    0.0013528800
  -0.0296053000   -0.0540450100    0.0000361300
   0.0114865700   -0.0085544500    0.0002194400
   0.0066272400   -0.0042817900   -0.0000193300
   0.0034003000   -0.0009673700   -0.0000183200
  -0.0029804700   -0.0005627800    0.0000078400
  -0.0044489700    0.0002395500    0.0000045000
  -0.0081469200    0.0004281500    0.0003611700
  -0.0225644000    0.0061555300   -0.0054244000
   0.4227079500   -0.1323640300    0.0984207500
   0.4678576500    0.1650287400    0.0891935300
  -0.0211553200   -0.0074045800   -0.0052340700
  -0.0075722700   -0.0001714100    0.0003490200
  -0.0049698800    0.0003440300    0.0000052200
  -0.0037304600   -0.0000001700    0.0000120800
  -0.0030738900    0.0005606200    0.0000118900
  -0.0051861200    0.0019287100   -0.0000188400
  -0.0096390300    0.0065217200    0.0004568700
  -0.0114898900    0.0294869700   -0.0053578600
   0.0518261300   -0.0003607900    0.0040369100
  -0.0119413000   -0.0281821400   -0.0052508700
  -0.0080687300   -0.0059286600    0.0004667100
  -0.0049405400   -0.0013227600   -0.0000185000
  -0.0033836500   -0.0016429600    0.0000145000
  -0.0028640400   -0.0003624900    0.0000053200
  -0.0026445800    0.0011445200    0.0000128400
  -0.0037588100    0.0033649600   -0.0000136700
  -0.0010993300    0.0073736200    0.0003559700
   0.0087046800    0.0044135300    0.0001031700
   0.0075227800   -0.0052655100    0.0001059000
  -0.0010993100   -0.0073099100    0.0003473500
  -0.0026564600   -0.0037264500   -0.0000185100
  -0.0010591700   -0.0021800300    0.0000120000
  -0.0019613200   -0.0006262800    0.0000053200
  -0.0011175600    0.0006021500    0.0000061400
  -0.0017090500   -0.0000558000    0.0000108500
  -0.0011022000    0.0031736700    0.0000043500
   0.0018321300    0.0029483000    0.0000091400
   0.0032205800   -0.0004247200    0.0000271400
   0.0015032500   -0.0034469200    0.0000093300
  -0.0006052400   -0.0036295000    0.0000054600
  -0.0005423900   -0.0010019900    0.0000078200
  -0.0000984300   -0.0008446400    0.0000119000
  -0.0007230200   -0.0001335600    0.0000128700
   0.0007074800    0.0006279600    0.0000109600
  -0.0009362300    0.0019825800    0.0000100600
   0.0002042200    0.0018327000    0.0000117600
   0.0004493100    0.0011599300    0.0000125700
   0.0010585000   -0.0000275900    0.0000125700
   0.0000206800   -0.0014329700    0.0000119100
  -0.0007228400   -0.0024987000    0.0000119000
   0.0004249200   -0.0018607000    0.0000049800
   0.0005921200   -0.0008954000   -0.0000179900
   0.0004168700    0.0010129400   -0.0000128800
   0.0002379700    0.0016652200    0.0000046400
  -0.0001254100    0.0021581400    0.0000118200
  -0.0004094400    0.0010550100    0.0000073300
  -0.0004965000   -0.0000429100    0.0000066700
  -0.0000415300   -0.0018343300    0.0000073300
  -0.0011980600   -0.0023067000    0.0000125100
  -0.0007874600   -0.0029740800    0.0000079100
   0.0022497200   -0.0024106200    0.0003547500
   0.0020063700   -0.0005477000    0.0004526100
   0.0021075100    0.0026166300    0.0003512500
  -0.0002252600    0.0036962100    0.0000098800
  -0.0010076700    0.0014708700    0.0000126300
  -0.0013884900    0.0004030400    0.0000066800
  -0.0010549600   -0.0004834700    0.0000066400
  -0.0029184800   -0.0012574300    0.0000124900
  -0.0023758900   -0.0035681100    0.0000262300
  -0.0003387900   -0.0080496700    0.0001077200
   0.0132521900    0.0016791000   -0.0053390400
   0.0150753900   -0.0027007700   -0.0052556600
  -0.0005851600    0.0093491700    0.0001000500
  -0.0030808300    0.0035581900    0.0000280500
  -0.0016109400    0.0009511200    0.0000126100
  -0.0027506000    0.0004668300    0.0000073700
  -0.0041310100   -0.0004526100    0.0000119000
  -0.0048127200   -0.0020741300    0.0000077300
  -0.0073714500   -0.0058693000    0.0001063900
  -0.0056863400   -0.0329338500    0.0039693800
   0.1886513800    0.0055329500    0.0941687400
  -0.0043640300    0.0327478400    0.0041195200
  -0.0082409500    0.0054529900    0.0001014300
  -0.0051324700    0.0019042300    0.0000099400
  -0.0029877700    0.0000702300    0.0000119500

6    
 -0.0234443241590582  -0.0000000000000033  -0.0187180037590817
  -0.0047265900    0.0007159600    0.0000113200
  -0.0043478400   -0.0001814000    0.0000116200
  -0.0056514800   -0.0017079500   -0.0000385400
  -0.0124684000   -0.0062040200    0.0011567000
  -0.1032788000   -0.0209556800    0.0001585200
   1.2026020600   -0.0432708700    0.2640569400
  -0.0998592700    0.0223874500   -0.0014276800
  -0.0127252900    0.0069745600    0.0011936500
  -0.0059345700    0.0018701800   -0.0000398800
  -0.0039487000   -0.0005201500    0.0000181500
  -0.0037426500   -0.0002278900    0.0000063300
  -0.0044727300   -0.0001946500    0.0000183100
  -0.0062441700    0.0004531200    0.0000206800
  -0.0116218700    0.0085535300   -0.0002148200
   0.0278300900    0.0967792700   -0.0004802000
   0.0296203900   -0.0965561800   -0.0007957700
  -0.0113786500   -0.0087830900   -0.0002216900
  -0.0070192900   -0.0009473800    0.0000175500
  -0.0033659500   -0.0022891700    0.0000171900
  -0.0024140400   -0.0005125900    0.0000066100
  -0.0026799900    0.0002285100    0.0000063100
  -0.0029988100    0.0024665500    0.0000166700
  -0.0025955200    0.0063761600    0.0000238400
   0.0058420400    0.0173092600    0.0011843200
   0.0040200800   -0.0004400900   -0.0002106400
   0.0065767200   -0.0174966700    0.0011812900
  -0.0026292100   -0.0070687600    0.0000179300
  -0.0011653500   -0.0030034800    0.0000181800
  -0.0013602700   -0.0011600100    0.0000066100
  -0.0019651100   -0.0003387500    0.0000054400
  -0.0012768500    0.0010961900    0.0000059400
  -0.0015251200    0.0027764000    0.0000157600
   0.0012617200    0.0050955000   -0.0000449800
   0.0019563600    0.0040794400    0.0000191600
   0.0022191300   -0.0037857400    0.0000180100
   0.0008721500   -0.0057289800   -0.0000395800
  -0.0002088200   -0.0034816500    0.0000114700
  -0.0006824500   -0.0019715900    0.0000063000
  -0.0006713400   -0.0006884100    0.0000062600
  -0.0002879100   -0.0001796800    0.0000059200
  -0.0002474300    0.0020362800    0.0000117700
   0.0006618900    0.0022632200    0.0000184200
   0.0009593700   -0.0003258500    0.0000175200
   0.0004906700   -0.0032460000    0.0000181300
  -0.0004767500   -0.0022205100    0.0000065000
  -0.0000914700   -0.0021795600    0.0000116200
   0.0000409600   -0.0012212200    0.0000182800
   0.0008542400   -0.0001384900    0.0000165300
   0.0011056600    0.0014455300    0.0000156500
  -0.0006793500    0.0021345200    0.0000116600
  -0.0006170200    0.0014761700    0.0000060000
   0.0000700100    0.0005376600    0.0000065700
  -0.0003658700   -0.0011412700    0.0000066900
  -0.0009531600   -0.0016329200    0.0000067400
  -0.0014183300   -0.0023350900    0.0000184900
   0.0008382300   -0.0020436000   -0.0000401300
   0.0020187100   -0.0001415500    0.0000197600
   0.0019815700    0.0011930700    0.0000226400
   0.0008695900    0.0031040000   -0.0000470000
  -0.0008865500    0.0024103600    0.0000183200
  -0.0013021400    0.0016544800    0.0000065000
  -0.0012752500    0.0000174100    0.0000057000
  -0.0027138400   -0.0001990100    0.0000067500
  -0.0028604100   -0.0021805500    0.0000175700
  -0.0020615700   -0.0026354800    0.0000192200
   0.0066159200   -0.0043386000    0.0011740700
   0.0036365500    0.0004581200   -0.0002314500
   0.0059881500    0.0044865800    0.0012153600
  -0.0022183900    0.0031678800    0.0000176700
  -0.0028861200    0.0023845000    0.0000175300
  -0.0028742900    0.0007975600    0.0000066200
  -0.0039190100    0.0002586600    0.0000064900
  -0.0046095200   -0.0016583500    0.0000185300
  -0.0057234300   -0.0043856200    0.0000192800
  -0.0110434700   -0.0084335600   -0.0002101800
   0.0299068000   -0.0533872200   -0.0000604600
   0.0276035800    0.0536958100   -0.0013345600
  -0.0115721700    0.0094481400   -0.0002027700
  -0.0059898000    0.0042964200    0.0000166700
  -0.0046187700    0.0019625800    0.0000180500
   0.0047204300   -0.0005461700   -0.0000078800
   0.0048142600    0.0003231900   -0.0000050400
   0.0076932600    0.0000928800   -0.0003511500
   0.0208071200   -0.0074147300    0.0052098100
  -0.4731444300    0.1687282400   -0.0888891200
  -0.4176970900   -0.1299107900   -0.0985725900
   0.0214558500    0.0059148500    0.0054445600
   0.0080276800    0.0000522000   -0.0003587500
   0.0042145400    0.0002771100   -0.0000047100
   0.0037150000    0.0008930800   -0.0000120500
   0.0043189800   -0.0002989500   -0.0000120000
   0.0051425100   -0.0018143500    0.0000169900
   0.0085594600   -0.0062294700   -0.0004477000
   0.0117428200   -0.0284053800    0.0051775900
  -0.0523485200    0.0006720800   -0.0040376700
   0.0105961800    0.0291010200    0.0054304500
   0.0092820500    0.0065333700   -0.0004765100
   0.0052312800    0.0023477000    0.0000204100
   0.0025180300    0.0011922500   -0.0000145300
   0.0025741800   -0.0002501100   -0.0000053400
   0.0027834300   -0.0015081300   -0.0000128900
   0.0037446100   -0.0036683900    0.0000120900
   0.0013742800   -0.0079176800   -0.0003428800
  -0.0077994600   -0.0050878800   -0.0001058500
  -0.0087816100    0.0049828400   -0.0001029300
   0.0010879400    0.0078411800   -0.0003606400
   0.0037800600    0.0034241800    0.0000203900
   0.0019217400    0.0017384100   -0.0000120700
   0.0011966200    0.0007906600   -0.0000053200
   0.0018605700   -0.0002599500   -0.0000061300
   0.0018306800   -0.0000429100   -0.0000109400
   0.0005971200   -0.0028285200   -0.0000053200
  -0.0012142200   -0.0028130900   -0.0000094700
  -0.0039640500   -0.0000831000   -0.0000271900
  -0.0016827300    0.0026820700   -0.0000090100
   0.0006543200    0.0028043100   -0.0000044500
   0.0003692700    0.0029721600   -0.0000079200
   0.0010357400    0.0015972900   -0.0000120000
   0.0003942700    0.0003311700   -0.0000128600
  -0.0008316200   -0.0006119600   -0.0000109700
   0.0011570700   -0.0020331800   -0.0000099700
   0.0000731600   -0.0016541300   -0.0000118000
  -0.0014002000   -0.0003704300   -0.0000125800
  -0.0007755900    0.0019731500   -0.0000125500
  -0.0001576100    0.0025870500   -0.0000119500
   0.0000205600    0.0014854700   -0.0000120400
   0.0001467100    0.0018603900   -0.0000045400
  -0.0004611700    0.0006186100    0.0000179300
  -0.0007699400   -0.0010348700    0.0000129600
  -0.0000991900   -0.0024135000   -0.0000050300
   0.0005448300   -0.0021994500   -0.0000117700
   0.0001941300   -0.0012364900   -0.0000072900
  -0.0000522800    0.0001208000   -0.0000066600
   0.0006616100    0.0007101000   -0.0000074300
   0.0012524400    0.0016984400   -0.0000126500
   0.0000583400    0.0034540200   -0.0000090500
  -0.0021851500    0.0018088200   -0.0003583400
  -0.0022156200   -0.0007547000   -0.0004527700
  -0.0024574600   -0.0020756100   -0.0003480900
   0.0006473500   -0.0031478600   -0.0000086900
   0.0013437300   -0.0026442900   -0.0000125400
   0.0012135300   -0.0008324100   -0.0000066300
   0.0016020900    0.0009098100   -0.0000067400
   0.0023258600    0.0015639900   -0.0000126500
   0.0029917800    0.0038443000   -0.0000280400
   0.0006522100    0.0090973800   -0.0000987500
  -0.0154675500   -0.0030901200    0.0053078000
  -0.0137533000    0.0016729900    0.0052896100
   0.0005807200   -0.0083592200   -0.0001089800
   0.0022623600   -0.0039998900   -0.0000262900
   0.0035651700   -0.0018343200   -0.0000125100
   0.0021084000    0.0005169100   -0.0000073900
   0.0029416600    0.0004343800   -0.0000120400
   0.0048012800    0.0013855000   -0.0000092800
   0.0085258900    0.0057982000   -0.0001001200
   0.0040499000    0.0326374800   -0.0041301100
  -0.1878240200    0.0051826200   -0.0941677800
   0.0056406000   -0.0334815700   -0.0039559100
   0.0074947200   -0.0063101000   -0.0001074600
   0.0043476500   -0.0015756100   -0.0000084200
   0.0040433000   -0.0007650600   -0.0000118900

7    
  0.0234443241590582   0.0000000000000033   0.0187180037590817
   0.0049273600   -0.0012736500    0.0000366900
   0.0036543900   -0.0001460700   -0.0000115700
   0.0040487100    0.0003237600   -0.0000113300
   0.0059698900    0.0017902300    0.0000411800
   0.0131847100    0.0066245000   -0.0012031700
   0.1005321300    0.0216730800    0.0014293000
  -1.1981575400   -0.0391108000   -0.2641944900
   0.1029854700   -0.0207799300   -0.0002640700
   0.0122408300   -0.0060740900   -0.0011385900
   0.0066187800    0.0004837100   -0.0000204800
   0.0038911000   -0.0000439600   -0.0000183300
   0.0031444800   -0.0003112400   -0.0000063900
   0.0044598700   -0.0005669200   -0.0000181800
   0.0067868800   -0.0010963600   -0.0000182000
   0.0114961100   -0.0089931200    0.0002396000
  -0.0279197200   -0.0965738400    0.0008873400
  -0.0282177600    0.0969360600    0.0004876400
   0.0109330400    0.0085643700    0.0001996700
   0.0019576900    0.0064911100   -0.0000207600
   0.0033025400    0.0021588500   -0.0000172900
   0.0026849100    0.0003169000   -0.0000066400
   0.0025370700   -0.0001802600   -0.0000064100
   0.0032967900   -0.0023449800   -0.0000165500
   0.0022701100   -0.0066654700   -0.0000204400
  -0.0058414600   -0.0173831400   -0.0012127200
  -0.0032701300   -0.0002358100    0.0002143900
  -0.0064107400    0.0167094500   -0.0011686100
  -0.0009511100    0.0056620100    0.0000396000
   0.0011349000    0.0035715500   -0.0000182400
   0.0010247400    0.0011579500   -0.0000066200
   0.0012573600    0.0001793100   -0.0000052800
   0.0020232800   -0.0009518600   -0.0000064500
   0.0017601400   -0.0036497800   -0.0000179100
  -0.0008604500   -0.0052137400    0.0000460800
  -0.0019844300   -0.0036376200   -0.0000190300
  -0.0020400300    0.0037200800   -0.0000188100
  -0.0004767600    0.0015905500   -0.0000184000
  -0.0000741100    0.0024551000   -0.0000117100
   0.0002191300    0.0018822000   -0.0000063100
   0.0003606600    0.0005103500   -0.0000052900
   0.0003885800   -0.0020812200   -0.0000053200
   0.0004733900   -0.0026544700   -0.0000123400
  -0.0001419900   -0.0025858700   -0.0000184000
  -0.0006263700   -0.0007327000   -0.0000175100
   0.0003597500    0.0003575800   -0.0000067200
   0.0004830200    0.0014369100   -0.0000064500
  -0.0002307200    0.0017762400   -0.0000111700
  -0.0002009600    0.0010306500   -0.0000183800
  -0.0005273200    0.0000537600   -0.0000149100
  -0.0005225700   -0.0012245100   -0.0000180200
  -0.0001955000   -0.0018643300   -0.0000121800
   0.0008874100   -0.0018182500   -0.0000062600
   0.0004440700   -0.0010310500   -0.0000066800
   0.0018725000   -0.0003855300   -0.0000057600
   0.0009305300    0.0008197200   -0.0000066200
   0.0009720400    0.0020452300   -0.0000186100
  -0.0008820000    0.0026537100    0.0000440000
  -0.0022883900    0.0009981000   -0.0000206900
  -0.0021079100   -0.0000109300   -0.0000238300
  -0.0006417700   -0.0019852300    0.0000491000
   0.0010022000   -0.0014282900   -0.0000187600
   0.0015385400   -0.0010724600   -0.0000067200
   0.0024392400   -0.0001411300   -0.0000067900
   0.0025884600    0.0006226900   -0.0000066600
   0.0030463400    0.0026819400   -0.0000176200
   0.0026422800    0.0033400300   -0.0000162300
  -0.0060503500    0.0046992900   -0.0012202500
  -0.0037257200   -0.0001184100    0.0002502000
  -0.0061947100   -0.0048423100   -0.0012034600
   0.0023059800   -0.0030845100   -0.0000198900
   0.0025647900   -0.0019481300   -0.0000175900
   0.0035294900   -0.0011661900   -0.0000184200
   0.0028586200   -0.0001539900   -0.0000065400
   0.0046648500    0.0013290600   -0.0000183000
   0.0067212100    0.0044916500   -0.0000162400
   0.0121321200    0.0092508500    0.0001939600
  -0.0279404400    0.0534226700    0.0014080200
  -0.0292974300   -0.0534621100    0.0000992200
   0.0118491500   -0.0088962700    0.0002137000
   0.0057058900   -0.0037395900   -0.0000191300
  -0.0037433600   -0.0005389600    0.0000052900
  -0.0036710200    0.0002649400    0.0000077800
  -0.0048483000    0.0002394400    0.0000046900
  -0.0086615000   -0.0003809400    0.0003577900
  -0.0211958700    0.0069349900   -0.0054054900
   0.4189136600   -0.1310031500    0.0984279800
   0.4682007700    0.1646161700    0.0891154400
  -0.0209185200   -0.0067709800   -0.0052015100
  -0.0081957000    0.0001786500    0.0003469100
  -0.0051602400   -0.0014206200   -0.0000174900
  -0.0031302700   -0.0003316100    0.0000120000
  -0.0037570300    0.0004924800    0.0000118700
  -0.0058037400    0.0020656600   -0.0000185700
  -0.0088050000    0.0067334600    0.0004625300
  -0.0117529700    0.0295901200   -0.0054170900
   0.0514061800   -0.0001945600    0.0040739700
  -0.0108717900   -0.0283887500   -0.0052704000
  -0.0086516800   -0.0057728500    0.0004609200
  -0.0037434100   -0.0038567100   -0.0000173900
  -0.0031890000   -0.0017625700    0.0000142200
  -0.0026474600   -0.0002200100    0.0000052500
  -0.0032202700    0.0012541900    0.0000134500
  -0.0032801700    0.0033783900   -0.0000170700
  -0.0007672300    0.0073966400    0.0003604800
   0.0076778700    0.0047958300    0.0001013500
   0.0081778900   -0.0048416500    0.0001044700
  -0.0005901300   -0.0077729000    0.0003500600
  -0.0002387900   -0.0034547400    0.0000051400
  -0.0019462000   -0.0019196100    0.0000119600
  -0.0012899100   -0.0005522500    0.0000055500
  -0.0019027000   -0.0000795000    0.0000077100
  -0.0019241900    0.0021002200    0.0000114000
  -0.0004352400    0.0033156700    0.0000046400
   0.0012289500    0.0027573600    0.0000088500
   0.0035602800   -0.0004436600    0.0000272300
   0.0016217800   -0.0034689000    0.0000091700
  -0.0000075600   -0.0010083100    0.0000119400
  -0.0000314200   -0.0016133700    0.0000077000
  -0.0007922100   -0.0011904700    0.0000111900
   0.0000578400   -0.0004316600    0.0000119100
  -0.0004739800    0.0014389000    0.0000125600
  -0.0003845300    0.0020365400    0.0000079200
  -0.0004128200    0.0023478500    0.0000119200
   0.0010802500    0.0018495000    0.0000125600
   0.0008656100   -0.0003668900    0.0000125300
  -0.0007037500   -0.0017432900    0.0000073000
  -0.0000961200   -0.0019680100    0.0000118800
   0.0001783600   -0.0019819200    0.0000046500
   0.0003302900   -0.0006921700   -0.0000138900
   0.0005612500    0.0004325800   -0.0000117800
   0.0003325500    0.0019323700    0.0000041800
  -0.0004644100    0.0018621700    0.0000120200
  -0.0006204400    0.0012348000    0.0000073200
   0.0000828100   -0.0005881800    0.0000066100
  -0.0013100600   -0.0009703500    0.0000065700
  -0.0015922400   -0.0017371100    0.0000125400
  -0.0003868900   -0.0034811800    0.0000077200
   0.0020494600   -0.0027386500    0.0003529000
   0.0018867300    0.0002734400    0.0004366500
   0.0024668700    0.0024807100    0.0003497800
  -0.0002509900    0.0027044500    0.0000092700
  -0.0013078900    0.0017587500    0.0000126300
  -0.0010616000    0.0008442400    0.0000066400
  -0.0027381700    0.0001375600    0.0000073100
  -0.0023089800   -0.0012514800    0.0000124700
  -0.0025097400   -0.0031750400    0.0000260400
  -0.0015025400   -0.0090332400    0.0001080900
   0.0146013800    0.0018385700   -0.0052842000
   0.0145445100   -0.0020563500   -0.0052154800
  -0.0009572900    0.0085283300    0.0000995200
  -0.0017090600    0.0032671100    0.0000277900
  -0.0029341800    0.0018595500    0.0000126000
  -0.0041214600    0.0003982300    0.0000119200
  -0.0035387200   -0.0007777900    0.0000118200
  -0.0042039100   -0.0017599000    0.0000078900
  -0.0084776500   -0.0060505700    0.0001082700
  -0.0048615000   -0.0324983900    0.0039481400
   0.1886161000    0.0048494600    0.0940868800
  -0.0051636500    0.0325932500    0.0041034800
  -0.0082671900    0.0059928100    0.0001023600
  -0.0042338900    0.0013627900    0.0000097300

7    
 -0.0234443241590582  -0.0000000000000033  -0.0187180037590817
  -0.0063957600    0.0019397300   -0.0000402500
  -0.0043298700    0.0005938900    0.0000113000
  -0.0039287600   -0.0004529500    0.0000115000
  -0.0054066300   -0.0014205700   -0.0000375500
  -0.0119702100   -0.0059528200    0.0011473000
  -0.1030636800   -0.0210682100    0.0002377300
   1.1987678100   -0.0409135100    0.2641384000
  -0.1002291300    0.0222082800   -0.0013977500
  -0.0127175100    0.0064911600    0.0011937100
  -0.0062902000   -0.0012237300    0.0000178900
  -0.0043742800   -0.0003853900    0.0000181500
  -0.0038354600   -0.0003432200    0.0000063400
  -0.0037796900   -0.0002238900    0.0000183000
  -0.0063440400    0.0006195100    0.0000207900
  -0.0118676300    0.0084238100   -0.0002090100
   0.0287218700    0.0968703900   -0.0005111200
   0.0287341400   -0.0964536600   -0.0008602900
  -0.0121648200   -0.0087547100   -0.0002295900
  -0.0027834300   -0.0068101000    0.0000189700
  -0.0027676900   -0.0021401700    0.0000170000
  -0.0028104500   -0.0007302800    0.0000065000
  -0.0026782100    0.0008272700    0.0000064800
  -0.0031107400    0.0018687900    0.0000168200
  -0.0026605900    0.0067611500    0.0000221600
   0.0063485200    0.0171236100    0.0011813000
   0.0040918400   -0.0005121100   -0.0002146000
   0.0058119800   -0.0176084200    0.0011993300
   0.0006125300   -0.0051275500   -0.0000425900
  -0.0009651900   -0.0030710200    0.0000180900
  -0.0020227800   -0.0017393200    0.0000064800
  -0.0017302700    0.0000411000    0.0000052300
  -0.0016345200    0.0012795100    0.0000065100
  -0.0005442600    0.0030629500    0.0000180100
   0.0006122600    0.0056422400   -0.0000430000
   0.0022096200    0.0043096300    0.0000191000
   0.0021682900   -0.0044069800    0.0000188400
   0.0003412200   -0.0032929600    0.0000182500
  -0.0004142800   -0.0028214900    0.0000116700
  -0.0007363600   -0.0018128300    0.0000062100
  -0.0003563400   -0.0011688200    0.0000052500
  -0.0005183000    0.0015032300    0.0000053200
   0.0000640700    0.0026224700    0.0000122700
   0.0006557500    0.0022125100    0.0000184700
   0.0007685000   -0.0008169300    0.0000174900
  -0.0004697400   -0.0012430200    0.0000066700
  -0.0004068900   -0.0020766400    0.0000064200
  -0.0005487600   -0.0019258400    0.0000113700
   0.0006200900   -0.0012365800    0.0000183600
   0.0010706300    0.0001089500    0.0000148500
   0.0000223500    0.0013456600    0.0000179700
  -0.0004121400    0.0016875400    0.0000118900
   0.0000103600    0.0015912500    0.0000061600
  -0.0003858600    0.0004554700    0.0000066700
  -0.0010142500   -0.0004298300    0.0000057100
  -0.0018886800   -0.0015697600    0.0000067100
  -0.0009797000   -0.0018573700    0.0000187200
   0.0007227500   -0.0016516400   -0.0000433300
   0.0019309300   -0.0003387200    0.0000215700
   0.0021526600    0.0015305500    0.0000230400
   0.0008921000    0.0025601800   -0.0000499300
  -0.0009249600    0.0024705900    0.0000185900
  -0.0012736600    0.0012463500    0.0000065400
  -0.0027282200    0.0011687700    0.0000066000
  -0.0025863200   -0.0007493200    0.0000067500
  -0.0027310600   -0.0015173300    0.0000176000
  -0.0019515800   -0.0031513300    0.0000190300
   0.0062733800   -0.0042211600    0.0011940000
   0.0034840700   -0.0000267400   -0.0002502800
   0.0061985100    0.0043117300    0.0012304000
  -0.0023641000    0.0035611400    0.0000170500
  -0.0032055900    0.0022465600    0.0000175600
  -0.0045113000    0.0017243400    0.0000181300
  -0.0040020800   -0.0001785900    0.0000064900
  -0.0033968600   -0.0015945400    0.0000185100
  -0.0059623300   -0.0039466600    0.0000190300
  -0.0108358800   -0.0083418900   -0.0002105800
   0.0288995300   -0.0537664900   -0.0001117100
   0.0277218600    0.0539085900   -0.0013978000
  -0.0111901200    0.0089204800   -0.0001968400
  -0.0069266400    0.0047160700    0.0000164300
   0.0054766600   -0.0005664000   -0.0000047900
   0.0040296100    0.0002912600   -0.0000078900
   0.0043950000    0.0002674300   -0.0000053000
   0.0071039200   -0.0007122500   -0.0003479900
   0.0216311000   -0.0064103500    0.0051948500
  -0.4702088100    0.1662768000   -0.0889999100
  -0.4174895300   -0.1305929000   -0.0984932400
   0.0215873000    0.0064764000    0.0054111100
   0.0074429100    0.0004534500   -0.0003565500
   0.0051199800    0.0023122300    0.0000193400
   0.0043589600    0.0005918400   -0.0000119900
   0.0036878700   -0.0003785400   -0.0000119900
   0.0046587400   -0.0017462800    0.0000167000
   0.0089995600   -0.0059171600   -0.0004532500
   0.0113739700   -0.0283263600    0.0052382600
  -0.0526130100    0.0001502100   -0.0040739800
   0.0120289400    0.0292695300    0.0054491600
   0.0088813400    0.0067700100   -0.0004703300
   0.0028594800    0.0033987700    0.0000191900
   0.0028800300    0.0011475300   -0.0000142500
   0.0027672600   -0.0001433100   -0.0000053100
   0.0031867500   -0.0015497500   -0.0000134800
   0.0035505700   -0.0039402300    0.0000152000
   0.0016365300   -0.0079661200   -0.0003471500
  -0.0087937900   -0.0050813300   -0.0001041100
  -0.0082302100    0.0052666100   -0.0001015400
   0.0017108300    0.0074916700   -0.0003632900
   0.0010933000    0.0030141000   -0.0000042600
   0.0011670500    0.0020850000   -0.0000120600
   0.0020160600    0.0008916300   -0.0000055300
   0.0020079300   -0.0000172700   -0.0000077200
   0.0014108600   -0.0017555500   -0.0000114600
   0.0010459600   -0.0031596700   -0.0000056000
  -0.0019405200   -0.0032468300   -0.0000092600
  -0.0037093700   -0.0003421000   -0.0000272900
  -0.0015802600    0.0026243100   -0.0000087000
  -0.0001644200    0.0029799000   -0.0000119900
   0.0009598200    0.0023757000   -0.0000079000
   0.0004433200    0.0013935800   -0.0000113200
  -0.0001942400    0.0004304300   -0.0000119700
   0.0006994000   -0.0014944400   -0.0000126600
   0.0006623600   -0.0018577700   -0.0000078800
  -0.0005272200   -0.0015519800   -0.0000120000
  -0.0007767500    0.0000952000   -0.0000126100
  -0.0009919100    0.0015141900   -0.0000126100
   0.0000137100    0.0007332500   -0.0000074300
   0.0006772900    0.0019877500   -0.0000120300
  -0.0000672600    0.0017390900   -0.0000042700
  -0.0007217800    0.0006698100    0.0000138300
  -0.0004391300   -0.0012165400    0.0000117700
   0.0000980200   -0.0019955700   -0.0000046100
   0.0002612400   -0.0020470400   -0.0000120500
   0.0000866300   -0.0011566200   -0.0000073300
   0.0005522600   -0.0005372800   -0.0000067200
   0.0013825400    0.0003612500   -0.0000067100
   0.0008890700    0.0022256300   -0.0000127200
   0.0004952300    0.0029589400   -0.0000088800
  -0.0023531700    0.0015195300   -0.0003562100
  -0.0023338400    0.0001810500   -0.0004366100
  -0.0019994700   -0.0020125700   -0.0003465100
   0.0006119000   -0.0038868100   -0.0000081300
   0.0011499300   -0.0021881000   -0.0000126000
   0.0016233200   -0.0004185500   -0.0000066500
   0.0021579600    0.0001642700   -0.0000074100
   0.0029534500    0.0015150700   -0.0000126700
   0.0028990700    0.0041922100   -0.0000278200
  -0.0004081500    0.0082111900   -0.0000990900
  -0.0141187800   -0.0028685600    0.0052516700
  -0.0142420800    0.0024584700    0.0052493000
   0.0002100700   -0.0089386400   -0.0001083900
   0.0036888300   -0.0041392100   -0.0000259900
   0.0023035400   -0.0008728100   -0.0000125400
   0.0029342900   -0.0004176400   -0.0000119100
   0.0035306800    0.0000748500   -0.0000120100
   0.0053771100    0.0016450000   -0.0000094200
   0.0073759200    0.0055328100   -0.0001020400
   0.0051408900    0.0330628500   -0.0041106100
  -0.1878842600    0.0046698600   -0.0940851700
   0.0049337300   -0.0332269200   -0.0039398500
   0.0074962800   -0.0056253400   -0.0001083900
   0.0052918500   -0.0020462000   -0.0000082400

7    
 -0.0149999999993716   0.0259807621138959   0.0000000000000000
  -0.0025601300   -0.0018615100    0.0000000000
  -0.0024677900   -0.0007812400    0.0000000000
  -0.0029466700   -0.0015672000    0.0000000000
  -0.0052301800   -0.0041058300    0.0000000000
  -0.0145961900   -0.0172855400    0.0000000000
  -0.0893896000   -0.0931797100    0.0000000000
   0.8268052900   -1.3063328500    0.0000000000
  -0.0418030600   -0.0642793500    0.0000000000
  -0.0013682800   -0.0091795200    0.0000000000
   0.0007234200   -0.0031021600    0.0000000000
  -0.0012106200   -0.0013910100    0.0000000000
  -0.0025876200   -0.0009412600    0.0000000000
  -0.0039843700   -0.0013327300    0.0000000000
  -0.0088976600   -0.0018782200    0.0000000000
  -0.0176262300    0.0069134200    0.0000000000
  -0.0423091200    0.1290935600    0.0000000000
   0.0786320900    0.0022144800    0.0000000000
   0.0015952100   -0.0042336800    0.0000000000
   0.0017255800   -0.0021451700    0.0000000000
   0.0007598000   -0.0007933000    0.0000000000
  -0.0008531100   -0.0002182200    0.0000000000
  -0.0024775500    0.0011049500    0.0000000000
  -0.0046861700    0.0016580500    0.0000000000
  -0.0056206600    0.0067991400    0.0000000000
  -0.0009296100    0.0181474900    0.0000000000
   0.0026964900    0.0178092500    0.0000000000
   0.0086320900   -0.0045538800    0.0000000000
   0.0027520500    0.0006759900    0.0000000000
   0.0017082300    0.0004771300    0.0000000000
   0.0000543100    0.0005277000    0.0000000000
  -0.0005323700    0.0010150600    0.0000000000
  -0.0031283600    0.0019376100    0.0000000000
  -0.0026271700    0.0043211700    0.0000000000
  -0.0022256400    0.0077059100    0.0000000000
   0.0006291200    0.0100715900    0.0000000000
   0.0021561200    0.0041519100    0.0000000000
   0.0014624200    0.0013943100    0.0000000000
   0.0017535000    0.0010937000    0.0000000000
   0.0015164800    0.0015411800    0.0000000000
   0.0009179100    0.0015585400    0.0000000000
  -0.0025016800    0.0036924500    0.0000000000
  -0.0020950600    0.0047743200    0.0000000000
  -0.0008210400    0.0052152300    0.0000000000
   0.0004943800    0.0036803000    0.0000000000
   0.0003441400    0.0017779300    0.0000000000
   0.0016975400    0.0011906800    0.0000000000
   0.0024174200    0.0016662400    0.0000000000
   0.0031160400    0.0029433200    0.0000000000
   0.0018708300    0.0053151800    0.0000000000
  -0.0031468600    0.0051169300    0.0000000000
  -0.0030827300    0.0037776900    0.0000000000
  -0.0017544700    0.0035666100    0.0000000000
  -0.0009045800    0.0029200800    0.0000000000
  -0.0004787000    0.0010902800    0.0000000000
   0.0001054700    0.0004717800    0.0000000000
   0.0029154600    0.0010717400    0.0000000000
   0.0063264700    0.0029956700    0.0000000000
   0.0060349600    0.0077284900    0.0000000000
  -0.0030875100    0.0090758100    0.0000000000
  -0.0053541700    0.0059187400    0.0000000000
  -0.0040002600    0.0039964900    0.0000000000
  -0.0021959600    0.0024233100    0.0000000000
  -0.0022947500    0.0012508200    0.0000000000
  -0.0011317800   -0.0001949700    0.0000000000
   0.0005211000   -0.0003140100    0.0000000000
   0.0059932000    0.0002299900    0.0000000000
   0.0231497400    0.0046550200    0.0000000000
   0.0023038100    0.0188284700    0.0000000000
  -0.0149417800    0.0100844300    0.0000000000
  -0.0085526800    0.0046529700    0.0000000000
  -0.0043278300    0.0019751300    0.0000000000
  -0.0031967000    0.0001144500    0.0000000000
  -0.0027698300   -0.0008307600    0.0000000000
  -0.0018256100   -0.0021961400    0.0000000000
  -0.0029000500   -0.0047274600    0.0000000000
   0.0024656600   -0.0039068600    0.0000000000
   0.1248686000    0.0308668200    0.0000000000
  -0.0874861100    0.0980053100    0.0000000000
  -0.0162325700    0.0070591200    0.0000000000
  -0.0054792800    0.0009876200    0.0000000000
   0.0027969000    0.0007345500    0.0000000000
   0.0026527300    0.0010112200    0.0000000000
   0.0037896000    0.0015619500    0.0000000000
   0.0084912500    0.0030028200    0.0000000000
   0.0396174000    0.0060501200    0.0000000000
  -0.4994771100    0.4216049300    0.0000000000
  -0.1246539800    0.2053175400    0.0000000000
  -0.0111832400    0.0142759500    0.0000000000
   0.0005457300    0.0040657200    0.0000000000
   0.0004770100    0.0015190600    0.0000000000
   0.0022007000    0.0002302000    0.0000000000
   0.0030986700   -0.0003999200    0.0000000000
   0.0057614100   -0.0012938100    0.0000000000
   0.0129881900   -0.0054056900    0.0000000000
   0.0213597200   -0.0191593900    0.0000000000
  -0.0342346700   -0.0259417500    0.0000000000
  -0.0058551700    0.0180000500    0.0000000000
  -0.0011547300    0.0029126300    0.0000000000
  -0.0016484600   -0.0000832900    0.0000000000
   0.0001135300   -0.0008284700    0.0000000000
   0.0013364600   -0.0014590400    0.0000000000
   0.0041672000   -0.0025495400    0.0000000000
   0.0058580100   -0.0049043000    0.0000000000
   0.0059045300   -0.0090895300    0.0000000000
  -0.0018755300   -0.0126332900    0.0000000000
  -0.0092189600   -0.0057722600    0.0000000000
  -0.0032380400    0.0010408000    0.0000000000
  -0.0017595400   -0.0011864300    0.0000000000
  -0.0014770900   -0.0012128600    0.0000000000
   0.0004510000   -0.0017917000    0.0000000000
   0.0021928700    0.0005685600    0.0000000000
   0.0030577800   -0.0036317600    0.0000000000
   0.0035914500   -0.0051401200    0.0000000000
   0.0009808600   -0.0066446700    0.0000000000
  -0.0023767400   -0.0056434000    0.0000000000
  -0.0032489000   -0.0028826200    0.0000000000
  -0.0020426300   -0.0006007900    0.0000000000
  -0.0014601400   -0.0012732600    0.0000000000
  -0.0013442100   -0.0024119500    0.0000000000
  -0.0026741800   -0.0033789300    0.0000000000
   0.0031435000   -0.0049218100    0.0000000000
   0.0028608400   -0.0040548000    0.0000000000
   0.0014974700   -0.0037168400    0.0000000000
   0.0003791400   -0.0027347600    0.0000000000
  -0.0014303100   -0.0019612500    0.0000000000
  -0.0014734800   -0.0015727100    0.0000000000
  -0.0019695500   -0.0010428800    0.0000000000
  -0.0030835200   -0.0027831000    0.0000000000
  -0.0023698400   -0.0066028500    0.0000000000
   0.0011590300   -0.0077592200    0.0000000000
   0.0030773700   -0.0054872100    0.0000000000
   0.0025709500   -0.0036457100    0.0000000000
   0.0013146700   -0.0025730000    0.0000000000
   0.0004686200   -0.0023649400    0.0000000000
   0.0001819700   -0.0004672000    0.0000000000
  -0.0019447800    0.0008099500    0.0000000000
  -0.0042910800   -0.0003256200    0.0000000000
  -0.0077978400   -0.0069566000    0.0000000000
  -0.0017192900   -0.0141443200    0.0000000000
   0.0050244100   -0.0090557100    0.0000000000
   0.0049498800   -0.0049607400    0.0000000000
   0.0030022100   -0.0022103500    0.0000000000
   0.0018166100   -0.0007875700    0.0000000000
   0.0012639000    0.0005855900    0.0000000000
   0.0007778800    0.0018220300    0.0000000000
  -0.0020043800    0.0046368800    0.0000000000
  -0.0116191000    0.0056154600    0.0000000000
  -0.0244944600   -0.0318809300    0.0000000000
   0.0064064600   -0.0283697600    0.0000000000
   0.0108349000   -0.0054233400    0.0000000000
   0.0065691200   -0.0011299700    0.0000000000
   0.0025533000    0.0003871600    0.0000000000
   0.0017864100    0.0008222500    0.0000000000
   0.0021411300    0.0010286800    0.0000000000
   0.0030033400    0.0036673300    0.0000000000
   0.0000498900    0.0120172200    0.0000000000
  -0.0317515400    0.0581193200    0.0000000000
  -0.1238755100    0.5420704500    0.0000000000
   0.0385317200    0.0147298100    0.0000000000
   0.0091743800    0.0048925400    0.0000000000
   0.0042511700    0.0011522100    0.0000000000

7    
  0.0149999999993716  -0.0259807621138959   0.0000000000000000
   0.0009712900    0.0026163500    0.0000000000
   0.0017200100    0.0012601000    0.0000000000
   0.0030091400    0.0014571000    0.0000000000
   0.0057345400    0.0045158700    0.0000000000
   0.0157363900    0.0180939300    0.0000000000
   0.0889919500    0.0937776400    0.0000000000
  -0.7108590200    1.3749272900    0.0000000000
   0.0405724900    0.0679493100    0.0000000000
   0.0005300300    0.0099739800    0.0000000000
  -0.0006183100    0.0024146100    0.0000000000
   0.0006228400    0.0009860200    0.0000000000
   0.0018380700    0.0002995300    0.0000000000
   0.0046274400    0.0005652200    0.0000000000
   0.0093159800    0.0014550400    0.0000000000
   0.0172336400   -0.0073209500    0.0000000000
   0.0408359000   -0.1246977400    0.0000000000
  -0.0768975900   -0.0040745000    0.0000000000
  -0.0032735400    0.0038503000    0.0000000000
  -0.0026504200    0.0016361800    0.0000000000
  -0.0003270600    0.0007605100    0.0000000000
   0.0006595000   -0.0002106200    0.0000000000
   0.0023044100   -0.0004601500    0.0000000000
   0.0048657700   -0.0021124500    0.0000000000
   0.0052510600   -0.0066333700    0.0000000000
   0.0015821100   -0.0182254100    0.0000000000
  -0.0018624100   -0.0187881200    0.0000000000
  -0.0091979900    0.0032161900    0.0000000000
  -0.0031206200   -0.0002941200    0.0000000000
  -0.0015963000   -0.0000832300    0.0000000000
  -0.0011099300   -0.0011722100    0.0000000000
   0.0000191000   -0.0008166100    0.0000000000
   0.0035247400   -0.0016122600    0.0000000000
   0.0038696300   -0.0048973200    0.0000000000
   0.0020354800   -0.0072539700    0.0000000000
  -0.0003442200   -0.0094646500    0.0000000000
  -0.0020171300   -0.0050290400    0.0000000000
  -0.0016164400   -0.0032036400    0.0000000000
  -0.0022847100   -0.0015586200    0.0000000000
  -0.0020831800   -0.0015567500    0.0000000000
  -0.0009484100   -0.0022851100    0.0000000000
   0.0024092500   -0.0042979500    0.0000000000
   0.0026733300   -0.0048200900    0.0000000000
   0.0013691400   -0.0056196300    0.0000000000
  -0.0003393000   -0.0053159200    0.0000000000
  -0.0004739500   -0.0027280800    0.0000000000
  -0.0016669200   -0.0019085500    0.0000000000
  -0.0032569000   -0.0019038400    0.0000000000
  -0.0027500100   -0.0032462200    0.0000000000
  -0.0013405400   -0.0052678900    0.0000000000
   0.0027193200   -0.0050635400    0.0000000000
   0.0025292300   -0.0039783600    0.0000000000
   0.0026842800   -0.0038138900    0.0000000000
   0.0009694800   -0.0035354600    0.0000000000
   0.0013123400   -0.0019354500    0.0000000000
  -0.0011186100   -0.0012735000    0.0000000000
  -0.0030105600   -0.0009615600    0.0000000000
  -0.0065862300   -0.0021070800    0.0000000000
  -0.0064841500   -0.0072563100    0.0000000000
   0.0032800400   -0.0077228700    0.0000000000
   0.0057396100   -0.0053937300    0.0000000000
   0.0041312200   -0.0029649900    0.0000000000
   0.0024667100   -0.0022607200    0.0000000000
   0.0019745200   -0.0002191400    0.0000000000
   0.0010783500    0.0000496900    0.0000000000
  -0.0003077600    0.0014299600    0.0000000000
  -0.0054967300   -0.0001551100    0.0000000000
  -0.0232436900   -0.0044143400    0.0000000000
  -0.0024684500   -0.0194533800    0.0000000000
   0.0154547600   -0.0107479000    0.0000000000
   0.0086038100   -0.0041682200    0.0000000000
   0.0036867800   -0.0016522700    0.0000000000
   0.0021575900    0.0004860700    0.0000000000
   0.0015706500    0.0005105100    0.0000000000
   0.0030199200    0.0019281400    0.0000000000
   0.0035122200    0.0052398500    0.0000000000
  -0.0015923600    0.0045796100    0.0000000000
  -0.1259094300   -0.0319048300    0.0000000000
   0.0900844500   -0.1018533800    0.0000000000
   0.0169290400   -0.0070345500    0.0000000000
   0.0041865100    0.0000880300    0.0000000000
  -0.0009732500   -0.0018687400    0.0000000000
  -0.0022305300   -0.0004691300    0.0000000000
  -0.0041836500   -0.0010792900    0.0000000000
  -0.0099840000   -0.0041585200    0.0000000000
  -0.0389338900   -0.0056893400    0.0000000000
   0.4007791900   -0.3750430400    0.0000000000
   0.1162480300   -0.2115026800    0.0000000000
   0.0124621000   -0.0144919100    0.0000000000
  -0.0011242900   -0.0035098900    0.0000000000
  -0.0003688600   -0.0005922300    0.0000000000
  -0.0008922600    0.0000421800    0.0000000000
  -0.0031188000    0.0005121000    0.0000000000
  -0.0068728300    0.0015887000    0.0000000000
  -0.0127571200    0.0061449700    0.0000000000
  -0.0217755900    0.0203287800    0.0000000000
   0.0321704100    0.0269648200    0.0000000000
   0.0075140500   -0.0166027900    0.0000000000
   0.0017106200   -0.0017498500    0.0000000000
   0.0008860300   -0.0002640900    0.0000000000
  -0.0003350000    0.0002706000    0.0000000000
  -0.0011591900    0.0011248600    0.0000000000
  -0.0041850000    0.0022613800    0.0000000000
  -0.0055881000    0.0043230000    0.0000000000
  -0.0050880800    0.0084671900    0.0000000000
   0.0005818400    0.0124105300    0.0000000000
   0.0090738700    0.0063983500    0.0000000000
   0.0044348900   -0.0011414800    0.0000000000
   0.0026687200    0.0008552900    0.0000000000
   0.0007645900    0.0014649700    0.0000000000
   0.0003253900    0.0021971100    0.0000000000
  -0.0020678800   -0.0006787000    0.0000000000
  -0.0035827400    0.0039966800    0.0000000000
  -0.0030181100    0.0053008500    0.0000000000
  -0.0017618700    0.0061832200    0.0000000000
   0.0021689000    0.0049583400    0.0000000000
   0.0033030700    0.0021598400    0.0000000000
   0.0019054600    0.0026579700    0.0000000000
   0.0024404400    0.0021261500    0.0000000000
   0.0010392700    0.0027054100    0.0000000000
   0.0025917300    0.0034698600    0.0000000000
  -0.0029628100    0.0049261200    0.0000000000
  -0.0026211800    0.0042582300    0.0000000000
  -0.0024774000    0.0045342700    0.0000000000
  -0.0001072500    0.0047252700    0.0000000000
   0.0013047600    0.0031832200    0.0000000000
   0.0008170300    0.0006199000    0.0000000000
   0.0026069300    0.0011416200    0.0000000000
   0.0032563900    0.0026471500    0.0000000000
   0.0020132700    0.0067445500    0.0000000000
  -0.0010750900    0.0071158900    0.0000000000
  -0.0027087500    0.0054769800    0.0000000000
  -0.0028172800    0.0034737900    0.0000000000
  -0.0018695700    0.0026677100    0.0000000000
   0.0001708300    0.0012758500    0.0000000000
  -0.0000711400   -0.0001176700    0.0000000000
   0.0013129200   -0.0002700700    0.0000000000
   0.0044987100   -0.0000951800    0.0000000000
   0.0075921800    0.0059189500    0.0000000000
   0.0012464600    0.0149565600    0.0000000000
  -0.0047145300    0.0096425400    0.0000000000
  -0.0046730700    0.0037719800    0.0000000000
  -0.0031860600    0.0017644600    0.0000000000
  -0.0012460700    0.0012157800    0.0000000000
  -0.0018026900   -0.0002908200    0.0000000000
  -0.0000594900   -0.0015494300    0.0000000000
   0.0025322100   -0.0035823300    0.0000000000
   0.0099433800   -0.0062818400    0.0000000000
   0.0251599400    0.0315979000    0.0000000000
  -0.0063714600    0.0293529600    0.0000000000
  -0.0117852400    0.0048931200    0.0000000000
  -0.0046254800    0.0001705900    0.0000000000
  -0.0031667500    0.0005641200    0.0000000000
  -0.0029207500   -0.0008698000    0.0000000000
  -0.0020862700   -0.0017465400    0.0000000000
  -0.0017283100   -0.0038076300    0.0000000000
  -0.0008937400   -0.0125979900    0.0000000000
   0.0337687200   -0.0571502400    0.0000000000
   0.1156583400   -0.6524378800    0.0000000000
  -0.0394114600   -0.0165633500    0.0000000000
  -0.0099670700   -0.0047749200    0.0000000000
  -0.0031419000   -0.0019127500    0.0000000000

10   
  0.0234443241590582   0.0000000000000033   0.0187180037590817
  -0.0305202400   -0.0535580000   -0.0001265200
   0.0108215900   -0.0082727300    0.0002088600
   0.0064196000   -0.0043208900   -0.0000187700
   0.0043610300   -0.0013298100   -0.0000186400
   0.0041500800    0.0003320500   -0.0000064000
   0.0045148000    0.0017186100   -0.0000181100
   0.0067099500    0.0049479100   -0.0000178200
   0.0113734100    0.0096273400    0.0002169400
  -0.0277962400    0.0540898000    0.0013336100
  -1.2095137500   -0.0496071600   -0.2638414500
   0.1047005800   -0.0214072100    0.0000370900
   0.0126849900   -0.0068559300   -0.0011816400
   0.0061173600   -0.0020959700    0.0000404100
   0.0043071000   -0.0006873300   -0.0000117300
   0.0039302400    0.0000563100   -0.0000114500
   0.0064147300    0.0014538900    0.0000429000
   0.0126622000    0.0063277600   -0.0012180800
   0.1000826700    0.0219273400    0.0015643900
  -0.0297145900   -0.0963247300    0.0006442100
  -0.0268985400    0.0971689800    0.0005205000
   0.0126580900    0.0085873200    0.0002536200
   0.0065607800    0.0011614100   -0.0000188900
   0.0041969200   -0.0002519600   -0.0000192200
   0.0034098600   -0.0000612600   -0.0000064100
   0.0044651700   -0.0003924600   -0.0000182100
   0.0068037100   -0.0014780600   -0.0000177800
   0.0108467400   -0.0095592400    0.0002193600
  -0.0062578700   -0.0165047900   -0.0011510700
  -0.0036092600   -0.0005932900    0.0002007400
  -0.0062520200    0.0170582900   -0.0012166200
   0.0036696500    0.0056165900   -0.0000408500
   0.0025001900    0.0016209000   -0.0000208300
   0.0033545000    0.0000499800   -0.0000068900
   0.0026029600   -0.0003813300   -0.0000064700
   0.0030601900   -0.0018738800   -0.0000172400
   0.0022968200   -0.0070025500   -0.0000170600
  -0.0008684300   -0.0062036600    0.0000359200
  -0.0023389600   -0.0044141900   -0.0000167400
  -0.0023475900    0.0034585200   -0.0000186900
  -0.0007291400    0.0044636000    0.0000593700
   0.0011209300    0.0001613000   -0.0000070500
   0.0017859700   -0.0002593100   -0.0000055800
   0.0017238200   -0.0016412200   -0.0000066200
   0.0010553900   -0.0040604800   -0.0000180600
   0.0000721000   -0.0030689000   -0.0000112300
  -0.0004051100   -0.0028210500   -0.0000179400
  -0.0011610900   -0.0003798800   -0.0000175400
  -0.0004413100    0.0019016600   -0.0000179600
   0.0007732000    0.0029685200   -0.0000136300
  -0.0006424000    0.0022245500   -0.0000061500
   0.0002309000    0.0004788700   -0.0000062700
   0.0008963700   -0.0007293800   -0.0000066100
   0.0004675400   -0.0020494000   -0.0000064200
   0.0005297700   -0.0022421300   -0.0000114200
  -0.0000946400   -0.0021548300   -0.0000065500
   0.0003309700   -0.0008021700   -0.0000066700
   0.0001837700    0.0011266300   -0.0000067000
   0.0002533000    0.0022534000   -0.0000066400
   0.0001525000    0.0028831500   -0.0000108000
  -0.0004158400    0.0017223500   -0.0000179100
  -0.0006323100    0.0005877600   -0.0000170200
  -0.0003106300   -0.0010138000   -0.0000182100
  -0.0010397400   -0.0015623700    0.0000373600
   0.0008832000   -0.0019955500   -0.0000183700
   0.0014972200   -0.0006387700   -0.0000067400
   0.0017087600    0.0000354400   -0.0000056800
   0.0013754000    0.0014735700   -0.0000064600
   0.0008581100    0.0019512600   -0.0000181700
  -0.0006811200    0.0021214900    0.0000430800
  -0.0021448300    0.0011231000   -0.0000198100
  -0.0024931900   -0.0004112200   -0.0000191600
  -0.0068280600   -0.0040789100   -0.0011495700
   0.0015114500   -0.0033084400   -0.0000188000
   0.0034550700   -0.0022310700   -0.0000175700
   0.0029564400   -0.0004251600   -0.0000067200
   0.0032580400    0.0011373600   -0.0000066500
   0.0026698000    0.0022488800   -0.0000173700
   0.0023172000    0.0038915800   -0.0000184500
  -0.0057412800    0.0047267600   -0.0012074100
  -0.0043636800    0.0007977400    0.0002158000
  -0.0033729400    0.0322251200    0.0041114800
  -0.0077368200    0.0062235100    0.0000979500
  -0.0050510600    0.0020390300    0.0000089700
  -0.0043505700   -0.0000695600    0.0000120500
  -0.0032620500   -0.0000471000    0.0000120100
  -0.0051294000   -0.0018218900    0.0000079900
  -0.0080285600   -0.0065507700    0.0001044500
  -0.0051652500   -0.0331777400    0.0040451300
   0.1878182200    0.0052225400    0.0942418300
   0.4816076900    0.1736006800    0.0885668200
  -0.0217949100   -0.0069511800   -0.0051642400
  -0.0080286700   -0.0000913900    0.0003524600
  -0.0052233400    0.0002550900    0.0000051300
  -0.0038730500    0.0005088400    0.0000079800
  -0.0049493800    0.0005342800    0.0000040500
  -0.0085641600    0.0005323200    0.0003689400
  -0.0212613800    0.0071059200   -0.0055531800
   0.4161672300   -0.1285353700    0.0985441700
   0.0512225500    0.0006446100    0.0039545700
  -0.0122622500   -0.0292998800   -0.0050151500
  -0.0101998900   -0.0064002700    0.0004042000
  -0.0048085000   -0.0019265100   -0.0000093300
  -0.0036828900   -0.0005463800    0.0000115500
  -0.0033793200    0.0002235700    0.0000122400
  -0.0057222000    0.0018017600   -0.0000212800
  -0.0086053300    0.0065360300    0.0004790000
  -0.0102095400    0.0283984800   -0.0053477500
   0.0084484100    0.0050047700    0.0001052100
   0.0076738000   -0.0042640500    0.0001074600
  -0.0011868700   -0.0071370700    0.0003284700
  -0.0039815500   -0.0000811900    0.0000157300
  -0.0031267800   -0.0008297800    0.0000100000
  -0.0024519700    0.0002173300    0.0000057200
  -0.0033367400    0.0012169400    0.0000145900
  -0.0032609000    0.0032099200   -0.0000204900
  -0.0010076900    0.0071592300    0.0003523500
   0.0015034800    0.0040948100    0.0000092500
   0.0040461300    0.0007646800    0.0000266400
   0.0014072000   -0.0023400900    0.0000087000
  -0.0014975600   -0.0032151200    0.0000031200
   0.0011464100   -0.0007654000    0.0000088600
  -0.0015945100   -0.0000931600    0.0000063000
  -0.0021574700    0.0011159600    0.0000051600
  -0.0013543800    0.0029267700    0.0000120600
  -0.0006823100    0.0037989400    0.0000050000
  -0.0002328400    0.0015144900    0.0000118700
   0.0012446900    0.0010676900    0.0000125300
   0.0011065400   -0.0008151400    0.0000123800
   0.0000669300   -0.0022315100    0.0000118600
  -0.0002750900   -0.0025780100    0.0000090400
  -0.0002136000   -0.0016948700    0.0000114200
  -0.0006652600   -0.0001253200    0.0000140900
  -0.0008323700    0.0011924600    0.0000121400
  -0.0001265500    0.0014008700    0.0000079000
  -0.0002985600    0.0016653200    0.0000120300
  -0.0006540600    0.0015210100    0.0000074400
  -0.0000775200   -0.0001836500    0.0000066600
  -0.0003183700   -0.0018797400    0.0000074100
  -0.0005273200   -0.0019029400    0.0000121200
   0.0003489300   -0.0018510100    0.0000043200
   0.0006607200   -0.0015912700   -0.0000180900
   0.0004449700    0.0004402000   -0.0000190000
   0.0004472100    0.0020085800    0.0000050300
  -0.0006472600    0.0033032100    0.0000089700
  -0.0008494500    0.0021234000    0.0000126500
  -0.0010844900    0.0011950700    0.0000067200
  -0.0021880500   -0.0010943800    0.0000066300
  -0.0007503700   -0.0023365700    0.0000125700
  -0.0005166100   -0.0029649700    0.0000083200
   0.0017771500   -0.0026132500    0.0003578700
   0.0031260400   -0.0006673400    0.0004671400
   0.0019918000    0.0024826400    0.0003545300
  -0.0009275100    0.0084311900    0.0001018000
  -0.0026074100    0.0033658800    0.0000278400
  -0.0020172800    0.0013721400    0.0000127000
  -0.0029871300   -0.0002541400    0.0000074100
  -0.0022254100   -0.0012609100    0.0000124900
  -0.0023833000   -0.0043108100    0.0000266400
  -0.0010262700   -0.0092878400    0.0001057300
   0.0137794800    0.0019992900   -0.0054151300
   0.0151954400   -0.0030884700   -0.0053128100

10   
 -0.0234443241590582  -0.0000000000000033  -0.0187180037590817
   0.0275393400    0.0537975800   -0.0011611200
  -0.0115011600    0.0087169800   -0.0001921100
  -0.0063013900    0.0041704900    0.0000157800
  -0.0037830400    0.0017085900    0.0000184000
  -0.0028099100    0.0004079000    0.0000063700
  -0.0036727600   -0.0012361200    0.0000183600
  -0.0061986300   -0.0037156000    0.0000204700
  -0.0119922900   -0.0083231000   -0.0002331700
   0.0287044700   -0.0540583100   -0.0000365400
   1.2088281000   -0.0325552200    0.2643030500
  -0.1018080600    0.0210805500   -0.0017381700
  -0.0132432200    0.0061169100    0.0012429500
  -0.0053999100    0.0012904200   -0.0000442000
  -0.0037995200    0.0002291000    0.0000115000
  -0.0042101500   -0.0006302700    0.0000116600
  -0.0050972800   -0.0017875100   -0.0000392700
  -0.0127825500   -0.0065262700    0.0011621100
  -0.1047844400   -0.0219743700    0.0001001000
   0.0283670900    0.0965634400   -0.0002769700
   0.0279476400   -0.0965182400   -0.0009254700
  -0.0126837500   -0.0090099500   -0.0002882400
  -0.0066246300   -0.0005544400    0.0000162100
  -0.0039601900   -0.0002472700    0.0000191900
  -0.0037623300    0.0001138000    0.0000064100
  -0.0038588100    0.0000452500    0.0000183600
  -0.0060323100    0.0004088400    0.0000203900
  -0.0116369500    0.0085822600   -0.0001897600
   0.0057717900    0.0170727500    0.0011216800
   0.0037564600    0.0013542800   -0.0001987400
   0.0053465900   -0.0175667400    0.0012533800
  -0.0040965200   -0.0053719100    0.0000404800
  -0.0020614400   -0.0013037900    0.0000208400
  -0.0020997400   -0.0006593500    0.0000068100
  -0.0028192600    0.0007856800    0.0000065600
  -0.0028441200    0.0024633000    0.0000175000
  -0.0022091200    0.0062578400    0.0000189600
   0.0006827400    0.0044845700   -0.0000331900
   0.0018124100    0.0041032500    0.0000165900
   0.0018191000   -0.0033213800    0.0000182700
   0.0007553600   -0.0051070900   -0.0000632900
  -0.0012140900   -0.0007585600    0.0000069800
  -0.0012200000    0.0002152400    0.0000055400
  -0.0012059800    0.0012465900    0.0000067100
  -0.0009338100    0.0024775300    0.0000181600
  -0.0002138800    0.0021791500    0.0000112300
   0.0004431600    0.0021908600    0.0000180400
   0.0003456400    0.0002533600    0.0000175800
   0.0008404600   -0.0021090300    0.0000178600
  -0.0002177800   -0.0028324400    0.0000136900
   0.0001888900   -0.0021148600    0.0000061400
  -0.0007941200   -0.0006496900    0.0000062400
   0.0000132700    0.0005090900    0.0000065900
  -0.0004240800    0.0014714400    0.0000065000
   0.0002927500    0.0014398600    0.0000112000
  -0.0009017200    0.0014134700    0.0000065000
  -0.0003848700    0.0009968900    0.0000066500
  -0.0004119300   -0.0001305000    0.0000066600
  -0.0006532800   -0.0016576900    0.0000067100
  -0.0000127800   -0.0014215500    0.0000110300
   0.0007731100   -0.0011380600    0.0000179500
   0.0007454100    0.0004880400    0.0000170300
   0.0005555500    0.0012152800    0.0000181600
   0.0006777000    0.0026235500   -0.0000379800
  -0.0009262000    0.0018870000    0.0000182200
  -0.0012201500    0.0018162000    0.0000065900
  -0.0010840300    0.0001497600    0.0000056600
  -0.0013960500   -0.0010073600    0.0000065700
  -0.0010603600   -0.0023603300    0.0000183000
   0.0010199600   -0.0026415900   -0.0000424300
   0.0022086000   -0.0005748300    0.0000205400
   0.0018101200    0.0007956700    0.0000183500
   0.0055874900    0.0046736500    0.0011737800
  -0.0027254900    0.0030013200    0.0000160600
  -0.0022128300    0.0019783400    0.0000175600
  -0.0022069900    0.0010021300    0.0000065600
  -0.0019406900   -0.0002070800    0.0000067900
  -0.0031678900   -0.0021273900    0.0000173900
  -0.0023503800   -0.0029575700    0.0000212200
   0.0066458600   -0.0046546500    0.0011812200
   0.0031375300    0.0004943200   -0.0002152400
   0.0056800500   -0.0330631800   -0.0039539800
   0.0081231300   -0.0056026500   -0.0001044100
   0.0045973300   -0.0015173200   -0.0000074200
   0.0027898100   -0.0010350700   -0.0000119600
   0.0038974000    0.0007287300   -0.0000120300
   0.0045763600    0.0016319400   -0.0000095200
   0.0080808000    0.0052735300   -0.0000983800
   0.0050617700    0.0333183500   -0.0042071200
  -0.1886035400    0.0055766500   -0.0942380500
  -0.4298147000   -0.1364726700   -0.0983282800
   0.0232041100    0.0070831000    0.0053884000
   0.0079429400    0.0002355300   -0.0003632700
   0.0040378300    0.0000811500   -0.0000046200
   0.0039709400    0.0003458400   -0.0000079600
   0.0044252000    0.0005011800   -0.0000045800
   0.0073504600    0.0001592500   -0.0003589300
   0.0223306200   -0.0066329900    0.0053416300
  -0.4666557000    0.1647149800   -0.0892023400
  -0.0520696100   -0.0017888500   -0.0039547900
   0.0118128700    0.0289101100    0.0051992100
   0.0102132200    0.0060187500   -0.0004117600
   0.0047195300    0.0016432000    0.0000107700
   0.0039060100    0.0000077400   -0.0000114900
   0.0042149800   -0.0007914400   -0.0000123100
   0.0045599900   -0.0019827800    0.0000193900
   0.0087080800   -0.0060317400   -0.0004692700
   0.0114940600   -0.0284235300    0.0051703100
  -0.0074932200   -0.0055199900   -0.0001082500
  -0.0084982100    0.0043436500   -0.0001051600
   0.0018777100    0.0074871600   -0.0003414000
   0.0040237700   -0.0000209700   -0.0000154600
   0.0025684800    0.0011863700   -0.0000097600
   0.0030303300   -0.0000504400   -0.0000056500
   0.0026049900   -0.0016773700   -0.0000145700
   0.0031401800   -0.0039525100    0.0000185800
   0.0011122300   -0.0079562300   -0.0003393300
  -0.0016209700   -0.0021355300   -0.0000095700
  -0.0030899400   -0.0000358800   -0.0000265700
  -0.0017708600    0.0025283000   -0.0000081900
   0.0013634800    0.0032129900   -0.0000018300
  -0.0009363800    0.0007414300   -0.0000087500
   0.0018342300    0.0002758700   -0.0000063200
   0.0011983100   -0.0003204900   -0.0000051900
   0.0016640500   -0.0009733600   -0.0000120300
   0.0005909000   -0.0026401100   -0.0000059300
  -0.0004192600   -0.0025323500   -0.0000118700
  -0.0006230000   -0.0010590800   -0.0000125100
  -0.0009648300    0.0005778500   -0.0000123800
  -0.0004549400    0.0022584600   -0.0000118200
   0.0003563300    0.0018376800   -0.0000092200
   0.0005924500    0.0016280400   -0.0000115100
   0.0004334400   -0.0000869100   -0.0000141000
   0.0003000300   -0.0011356900   -0.0000120200
   0.0007857800   -0.0025356800   -0.0000078000
   0.0004075700   -0.0022899000   -0.0000119300
  -0.0000068900   -0.0010449400   -0.0000074000
   0.0002388200   -0.0003442200   -0.0000067000
   0.0000953900    0.0007348800   -0.0000074700
   0.0000539500    0.0025111200   -0.0000121300
  -0.0000152500    0.0023675000   -0.0000039300
  -0.0003686200    0.0003439500    0.0000180900
  -0.0006071800   -0.0009400600    0.0000190600
   0.0001465900   -0.0016188900   -0.0000054200
   0.0001206300   -0.0030189800   -0.0000078100
   0.0015334800   -0.0018722000   -0.0000125100
   0.0015224500   -0.0002027000   -0.0000066400
   0.0003841800    0.0002155600   -0.0000067100
   0.0016254900    0.0018366000   -0.0000126800
   0.0003470200    0.0038854100   -0.0000094600
  -0.0027324900    0.0020539300   -0.0003612900
  -0.0011817400   -0.0004004000   -0.0004671200
  -0.0025360000   -0.0015968400   -0.0003508700
  -0.0001419500   -0.0084106700   -0.0001107100
   0.0026441500   -0.0040577300   -0.0000260000
   0.0032090400   -0.0015003300   -0.0000125600
   0.0019073500   -0.0003223500   -0.0000073600
   0.0030371700    0.0015475200   -0.0000126500
   0.0030708000    0.0033050500   -0.0000284200
   0.0001379700    0.0084141200   -0.0000967400
  -0.0149967400   -0.0022427100    0.0053816800
  -0.0137178700    0.0018518300    0.0053426100

10   
 -0.0149999999993716   0.0259807621138959   0.0000000000000000
  -0.0880029400    0.0967339100    0.0000000000
  -0.0175708100    0.0073938000    0.0000000000
  -0.0051041100    0.0004621500    0.0000000000
  -0.0025527900    0.0000256300    0.0000000000
  -0.0015944900   -0.0002783000    0.0000000000
  -0.0020614300   -0.0018035000    0.0000000000
  -0.0030072800   -0.0043876800    0.0000000000
   0.0016382900   -0.0036660900    0.0000000000
   0.1247480100    0.0297815200    0.0000000000
   0.8229047000   -1.2916232200    0.0000000000
  -0.0419045100   -0.0642005100    0.0000000000
  -0.0015050600   -0.0098038200    0.0000000000
  -0.0016042500   -0.0026400000    0.0000000000
  -0.0019274700   -0.0012625100    0.0000000000
  -0.0031565300   -0.0018066900    0.0000000000
  -0.0048064100   -0.0044943700    0.0000000000
  -0.0152132700   -0.0178657800    0.0000000000
  -0.0903323300   -0.0934152500    0.0000000000
  -0.0425927900    0.1279626500    0.0000000000
   0.0790107400    0.0016801300    0.0000000000
   0.0020182200   -0.0041033600    0.0000000000
   0.0003095000   -0.0023893500    0.0000000000
  -0.0008903000   -0.0014788400    0.0000000000
  -0.0024101800   -0.0006370300    0.0000000000
  -0.0039356300   -0.0011516500    0.0000000000
  -0.0083331600   -0.0021201900    0.0000000000
  -0.0169972700    0.0070404900    0.0000000000
  -0.0010417600    0.0179320300    0.0000000000
   0.0028416700    0.0189417200    0.0000000000
   0.0087497200   -0.0043311000    0.0000000000
   0.0018936600   -0.0017295300    0.0000000000
   0.0006923600   -0.0006708600    0.0000000000
  -0.0002813800   -0.0002971100    0.0000000000
  -0.0025310300    0.0009116300    0.0000000000
  -0.0040230100    0.0022390800    0.0000000000
  -0.0047982700    0.0061891200    0.0000000000
  -0.0017926900    0.0063464100    0.0000000000
   0.0005161100    0.0094493600    0.0000000000
   0.0020860700    0.0050419700    0.0000000000
   0.0029275900    0.0009201400    0.0000000000
   0.0002219700    0.0001579200    0.0000000000
  -0.0006511600    0.0015546800    0.0000000000
  -0.0019304700    0.0024098300    0.0000000000
  -0.0026290500    0.0035980700    0.0000000000
  -0.0021263200    0.0041472100    0.0000000000
  -0.0008831500    0.0049657700    0.0000000000
   0.0001028900    0.0043774500    0.0000000000
   0.0016916500    0.0020801400    0.0000000000
   0.0018268900    0.0012352500    0.0000000000
   0.0007334300    0.0017642800    0.0000000000
   0.0003287600    0.0023506300    0.0000000000
  -0.0006647200    0.0031129900    0.0000000000
  -0.0021489100    0.0035300800    0.0000000000
  -0.0025110400    0.0037139300    0.0000000000
  -0.0026700700    0.0033633000    0.0000000000
  -0.0009531100    0.0033112100    0.0000000000
   0.0002399900    0.0027555400    0.0000000000
   0.0013352100    0.0018309300    0.0000000000
   0.0027794800    0.0026160400    0.0000000000
   0.0029681000    0.0035607100    0.0000000000
   0.0005048700    0.0051108300    0.0000000000
  -0.0022643100    0.0046700300    0.0000000000
  -0.0054873100    0.0057100900    0.0000000000
  -0.0041852900    0.0034354400    0.0000000000
  -0.0022872100    0.0029850200    0.0000000000
  -0.0006664300    0.0016496400    0.0000000000
   0.0004962100    0.0011310500    0.0000000000
   0.0027645100    0.0008526800    0.0000000000
   0.0065865200    0.0022547000    0.0000000000
   0.0057849900    0.0070243300    0.0000000000
  -0.0034396900    0.0077376100    0.0000000000
  -0.0152136400    0.0099979200    0.0000000000
  -0.0092998700    0.0041523600    0.0000000000
  -0.0035878900    0.0017339800    0.0000000000
  -0.0018897200    0.0010737100    0.0000000000
  -0.0005391300    0.0003881500    0.0000000000
   0.0000859000   -0.0007848300    0.0000000000
   0.0056495600    0.0005916400    0.0000000000
   0.0233002400    0.0040400100    0.0000000000
   0.0015193200    0.0186896300    0.0000000000
   0.0404598600    0.0141435900    0.0000000000
   0.0101660600    0.0050832200    0.0000000000
   0.0036811100    0.0018129100    0.0000000000
   0.0016964100    0.0003034600    0.0000000000
   0.0025034100    0.0017257000    0.0000000000
   0.0021275900    0.0036451100    0.0000000000
   0.0005477700    0.0117328800    0.0000000000
  -0.0323308200    0.0582164100    0.0000000000
  -0.1240011700    0.5316814300    0.0000000000
  -0.1252007800    0.2061218800    0.0000000000
  -0.0106520300    0.0143483000    0.0000000000
   0.0010573700    0.0038102200    0.0000000000
   0.0014324800    0.0015318600    0.0000000000
   0.0025592200    0.0012024200    0.0000000000
   0.0037289800    0.0018677500    0.0000000000
   0.0085837700    0.0039118600    0.0000000000
   0.0400502800    0.0057355600    0.0000000000
  -0.4952233200    0.4191969800    0.0000000000
  -0.0341443500   -0.0269346100    0.0000000000
  -0.0067467800    0.0174346600    0.0000000000
  -0.0011313200    0.0020224100    0.0000000000
   0.0005412700    0.0010012800    0.0000000000
   0.0017902400   -0.0000683500    0.0000000000
   0.0035247500   -0.0006920800    0.0000000000
   0.0054128700   -0.0014028800    0.0000000000
   0.0123817600   -0.0054238100    0.0000000000
   0.0209670100   -0.0190001000    0.0000000000
  -0.0011529400   -0.0125766900    0.0000000000
  -0.0098980600   -0.0064193300    0.0000000000
  -0.0035666600    0.0010897300    0.0000000000
  -0.0013412000    0.0003845700    0.0000000000
   0.0000689100   -0.0002878400    0.0000000000
   0.0020114100   -0.0012595900    0.0000000000
   0.0030116200   -0.0025834700    0.0000000000
   0.0050930000   -0.0047999700    0.0000000000
   0.0049526200   -0.0088762800    0.0000000000
   0.0009502900   -0.0052902400    0.0000000000
  -0.0020478100   -0.0049814100    0.0000000000
  -0.0037325000   -0.0027853000    0.0000000000
  -0.0013084900   -0.0020281900    0.0000000000
   0.0005971400   -0.0006445200    0.0000000000
   0.0003781100   -0.0018951800    0.0000000000
   0.0011921400   -0.0025553300    0.0000000000
   0.0029235400   -0.0028192100    0.0000000000
   0.0027447800   -0.0044655700    0.0000000000
   0.0014000500   -0.0046160300    0.0000000000
   0.0004268800   -0.0037006100    0.0000000000
  -0.0013018000   -0.0026986500    0.0000000000
  -0.0019429400   -0.0014670100    0.0000000000
  -0.0015857000   -0.0021591300    0.0000000000
  -0.0007331700   -0.0030928100    0.0000000000
   0.0002165900   -0.0042079800    0.0000000000
   0.0015838600   -0.0043034900    0.0000000000
   0.0027232800   -0.0047707700    0.0000000000
   0.0027434900   -0.0039144200    0.0000000000
   0.0012345900   -0.0024291700    0.0000000000
   0.0002661100   -0.0021220300    0.0000000000
  -0.0011590700   -0.0016761600    0.0000000000
  -0.0023622500   -0.0008577200    0.0000000000
  -0.0029032700   -0.0024929900    0.0000000000
  -0.0017056300   -0.0065170700    0.0000000000
   0.0011010200   -0.0069846300    0.0000000000
   0.0032152100   -0.0048302200    0.0000000000
   0.0046320600   -0.0040532400    0.0000000000
   0.0035541800   -0.0019015000    0.0000000000
   0.0018428700   -0.0005545300    0.0000000000
  -0.0006812300   -0.0006580100    0.0000000000
  -0.0010679600    0.0002580100    0.0000000000
  -0.0043834400    0.0003863300    0.0000000000
  -0.0081658000   -0.0063130000    0.0000000000
  -0.0003621700   -0.0140293100    0.0000000000
   0.0044769000   -0.0082074900    0.0000000000
   0.0108327300   -0.0051611900    0.0000000000
   0.0058474000   -0.0010368200    0.0000000000
   0.0036203600   -0.0001744600    0.0000000000
   0.0011009700    0.0001215800    0.0000000000
   0.0009050100    0.0018033300    0.0000000000
  -0.0018501000    0.0036286800    0.0000000000
  -0.0111031100    0.0056875900    0.0000000000
  -0.0251990700   -0.0309862400    0.0000000000
   0.0068680600   -0.0279580200    0.0000000000

10   
  0.0149999999993716  -0.0259807621138959   0.0000000000000000
   0.0892172900   -0.1008210900    0.0000000000
   0.0169627800   -0.0069637500    0.0000000000
   0.0051516600   -0.0005111800    0.0000000000
   0.0030722000    0.0003978400    0.0000000000
   0.0028763200    0.0010305900    0.0000000000
   0.0028248800    0.0022802400    0.0000000000
   0.0033619100    0.0055791600    0.0000000000
  -0.0027061600    0.0047163300    0.0000000000
  -0.1258650700   -0.0304314900    0.0000000000
  -0.7076084800    1.3577599100    0.0000000000
   0.0407486800    0.0661560900    0.0000000000
   0.0005589200    0.0094667300    0.0000000000
   0.0021963200    0.0019289000    0.0000000000
   0.0023586600    0.0008386300    0.0000000000
   0.0028134800    0.0012524100    0.0000000000
   0.0060569600    0.0041992900    0.0000000000
   0.0150051700    0.0177984300    0.0000000000
   0.0877594700    0.0933437200    0.0000000000
   0.0389733900   -0.1235970300    0.0000000000
  -0.0767801300   -0.0033407200    0.0000000000
  -0.0025314200    0.0034694700    0.0000000000
  -0.0006137600    0.0030512400    0.0000000000
   0.0010206900    0.0010111000    0.0000000000
   0.0019928800    0.0007060000    0.0000000000
   0.0044983500    0.0008296200    0.0000000000
   0.0090707500    0.0011058700    0.0000000000
   0.0161718100   -0.0078513000    0.0000000000
   0.0006956700   -0.0171701500    0.0000000000
  -0.0026832000   -0.0183683200    0.0000000000
  -0.0096274800    0.0033632100    0.0000000000
  -0.0024710300    0.0018063500    0.0000000000
  -0.0003361600    0.0009571400    0.0000000000
   0.0014675000   -0.0003233300    0.0000000000
   0.0022778700   -0.0005057800    0.0000000000
   0.0042242400   -0.0016265800    0.0000000000
   0.0048988700   -0.0068595200    0.0000000000
   0.0016584800   -0.0080347400    0.0000000000
  -0.0009861700   -0.0098081800    0.0000000000
  -0.0026052400   -0.0050851500    0.0000000000
  -0.0029296500   -0.0017180900    0.0000000000
  -0.0003552500   -0.0007842600    0.0000000000
   0.0011883300   -0.0016267700    0.0000000000
   0.0024443600   -0.0028150200    0.0000000000
   0.0027692900   -0.0051669100    0.0000000000
   0.0020199000   -0.0050458800    0.0000000000
   0.0009530800   -0.0056193400    0.0000000000
  -0.0009040400   -0.0045791000    0.0000000000
  -0.0013015300   -0.0023843500    0.0000000000
  -0.0013170500   -0.0012082200    0.0000000000
  -0.0011927100   -0.0017577100    0.0000000000
  -0.0009217900   -0.0025918600    0.0000000000
   0.0015829700   -0.0033835400    0.0000000000
   0.0022216900   -0.0041317700    0.0000000000
   0.0033891000   -0.0045440100    0.0000000000
   0.0017054500   -0.0041236600    0.0000000000
   0.0009073700   -0.0031522500    0.0000000000
  -0.0004834700   -0.0018221300    0.0000000000
  -0.0017789000   -0.0013239100    0.0000000000
  -0.0026948700   -0.0012581100    0.0000000000
  -0.0026527700   -0.0030891300    0.0000000000
  -0.0003823700   -0.0041386800    0.0000000000
   0.0025746700   -0.0045318000    0.0000000000
   0.0052587100   -0.0046968100    0.0000000000
   0.0041999000   -0.0035563200    0.0000000000
   0.0025728700   -0.0018189100    0.0000000000
   0.0012685400   -0.0014946700    0.0000000000
  -0.0005708300   -0.0007220200    0.0000000000
  -0.0030536100   -0.0013513100    0.0000000000
  -0.0063457900   -0.0029005200    0.0000000000
  -0.0057969900   -0.0066579500    0.0000000000
   0.0029064900   -0.0075101400    0.0000000000
   0.0144737100   -0.0095335200    0.0000000000
   0.0082069400   -0.0044554000    0.0000000000
   0.0048345000   -0.0019631500    0.0000000000
   0.0026088000   -0.0004929600    0.0000000000
   0.0017999300    0.0005205700    0.0000000000
  -0.0006893900    0.0008500800    0.0000000000
  -0.0058821600    0.0002173900    0.0000000000
  -0.0227049600   -0.0042121800    0.0000000000
  -0.0026482600   -0.0178670800    0.0000000000
  -0.0388606800   -0.0161751900    0.0000000000
  -0.0098084900   -0.0047291500    0.0000000000
  -0.0040824300   -0.0013756600    0.0000000000
  -0.0032018300   -0.0014412900    0.0000000000
  -0.0018009900   -0.0010617200    0.0000000000
  -0.0025719500   -0.0038606200    0.0000000000
  -0.0002238500   -0.0130712500    0.0000000000
   0.0339817900   -0.0576594400    0.0000000000
   0.1144716600   -0.6386342300    0.0000000000
   0.1162966300   -0.2104417900    0.0000000000
   0.0127495600   -0.0141406800    0.0000000000
  -0.0009591200   -0.0037464400    0.0000000000
  -0.0025245100   -0.0012309100    0.0000000000
  -0.0023923600   -0.0003678500    0.0000000000
  -0.0041866600   -0.0008604200    0.0000000000
  -0.0097206700   -0.0032855100    0.0000000000
  -0.0387052400   -0.0054236700    0.0000000000
   0.3980430800   -0.3721320500    0.0000000000
   0.0324534100    0.0268025300    0.0000000000
   0.0068177200   -0.0172828000    0.0000000000
   0.0015302500   -0.0022338100    0.0000000000
  -0.0004896100   -0.0012505000    0.0000000000
  -0.0014836200   -0.0004680000    0.0000000000
  -0.0026333700    0.0001166500    0.0000000000
  -0.0065323600    0.0011915000    0.0000000000
  -0.0122305600    0.0058434700    0.0000000000
  -0.0197113200    0.0188598800    0.0000000000
   0.0019373700    0.0121006400    0.0000000000
   0.0089775500    0.0066824100    0.0000000000
   0.0043481000   -0.0005570200    0.0000000000
   0.0015395500   -0.0004921300    0.0000000000
  -0.0005413100    0.0006869400    0.0000000000
  -0.0013799800    0.0014502600    0.0000000000
  -0.0037150700    0.0021256300    0.0000000000
  -0.0052058200    0.0040314000    0.0000000000
  -0.0048915100    0.0080153700    0.0000000000
  -0.0011308800    0.0072655000    0.0000000000
   0.0029463900    0.0057959800    0.0000000000
   0.0033825700    0.0030859300    0.0000000000
   0.0012403000    0.0021514800    0.0000000000
  -0.0004297600    0.0006580200    0.0000000000
  -0.0000895100    0.0021254500    0.0000000000
  -0.0021300800    0.0033894700    0.0000000000
  -0.0026175100    0.0047874200    0.0000000000
  -0.0028651300    0.0056215400    0.0000000000
  -0.0020873900    0.0036136900    0.0000000000
   0.0001644600    0.0037465600    0.0000000000
   0.0014392500    0.0025294300    0.0000000000
   0.0015797300    0.0015879800    0.0000000000
   0.0017071100    0.0015199700    0.0000000000
   0.0011445500    0.0031388900    0.0000000000
  -0.0004361700    0.0040840700    0.0000000000
  -0.0021341900    0.0044139900    0.0000000000
  -0.0020953300    0.0036582600    0.0000000000
  -0.0026769300    0.0033007300    0.0000000000
  -0.0019163900    0.0029177000    0.0000000000
  -0.0001030900    0.0016270800    0.0000000000
   0.0009637200    0.0005921900    0.0000000000
   0.0019394400    0.0015558900    0.0000000000
   0.0032940700    0.0031279800    0.0000000000
   0.0020242200    0.0054273800    0.0000000000
  -0.0013040500    0.0066133500    0.0000000000
  -0.0026836500    0.0052663000    0.0000000000
  -0.0052465200    0.0043298300    0.0000000000
  -0.0028987600    0.0021334700    0.0000000000
  -0.0013975200    0.0015464200    0.0000000000
  -0.0010859200   -0.0001963100    0.0000000000
   0.0020126100   -0.0007010900    0.0000000000
   0.0043121300    0.0006455400    0.0000000000
   0.0073053800    0.0059389700    0.0000000000
   0.0022715300    0.0133076100    0.0000000000
  -0.0051761600    0.0092007400    0.0000000000
  -0.0121180200    0.0050678400    0.0000000000
  -0.0058536100    0.0002530000    0.0000000000
  -0.0024128300    0.0000061300    0.0000000000
  -0.0021385700   -0.0007075200    0.0000000000
  -0.0000172000   -0.0015068400    0.0000000000
   0.0026804100   -0.0045912000    0.0000000000
   0.0104528700   -0.0063918400    0.0000000000
   0.0241495800    0.0314997400    0.0000000000
  -0.0056396000    0.0272701500    0.0000000000

11   
  0.0234443241590582   0.0000000000000033   0.0187180037590817
  -0.0282355700    0.0543142500    0.0012680900
  -0.0304657800   -0.0536712100   -0.0002211500
   0.0112648800   -0.0085628600    0.0002097500
   0.0067115900   -0.0040949900   -0.0000182400
   0.0047552500   -0.0011280400   -0.0000193200
   0.0039123700    0.0002675200   -0.0000063700
   0.0043859200    0.0021829600   -0.0000181400
   0.0062631800    0.0050698900   -0.0000181900
   0.0115251700    0.0092626400    0.0002234800
   0.1016852400    0.0220369300    0.0017215800
  -1.2142696300   -0.0501489400   -0.2637264200
   0.1053203300   -0.0217209100    0.0001931900
   0.0134129100   -0.0070408500   -0.0011851800
   0.0059933300   -0.0019306900    0.0000435300
   0.0039172900   -0.0006948200   -0.0000117500
   0.0047197400    0.0002327600   -0.0000115900
   0.0057719200    0.0015938500    0.0000443700
   0.0121935200    0.0064280100   -0.0012341100
   0.0104846300   -0.0096219000    0.0002127400
  -0.0294484600   -0.0960157800    0.0004652100
  -0.0265275300    0.0957911900    0.0002941900
   0.0116315000    0.0094579200    0.0002235100
   0.0063471600    0.0004281500    0.0000022400
   0.0039350300    0.0001359400   -0.0000198200
   0.0038129900   -0.0001979100   -0.0000063100
   0.0044966600   -0.0007192300   -0.0000183800
   0.0059536200   -0.0015135400   -0.0000172000
   0.0018794500   -0.0063904100   -0.0000157600
  -0.0060465300   -0.0162967700   -0.0011135900
  -0.0042270200   -0.0017516800    0.0002063900
  -0.0040367600    0.0139274700   -0.0010636800
   0.0004471800    0.0055363500   -0.0000156300
   0.0033236700    0.0018222800   -0.0000154300
   0.0024801700    0.0006673600   -0.0000074700
   0.0027182500   -0.0002445100   -0.0000065000
   0.0028779800   -0.0025657800   -0.0000174300
   0.0008024400   -0.0041155000   -0.0000178900
  -0.0011589200   -0.0055635600    0.0000305500
  -0.0025100600   -0.0046857600   -0.0000144500
  -0.0022604500    0.0008146900   -0.0000311500
   0.0007516200    0.0015922300   -0.0000158300
   0.0016596900    0.0010447800   -0.0000069000
   0.0016948800   -0.0002724300   -0.0000052100
   0.0014299000   -0.0021989000   -0.0000068200
   0.0002974000   -0.0021949600   -0.0000065100
   0.0000689100   -0.0029375700   -0.0000109800
  -0.0009544500   -0.0025926400   -0.0000174400
  -0.0008478800   -0.0005812900   -0.0000149800
   0.0008820700    0.0029637000    0.0000130100
  -0.0010900300    0.0033669300   -0.0000155400
   0.0003572400    0.0014928800   -0.0000075300
   0.0008874800    0.0004275600   -0.0000067700
   0.0003965200   -0.0009054200   -0.0000065600
  -0.0000859700   -0.0015061500   -0.0000182200
  -0.0004517200   -0.0022006800   -0.0000113700
   0.0003019600   -0.0016741700   -0.0000065700
   0.0001363500   -0.0003737900   -0.0000067700
   0.0003013500    0.0013037500   -0.0000121700
   0.0004575800    0.0028385200   -0.0000061300
   0.0001511000    0.0025350500   -0.0000092400
  -0.0003088200    0.0017252200   -0.0000181800
  -0.0006052300    0.0001270400   -0.0000172800
  -0.0023921300   -0.0000504700   -0.0000186100
  -0.0009631600   -0.0021363600    0.0000365300
   0.0009893500   -0.0013395100   -0.0000182400
   0.0016281500   -0.0010958700   -0.0000068100
   0.0013992800    0.0003139000   -0.0000052000
   0.0012917600    0.0011985700   -0.0000064800
   0.0011356700    0.0019786200   -0.0000181400
  -0.0007960800    0.0026205300    0.0000416900
  -0.0024534000    0.0009912700   -0.0000188600
  -0.0043508500    0.0006054900    0.0002082100
  -0.0070093800   -0.0045324700   -0.0011411500
   0.0026886600   -0.0032767000   -0.0000193100
   0.0032029300   -0.0018026300   -0.0000175100
   0.0032431900   -0.0001877300   -0.0000065700
   0.0023645500    0.0008358200   -0.0000066400
   0.0029256500    0.0027502200   -0.0000172100
   0.0027227500    0.0035031200   -0.0000188400
  -0.0066648200    0.0052305300   -0.0011988600
   0.1888996000    0.0040926200    0.0941959000
  -0.0038982000    0.0332986000    0.0041394100
  -0.0081818000    0.0062604100    0.0000976900
  -0.0056164900    0.0012075700    0.0000082500
  -0.0032588000    0.0007787400    0.0000121200
  -0.0038701000   -0.0005465500    0.0000120000
  -0.0048826800   -0.0024366200    0.0000075300
  -0.0079889800   -0.0060446100    0.0001029000
  -0.0058320000   -0.0330932200    0.0040970600
   0.4167543400   -0.1292001300    0.0986498500
   0.4843152400    0.1749344000    0.0885192600
  -0.0223175400   -0.0072980600   -0.0052512700
  -0.0084700600   -0.0000582300    0.0003565800
  -0.0046200600    0.0004979300    0.0000044900
  -0.0041694200    0.0005334500    0.0000078600
  -0.0052887900    0.0003269700    0.0000034700
  -0.0073882100    0.0005550700    0.0003784900
  -0.0221941600    0.0075357400   -0.0056573200
  -0.0106865800    0.0280265400   -0.0052409400
   0.0516172500    0.0013242400    0.0038440000
  -0.0132993000   -0.0276540400   -0.0047697500
  -0.0082020500   -0.0063716800    0.0003912200
  -0.0049825200   -0.0020517600   -0.0000161200
  -0.0033083100   -0.0006775200    0.0000121100
  -0.0043156500    0.0003728100    0.0000123000
  -0.0050555800    0.0021671800   -0.0000230900
  -0.0079109600    0.0061696200    0.0004851400
  -0.0004221700    0.0073391700    0.0003426000
   0.0075427400    0.0056080100    0.0001062300
   0.0080195600   -0.0024488500    0.0001047900
  -0.0006970500   -0.0011793400    0.0002633000
  -0.0028480600   -0.0026165000    0.0000008300
  -0.0024713200   -0.0011284200    0.0000104800
  -0.0030253100   -0.0001734400    0.0000055700
  -0.0029369100    0.0010515000    0.0000147500
  -0.0030081000    0.0031570000   -0.0000212800
  -0.0005775900    0.0042087300    0.0000052400
   0.0022406100    0.0036048500    0.0000101900
   0.0037097200    0.0013922400    0.0000269900
  -0.0013813800   -0.0011947200    0.0000227100
   0.0019854500   -0.0023481400    0.0000311400
  -0.0014162100   -0.0012451500    0.0000001500
  -0.0020775500   -0.0001056500    0.0000077700
  -0.0013992500    0.0016371600    0.0000050000
  -0.0014487900    0.0025098400    0.0000119800
  -0.0006985800    0.0014471100    0.0000079000
   0.0005064200    0.0020218100    0.0000117600
   0.0011322500    0.0009617300    0.0000124400
   0.0008227300   -0.0014287600    0.0000010200
   0.0002485200   -0.0026522700    0.0000091900
  -0.0002316500   -0.0026384300    0.0000153800
  -0.0007255200   -0.0012785700    0.0000119900
  -0.0007637000    0.0000209200    0.0000141100
  -0.0001634100    0.0005848400    0.0000121100
   0.0002767200    0.0014856900    0.0000051600
  -0.0006122800    0.0022027000    0.0000119300
  -0.0001607800    0.0009814300    0.0000073400
  -0.0001808700   -0.0007191400    0.0000078400
  -0.0004930300   -0.0011688100    0.0000076700
  -0.0001928700   -0.0020415600    0.0000119800
   0.0002034400   -0.0027489900    0.0000031000
   0.0004286100   -0.0011023400   -0.0000191900
   0.0008775300    0.0008757200   -0.0000197400
   0.0020954100    0.0021374100    0.0003553300
   0.0000206000    0.0032896500    0.0000090100
  -0.0009251300    0.0024766000    0.0000126300
  -0.0021640100    0.0001796100    0.0000065000
  -0.0008439000   -0.0010225500    0.0000064700
  -0.0013112600   -0.0017372800    0.0000124000
  -0.0009368000   -0.0037151100    0.0000084600
   0.0031536500   -0.0028385900    0.0003592700
   0.0018899000    0.0002664700    0.0004735700
   0.0141931000   -0.0027999400   -0.0053501200
  -0.0002824500    0.0081385700    0.0000996700
  -0.0020054200    0.0036782800    0.0000277100
  -0.0031415500    0.0011157900    0.0000128600
  -0.0020390500    0.0001063200    0.0000073500
  -0.0023073200   -0.0020018300    0.0000124500
  -0.0031971900   -0.0043501400    0.0000268800
  -0.0010602500   -0.0087508200    0.0001030300
   0.0147228200    0.0014262100   -0.0054647200

11   
 -0.0234443241590582  -0.0000000000000033  -0.0187180037590817
   0.0282575300   -0.0540791800    0.0000274100
   0.0282805300    0.0536820100   -0.0010647500
  -0.0111394500    0.0084281100   -0.0001938100
  -0.0061343700    0.0044532200    0.0000151500
  -0.0034165700    0.0018612300    0.0000191500
  -0.0030728600    0.0002181500    0.0000063700
  -0.0038782400   -0.0009340400    0.0000183900
  -0.0068663400   -0.0037798100    0.0000208100
  -0.0121261400   -0.0087867500   -0.0002389600
  -0.1048240000   -0.0226010600   -0.0000531200
   1.2127958600   -0.0317558600    0.2642219700
  -0.1025828900    0.0211468300   -0.0018955600
  -0.0125717200    0.0061685000    0.0012470700
  -0.0054702400    0.0014577800   -0.0000475500
  -0.0041892000    0.0001195800    0.0000115300
  -0.0033910500   -0.0005563700    0.0000118200
  -0.0057864400   -0.0017436200   -0.0000406700
  -0.0136321100   -0.0066818200    0.0011770600
  -0.0114214000    0.0092624500   -0.0001832700
   0.0294760400    0.0966246500   -0.0000964700
   0.0268862200   -0.0955273600   -0.0006919900
  -0.0116237700   -0.0088226300   -0.0002566000
  -0.0060648100   -0.0009487600   -0.0000066900
  -0.0042683400   -0.0000895200    0.0000197900
  -0.0031897500   -0.0001431600    0.0000063300
  -0.0036879300   -0.0003300400    0.0000185200
  -0.0067140800    0.0005144100    0.0000198800
  -0.0022816500    0.0069280800    0.0000177200
   0.0060821100    0.0168318900    0.0010847000
   0.0032183300    0.0014458200   -0.0002035800
   0.0036897000   -0.0135771700    0.0010928200
  -0.0000113500   -0.0051916800    0.0000148600
  -0.0020534100   -0.0024241500    0.0000150000
  -0.0026805900   -0.0002612000    0.0000074100
  -0.0024856600    0.0008323800    0.0000066100
  -0.0027833000    0.0017986800    0.0000176900
  -0.0009741800    0.0023949000    0.0000179700
   0.0006125500    0.0051923200   -0.0000279600
   0.0019594100    0.0048122300    0.0000141700
   0.0022752300   -0.0013889400    0.0000313200
  -0.0008442300   -0.0021786300    0.0000155800
  -0.0010820900   -0.0010854000    0.0000068200
  -0.0011636700   -0.0001213400    0.0000051800
  -0.0013001500    0.0006140200    0.0000069600
  -0.0004368000    0.0013066900    0.0000065900
  -0.0000384300    0.0022965500    0.0000109800
   0.0001253000    0.0024480400    0.0000175700
   0.0012338500    0.0003826400    0.0000148700
  -0.0003391000   -0.0028207700   -0.0000142600
   0.0006413100   -0.0032665100    0.0000158800
  -0.0009112100   -0.0016678800    0.0000075400
   0.0000418200   -0.0006472700    0.0000067600
  -0.0003414200    0.0003319500    0.0000065800
   0.0009090100    0.0007170900    0.0000181700
  -0.0005571800    0.0014625900    0.0000111500
  -0.0003694600    0.0018641200    0.0000065500
  -0.0003784400    0.0013664500    0.0000067700
  -0.0007157800   -0.0007065400    0.0000124000
  -0.0003309400   -0.0013834300    0.0000061200
   0.0002067300   -0.0019667600    0.0000092400
   0.0004553700   -0.0006599800    0.0000182200
   0.0008833800    0.0000841800    0.0000172800
   0.0020449300    0.0011612000    0.0000178200
   0.0008819500    0.0020417300   -0.0000371200
  -0.0007347500    0.0025215000    0.0000180900
  -0.0010189100    0.0012793100    0.0000066900
  -0.0014354300    0.0001500800    0.0000052100
  -0.0015166000   -0.0016151700    0.0000066300
  -0.0008349400   -0.0025157300    0.0000182800
   0.0008774500   -0.0021246200   -0.0000410400
   0.0018902600   -0.0006070000    0.0000195500
   0.0033587200    0.0002467400   -0.0002075600
   0.0056057300    0.0042283400    0.0011649600
  -0.0014926800    0.0030399700    0.0000166100
  -0.0024704100    0.0023778300    0.0000175100
  -0.0019367300    0.0011162200    0.0000064300
  -0.0028794200   -0.0007157200    0.0000067900
  -0.0030037200   -0.0018349700    0.0000172300
  -0.0020113000   -0.0034388800    0.0000215300
   0.0057089100   -0.0041974400    0.0011730500
  -0.1871922700    0.0048227600   -0.0941884300
   0.0048272500   -0.0324641900   -0.0039872100
   0.0077477300   -0.0056898100   -0.0001042900
   0.0040589900   -0.0022971000   -0.0000066400
   0.0038976100   -0.0000953500   -0.0000119700
   0.0033221600    0.0003459400   -0.0000120700
   0.0049542600    0.0011214400   -0.0000090700
   0.0084127300    0.0059632600   -0.0000967300
   0.0045215300    0.0339887000   -0.0042558700
  -0.4678853600    0.1652632600   -0.0892644800
  -0.4309050900   -0.1382850800   -0.0983631100
   0.0224037900    0.0072876100    0.0054806300
   0.0072825500    0.0004056800   -0.0003674900
   0.0047113800    0.0003624200   -0.0000039900
   0.0036407300    0.0004975100   -0.0000078400
   0.0040816500    0.0003535200   -0.0000040200
   0.0086806400    0.0000994200   -0.0003679500
   0.0222861100   -0.0066741400    0.0054414600
   0.0099629100   -0.0282092800    0.0050629500
  -0.0518965800   -0.0026390100   -0.0038430100
   0.0132621900    0.0274668400    0.0049409500
   0.0080437400    0.0060436700   -0.0003971100
   0.0051788500    0.0015098100    0.0000177700
   0.0041289700    0.0001086800   -0.0000120400
   0.0031317500   -0.0005547800   -0.0000123700
   0.0051004100   -0.0016387800    0.0000211000
   0.0091473000   -0.0064755400   -0.0004748800
   0.0013336400   -0.0077517500   -0.0003299700
  -0.0082298600   -0.0055173100   -0.0001090400
  -0.0073591900    0.0026863600   -0.0001020000
   0.0007046600    0.0010512400   -0.0002677100
   0.0022755500    0.0029620100   -0.0000009500
   0.0030343100    0.0012922300   -0.0000101300
   0.0022778900   -0.0002876700   -0.0000056300
   0.0028007600   -0.0017900300   -0.0000147800
   0.0031091400   -0.0039777300    0.0000194400
   0.0004516600   -0.0022313200   -0.0000061000
  -0.0012582200   -0.0028527000   -0.0000105200
  -0.0040463700   -0.0012161600   -0.0000270900
   0.0012471900    0.0011780100   -0.0000230100
  -0.0017795700    0.0023353500   -0.0000322600
   0.0016492300    0.0014294500    0.0000005100
   0.0011050200    0.0009005400   -0.0000079000
   0.0016975300    0.0003133500   -0.0000050300
   0.0013504200   -0.0013536000   -0.0000119800
   0.0000479100   -0.0024664100   -0.0000077900
   0.0001244700   -0.0020055500   -0.0000117600
  -0.0009721600   -0.0011944300   -0.0000124600
  -0.0011995300    0.0014542400   -0.0000004900
  -0.0001652800    0.0019182600   -0.0000091100
   0.0006062100    0.0025868700   -0.0000157700
   0.0004775000    0.0010747200   -0.0000121200
   0.0002143000    0.0000285500   -0.0000140800
   0.0008157000   -0.0017298300   -0.0000120400
  -0.0001575100   -0.0021293800   -0.0000055900
  -0.0000367400   -0.0017287200   -0.0000118400
   0.0003363300   -0.0015061300   -0.0000073100
  -0.0000271000   -0.0004232400   -0.0000079600
   0.0000321700    0.0017833800   -0.0000077100
   0.0005371900    0.0025812600   -0.0000120800
   0.0000698500    0.0015366000   -0.0000027000
  -0.0006295200    0.0006030900    0.0000192000
  -0.0003025500   -0.0005177200    0.0000197700
  -0.0025769300   -0.0019306500   -0.0003514400
   0.0006894200   -0.0030456600   -0.0000078800
   0.0013810600   -0.0014820600   -0.0000125100
   0.0003751900   -0.0010561200   -0.0000064100
   0.0017371800    0.0005249100   -0.0000065600
   0.0011675400    0.0026691300   -0.0000125300
   0.0000255500    0.0032383900   -0.0000096300
  -0.0013087000    0.0018503700   -0.0003629000
  -0.0025289100    0.0005403400   -0.0004734800
  -0.0149541600    0.0022447900    0.0053788100
   0.0003940000   -0.0087988400   -0.0001084000
   0.0032260800   -0.0037924500   -0.0000258600
   0.0020747200   -0.0016862600   -0.0000127100
   0.0028640500    0.0001787900   -0.0000074000
   0.0030231700    0.0009871300   -0.0000125700
   0.0023831500    0.0034486400   -0.0000286100
   0.0001497400    0.0091030800   -0.0000939900
  -0.0140957200   -0.0026800400    0.0054316700

11   
 -0.0149999999993716   0.0259807621138959   0.0000000000000000
   0.1241843700    0.0293671600    0.0000000000
  -0.0873027600    0.0961730100    0.0000000000
  -0.0172816700    0.0071645900    0.0000000000
  -0.0048414400    0.0006724000    0.0000000000
  -0.0021350200    0.0001608000    0.0000000000
  -0.0018283900   -0.0004368900    0.0000000000
  -0.0022417800   -0.0014557500    0.0000000000
  -0.0036326200   -0.0044226400    0.0000000000
   0.0016300000   -0.0040390400    0.0000000000
  -0.0901214700   -0.0933122800    0.0000000000
   0.8245959000   -1.2845410200    0.0000000000
  -0.0424135100   -0.0634415900    0.0000000000
  -0.0007289200   -0.0099142400    0.0000000000
  -0.0015943200   -0.0025324800    0.0000000000
  -0.0022615100   -0.0013544700    0.0000000000
  -0.0023224300   -0.0016982200    0.0000000000
  -0.0054845700   -0.0044231300    0.0000000000
  -0.0160752300   -0.0180093900    0.0000000000
  -0.0166390200    0.0077893900    0.0000000000
  -0.0415573200    0.1275812300    0.0000000000
   0.0785874300    0.0013996700    0.0000000000
   0.0018439300   -0.0035323800    0.0000000000
   0.0007951700   -0.0030213200    0.0000000000
  -0.0010603500   -0.0012623600    0.0000000000
  -0.0018485000   -0.0008414300    0.0000000000
  -0.0037611900   -0.0014865500    0.0000000000
  -0.0089763000   -0.0019758300    0.0000000000
  -0.0047671400    0.0068619100    0.0000000000
  -0.0004909700    0.0176767500    0.0000000000
   0.0026556000    0.0185109600    0.0000000000
   0.0089931600   -0.0032032500    0.0000000000
   0.0027088400   -0.0017377200    0.0000000000
   0.0012472100   -0.0012532400    0.0000000000
  -0.0009369500    0.0002198500    0.0000000000
  -0.0022087300    0.0010097600    0.0000000000
  -0.0039273300    0.0015926000    0.0000000000
  -0.0026188000    0.0034780300    0.0000000000
  -0.0017643900    0.0069377600    0.0000000000
   0.0007821700    0.0097535000    0.0000000000
   0.0024596200    0.0057790900    0.0000000000
   0.0011112700   -0.0005494000    0.0000000000
   0.0007123800    0.0006928700    0.0000000000
  -0.0005858000    0.0013979600    0.0000000000
  -0.0020153700    0.0017922900    0.0000000000
  -0.0021390800    0.0033067100    0.0000000000
  -0.0019249100    0.0041637300    0.0000000000
  -0.0012218600    0.0049935800    0.0000000000
   0.0006926200    0.0040024600    0.0000000000
   0.0011864100    0.0020472100    0.0000000000
   0.0009243300    0.0012359100    0.0000000000
   0.0013077200    0.0014711000    0.0000000000
   0.0010846300    0.0023108000    0.0000000000
  -0.0010206100    0.0028891900    0.0000000000
  -0.0018921300    0.0040909500    0.0000000000
  -0.0033533700    0.0036576500    0.0000000000
  -0.0021604200    0.0037086100    0.0000000000
  -0.0010447600    0.0035870300    0.0000000000
   0.0000761400    0.0025072000    0.0000000000
   0.0016006500    0.0023092400    0.0000000000
   0.0027532200    0.0020760800    0.0000000000
   0.0030032000    0.0036016800    0.0000000000
   0.0006182800    0.0045704900    0.0000000000
  -0.0031699600    0.0079417700    0.0000000000
  -0.0052643600    0.0050470000    0.0000000000
  -0.0040026800    0.0040078400    0.0000000000
  -0.0021080900    0.0024201100    0.0000000000
  -0.0010069900    0.0017400900    0.0000000000
   0.0003968100    0.0006994800    0.0000000000
   0.0030158200    0.0007237300    0.0000000000
   0.0064060900    0.0026532700    0.0000000000
   0.0054690400    0.0067564000    0.0000000000
   0.0016807500    0.0182020900    0.0000000000
  -0.0151005800    0.0094060100    0.0000000000
  -0.0080912800    0.0041402300    0.0000000000
  -0.0038289300    0.0021004400    0.0000000000
  -0.0016017500    0.0012085600    0.0000000000
  -0.0014554400   -0.0000423000    0.0000000000
   0.0002972600   -0.0004212100    0.0000000000
   0.0060449300    0.0000964400    0.0000000000
   0.0222555100    0.0043691800    0.0000000000
  -0.1224216800    0.5250289300    0.0000000000
   0.0398175400    0.0146939700    0.0000000000
   0.0097376700    0.0051607500    0.0000000000
   0.0030845300    0.0010659100    0.0000000000
   0.0027697200    0.0012278300    0.0000000000
   0.0019039100    0.0013041600    0.0000000000
   0.0024710600    0.0031072600    0.0000000000
   0.0008170600    0.0124234500    0.0000000000
  -0.0330113200    0.0586496200    0.0000000000
  -0.4967943700    0.4191909000    0.0000000000
  -0.1242969800    0.2050369900    0.0000000000
  -0.0112771300    0.0142270100    0.0000000000
   0.0003830400    0.0039980100    0.0000000000
   0.0020056200    0.0018273900    0.0000000000
   0.0022001300    0.0013011500    0.0000000000
   0.0033697400    0.0016806300    0.0000000000
   0.0098957000    0.0038059300    0.0000000000
   0.0399631800    0.0055362300    0.0000000000
   0.0192393700   -0.0187071800    0.0000000000
  -0.0340666000   -0.0270867100    0.0000000000
  -0.0063216400    0.0168651200    0.0000000000
  -0.0013066100    0.0022802700    0.0000000000
   0.0005206000    0.0009318400    0.0000000000
   0.0019921400   -0.0000952400    0.0000000000
   0.0024401800   -0.0005053100    0.0000000000
   0.0059295500   -0.0010817600    0.0000000000
   0.0127457900   -0.0058733100    0.0000000000
   0.0050016600   -0.0085716200    0.0000000000
  -0.0023252100   -0.0121736100    0.0000000000
  -0.0091357000   -0.0069536600    0.0000000000
  -0.0048313800    0.0010136500    0.0000000000
  -0.0015919100    0.0003727300    0.0000000000
   0.0005129900   -0.0004270900    0.0000000000
   0.0012560500   -0.0015647200    0.0000000000
   0.0031892000   -0.0027042600    0.0000000000
   0.0049939700   -0.0047954200    0.0000000000
   0.0025310700   -0.0039568400    0.0000000000
   0.0011911400   -0.0057538200    0.0000000000
  -0.0031118400   -0.0054610500    0.0000000000
  -0.0015459100   -0.0042567400    0.0000000000
   0.0001902800    0.0004207800    0.0000000000
  -0.0008740300   -0.0009380300    0.0000000000
  -0.0002638200   -0.0016944500    0.0000000000
   0.0017467900   -0.0019477400    0.0000000000
   0.0025858800   -0.0031563100    0.0000000000
   0.0019578400   -0.0046245600    0.0000000000
   0.0019246800   -0.0039704700    0.0000000000
   0.0001607700   -0.0036666000    0.0000000000
  -0.0013416900   -0.0022509900    0.0000000000
  -0.0016036100   -0.0019593100    0.0000000000
  -0.0013103400   -0.0018563500    0.0000000000
  -0.0012696900   -0.0028861600    0.0000000000
  -0.0000001200   -0.0039978200    0.0000000000
   0.0020896400   -0.0048285300    0.0000000000
   0.0029021000   -0.0052647400    0.0000000000
   0.0023028500   -0.0032868100    0.0000000000
   0.0016331600   -0.0028455800    0.0000000000
   0.0001115300   -0.0023435600    0.0000000000
  -0.0012245500   -0.0008380500    0.0000000000
  -0.0019639800   -0.0008054800    0.0000000000
  -0.0029353600   -0.0032878100    0.0000000000
  -0.0019813500   -0.0059279000    0.0000000000
   0.0014104600   -0.0064163300    0.0000000000
   0.0044358500   -0.0084307600    0.0000000000
   0.0051998300   -0.0040257100    0.0000000000
   0.0034179100   -0.0014756100    0.0000000000
   0.0007282800   -0.0014414300    0.0000000000
   0.0006850500   -0.0004447000    0.0000000000
  -0.0015926400    0.0010070000    0.0000000000
  -0.0047654900   -0.0002303000    0.0000000000
  -0.0067352700   -0.0064171300    0.0000000000
  -0.0016990200   -0.0128138500    0.0000000000
   0.0056922500   -0.0272924500    0.0000000000
   0.0113745300   -0.0055344800    0.0000000000
   0.0064227700   -0.0006979200    0.0000000000
   0.0024757400   -0.0003512700    0.0000000000
   0.0020497500    0.0005841300    0.0000000000
   0.0008564800    0.0011873400    0.0000000000
  -0.0026140100    0.0037482800    0.0000000000
  -0.0111252400    0.0063320400    0.0000000000
  -0.0242880300   -0.0312374500    0.0000000000

11   
  0.0149999999993716  -0.0259807621138959   0.0000000000000000
  -0.1261850700   -0.0298040600    0.0000000000
   0.0893151800   -0.1005044200    0.0000000000
   0.0174711300   -0.0073101200    0.0000000000
   0.0053415800   -0.0002098600    0.0000000000
   0.0034121900    0.0006175000    0.0000000000
   0.0026077500    0.0009337300    0.0000000000
   0.0026693000    0.0026972100    0.0000000000
   0.0028698000    0.0056697000    0.0000000000
  -0.0026893100    0.0042564800    0.0000000000
   0.0891154100    0.0927360200    0.0000000000
  -0.7099576500    1.3505346100    0.0000000000
   0.0410340700    0.0651903700    0.0000000000
   0.0011709600    0.0094494100    0.0000000000
   0.0019887800    0.0021551100    0.0000000000
   0.0019110400    0.0008122000    0.0000000000
   0.0035870500    0.0013928500    0.0000000000
   0.0054018200    0.0043106100    0.0000000000
   0.0145460600    0.0178851700    0.0000000000
   0.0156609100   -0.0079846600    0.0000000000
   0.0393464800   -0.1228365300    0.0000000000
  -0.0770469600   -0.0033837600    0.0000000000
  -0.0023104600    0.0039358600    0.0000000000
  -0.0007419600    0.0025594000    0.0000000000
   0.0006169100    0.0013360000    0.0000000000
   0.0024078400    0.0005143600    0.0000000000
   0.0045262700    0.0004609700    0.0000000000
   0.0081798900    0.0010302500    0.0000000000
   0.0043762800   -0.0062483300    0.0000000000
   0.0006671400   -0.0169428500    0.0000000000
  -0.0036584100   -0.0189839000    0.0000000000
  -0.0093745600    0.0031590000    0.0000000000
  -0.0023043000    0.0019209200    0.0000000000
  -0.0000712200    0.0005971500    0.0000000000
   0.0006730000    0.0001699300    0.0000000000
   0.0024060200   -0.0004223500    0.0000000000
   0.0040070200   -0.0023367300    0.0000000000
   0.0024654300   -0.0051831200    0.0000000000
   0.0012686200   -0.0072740000    0.0000000000
  -0.0012772300   -0.0096605800    0.0000000000
  -0.0024369100   -0.0064929800    0.0000000000
  -0.0012443700   -0.0000976500    0.0000000000
  -0.0001833500   -0.0007857600    0.0000000000
   0.0010893700   -0.0018246800    0.0000000000
   0.0021419600   -0.0033879400    0.0000000000
   0.0020289300   -0.0042167500    0.0000000000
   0.0019905200   -0.0048110100    0.0000000000
   0.0004254600   -0.0051562500    0.0000000000
  -0.0002853500   -0.0042650200    0.0000000000
  -0.0006785000   -0.0020211200    0.0000000000
  -0.0013705800   -0.0012546200    0.0000000000
  -0.0019101100   -0.0017262700    0.0000000000
  -0.0001815100   -0.0025988000    0.0000000000
   0.0010850900   -0.0035109300    0.0000000000
   0.0027803800   -0.0049401000    0.0000000000
   0.0023995200   -0.0044209500    0.0000000000
   0.0021247800   -0.0035349200    0.0000000000
   0.0008128000   -0.0026278300    0.0000000000
  -0.0005115600   -0.0019824300    0.0000000000
  -0.0015156900   -0.0009460100    0.0000000000
  -0.0024442600   -0.0016109300    0.0000000000
  -0.0029061200   -0.0026364800    0.0000000000
  -0.0003292100   -0.0044582200    0.0000000000
   0.0029728600   -0.0069814300    0.0000000000
   0.0053149300   -0.0051861400    0.0000000000
   0.0043139700   -0.0028359000    0.0000000000
   0.0027255000   -0.0022469700    0.0000000000
   0.0009468700   -0.0013089000    0.0000000000
  -0.0006766300   -0.0011773400    0.0000000000
  -0.0028022500   -0.0013507200    0.0000000000
  -0.0064205800   -0.0022793800    0.0000000000
  -0.0061058900   -0.0065468500    0.0000000000
  -0.0025681400   -0.0178094700    0.0000000000
   0.0141916400   -0.0098358800    0.0000000000
   0.0094065600   -0.0043702500    0.0000000000
   0.0045636000   -0.0015002900    0.0000000000
   0.0028761600   -0.0002767600    0.0000000000
   0.0008824900    0.0001386600    0.0000000000
  -0.0004826000    0.0012781800    0.0000000000
  -0.0055340600   -0.0001571600    0.0000000000
  -0.0235144000   -0.0035786900    0.0000000000
   0.1155261500   -0.6328189300    0.0000000000
  -0.0396024300   -0.0150751100    0.0000000000
  -0.0101940000   -0.0048617600    0.0000000000
  -0.0045862700   -0.0022397600    0.0000000000
  -0.0020742300   -0.0005764400    0.0000000000
  -0.0023841100   -0.0015208400    0.0000000000
  -0.0022895100   -0.0044469000    0.0000000000
  -0.0001182900   -0.0125651300    0.0000000000
   0.0334606700   -0.0573242200    0.0000000000
   0.3991323500   -0.3726447400    0.0000000000
   0.1166226900   -0.2101574000    0.0000000000
   0.0120663200   -0.0141451200    0.0000000000
  -0.0013847500   -0.0037262800    0.0000000000
  -0.0018175800   -0.0010013700    0.0000000000
  -0.0026592800   -0.0002878800    0.0000000000
  -0.0045100400   -0.0010267700    0.0000000000
  -0.0085254800   -0.0032152000    0.0000000000
  -0.0395933100   -0.0048324900    0.0000000000
  -0.0199905400    0.0183958200    0.0000000000
   0.0329447700    0.0267638000    0.0000000000
   0.0068281400   -0.0165335500    0.0000000000
   0.0014708100   -0.0024264200    0.0000000000
  -0.0001692700   -0.0014407200    0.0000000000
  -0.0010885900   -0.0004663600    0.0000000000
  -0.0035692700    0.0003174800    0.0000000000
  -0.0058417100    0.0015802500    0.0000000000
  -0.0114582100    0.0054828400    0.0000000000
  -0.0041322600    0.0080915000    0.0000000000
   0.0014750800    0.0122914500    0.0000000000
   0.0097132000    0.0073410700    0.0000000000
   0.0049301200   -0.0011155200    0.0000000000
   0.0011201700    0.0000600500    0.0000000000
   0.0001310300    0.0006404200    0.0000000000
  -0.0019529200    0.0011293600    0.0000000000
  -0.0032979300    0.0019684600    0.0000000000
  -0.0048846000    0.0039479000    0.0000000000
  -0.0026853900    0.0059284200    0.0000000000
  -0.0002712400    0.0065148100    0.0000000000
   0.0027169200    0.0057002200    0.0000000000
   0.0014763600    0.0043368300    0.0000000000
  -0.0000403600   -0.0003747900    0.0000000000
   0.0011685800    0.0011846000    0.0000000000
  -0.0006642200    0.0025476700    0.0000000000
  -0.0014306500    0.0039370400    0.0000000000
  -0.0026886500    0.0043258000    0.0000000000
  -0.0026396700    0.0036249100    0.0000000000
  -0.0013290100    0.0039991900    0.0000000000
  -0.0000330200    0.0034669200    0.0000000000
   0.0009583600    0.0023599900    0.0000000000
   0.0017107200    0.0013188300    0.0000000000
   0.0017250200    0.0019152100    0.0000000000
   0.0010628200    0.0027733000    0.0000000000
  -0.0005387900    0.0041314500    0.0000000000
  -0.0014560500    0.0037344500    0.0000000000
  -0.0028449200    0.0046641400    0.0000000000
  -0.0029941900    0.0037694200    0.0000000000
  -0.0014794600    0.0023319300    0.0000000000
  -0.0003201500    0.0012383400    0.0000000000
   0.0007922400    0.0015175700    0.0000000000
   0.0023603600    0.0014347500    0.0000000000
   0.0032676000    0.0021912600    0.0000000000
   0.0018054100    0.0055761900    0.0000000000
  -0.0008772800    0.0068975000    0.0000000000
  -0.0050712700    0.0087392100    0.0000000000
  -0.0045767400    0.0042596100    0.0000000000
  -0.0029900500    0.0024496300    0.0000000000
  -0.0025100100    0.0005652800    0.0000000000
   0.0002450200   -0.0000260500    0.0000000000
   0.0015196600   -0.0000162900    0.0000000000
   0.0039528700   -0.0001358200    0.0000000000
   0.0086728800    0.0056110800    0.0000000000
   0.0010228200    0.0139588800    0.0000000000
  -0.0066898700    0.0272661900    0.0000000000
  -0.0114778000    0.0047571400    0.0000000000
  -0.0052430700    0.0004893100    0.0000000000
  -0.0035255600   -0.0002593000    0.0000000000
  -0.0011820500   -0.0003072300    0.0000000000
  -0.0000634700   -0.0021904000    0.0000000000
   0.0019443500   -0.0046050100    0.0000000000
   0.0104527100   -0.0058068400    0.0000000000
   0.0250732100    0.0307366000    0.0000000000

12   
  0.0234443241590582   0.0000000000000033   0.0187180037590817
   0.0109968100    0.0091734800    0.0002232800
  -0.0282087200    0.0540866600    0.0011508100
  -0.0300478200   -0.0542184700   -0.0002682800
   0.0118780600   -0.0084760300    0.0002184800
   0.0072042000   -0.0039514500   -0.0000191800
   0.0045361300   -0.0012319600   -0.0000183800
   0.0037412800    0.0006457100   -0.0000064100
   0.0038156400    0.0021604200   -0.0000181300
   0.0062712600    0.0045665800   -0.0000180000
   0.0130377100    0.0061643300   -0.0012416700
   0.1019873800    0.0222260200    0.0018820500
  -1.2194546600   -0.0464401000   -0.2637957400
   0.1068511200   -0.0224330800    0.0003472200
   0.0133098300   -0.0069128800   -0.0011856500
   0.0056284300   -0.0019049800    0.0000404200
   0.0046657400   -0.0005277000   -0.0000114200
   0.0039821600    0.0003154100   -0.0000115800
   0.0050459900    0.0015065400    0.0000455000
   0.0056598000   -0.0013597200   -0.0000156800
   0.0105524100   -0.0099468200    0.0002106600
  -0.0312261900   -0.0959177400    0.0003316000
  -0.0282941000    0.0959045900    0.0000254700
   0.0108335400    0.0089036100    0.0001544200
   0.0061622000    0.0010419600   -0.0000136300
   0.0042838000    0.0000624700   -0.0000193500
   0.0037756900   -0.0005055800   -0.0000062400
   0.0035806800   -0.0007186800   -0.0000186200
   0.0023771800   -0.0019801300   -0.0000174600
   0.0017211800   -0.0064673900   -0.0000145000
  -0.0069511400   -0.0162606700   -0.0010908100
  -0.0044217900   -0.0011513400    0.0002212100
  -0.0078193600    0.0131832200   -0.0009979500
   0.0016831800    0.0068668800   -0.0000145400
   0.0023151200    0.0026089800   -0.0000168400
   0.0025071500    0.0008698500   -0.0000067800
   0.0024708700   -0.0009061700   -0.0000065400
   0.0010890400   -0.0022383800   -0.0000066600
   0.0003918200   -0.0033990200   -0.0000174400
  -0.0014017300   -0.0053832000    0.0000247600
  -0.0020043700   -0.0055980700   -0.0000078800
  -0.0007569500    0.0041596500    0.0000099300
   0.0008468600    0.0030545100   -0.0000184400
   0.0013880300    0.0011686200   -0.0000068200
   0.0012988200   -0.0007892700   -0.0000056000
   0.0001476300   -0.0010353800   -0.0000066600
   0.0002489900   -0.0020029000   -0.0000065400
  -0.0004691900   -0.0025112500   -0.0000105600
  -0.0003421300   -0.0021857500   -0.0000179500
   0.0005612200    0.0002901000   -0.0000192900
  -0.0007286000    0.0023816700   -0.0000054200
  -0.0000982600    0.0020054600   -0.0000096200
   0.0007340400    0.0014488800   -0.0000065100
   0.0002503200    0.0002684600   -0.0000067000
  -0.0004523900   -0.0004009600   -0.0000173400
  -0.0010957200   -0.0014605900   -0.0000181100
  -0.0000317100   -0.0016580600   -0.0000113500
   0.0002282000   -0.0011191000   -0.0000064800
   0.0003346400   -0.0003240300   -0.0000053600
   0.0005222200    0.0015465300   -0.0000067500
   0.0005709700    0.0020487700   -0.0000076900
   0.0001811300    0.0022372500   -0.0000110200
  -0.0003995200    0.0011634200   -0.0000180200
  -0.0023937700    0.0012354200   -0.0000179300
  -0.0023357300   -0.0006836600   -0.0000183000
  -0.0008374000   -0.0015032900    0.0000374300
   0.0011867200   -0.0017978000   -0.0000180800
   0.0013869200   -0.0008762300   -0.0000068500
   0.0013591700   -0.0001546400   -0.0000056300
   0.0015819000    0.0009789400   -0.0000064900
   0.0009792400    0.0022075200   -0.0000181100
  -0.0011634400    0.0022954000    0.0000399100
  -0.0066338500    0.0048530700   -0.0011845600
  -0.0045517900    0.0000292700    0.0002037600
  -0.0058297700   -0.0046049900   -0.0011436600
   0.0025348100   -0.0029078100   -0.0000201600
   0.0035556400   -0.0016171900   -0.0000172700
   0.0023730000   -0.0005868200   -0.0000067300
   0.0026022900    0.0011786800   -0.0000065900
   0.0032897400    0.0021782200   -0.0000170300
   0.0017128500    0.0037965200   -0.0000187300
  -0.0043139600   -0.0339030600    0.0041176300
   0.1882789700    0.0050800400    0.0940412300
  -0.0044855600    0.0338480500    0.0042129200
  -0.0088827100    0.0054315500    0.0000959000
  -0.0045817000    0.0020509200    0.0000084100
  -0.0038605900    0.0003032800    0.0000120300
  -0.0035504100   -0.0010914300    0.0000120100
  -0.0046898900   -0.0017683200    0.0000069400
  -0.0085813800   -0.0056094000    0.0001007200
  -0.0226037700    0.0079126400   -0.0057267100
   0.4226299400   -0.1328387900    0.0988780100
   0.4821653800    0.1748747500    0.0889498400
  -0.0227278000   -0.0076264900   -0.0054562000
  -0.0079487000    0.0001114600    0.0003705700
  -0.0049053900    0.0004741300    0.0000044500
  -0.0044486100    0.0003219300    0.0000075400
  -0.0039665300    0.0003477700    0.0000033600
  -0.0078274400    0.0008931500    0.0003850200
  -0.0085916700    0.0061698900    0.0004898900
  -0.0094312700    0.0274049700   -0.0051071900
   0.0537413500    0.0009968800    0.0036553800
  -0.0102866300   -0.0262749300   -0.0047364400
  -0.0086426700   -0.0068754400    0.0004794900
  -0.0045794300   -0.0023429700   -0.0000241100
  -0.0041900100   -0.0005849600    0.0000126800
  -0.0035768200    0.0007151800    0.0000124500
  -0.0043182200    0.0018199700   -0.0000250100
  -0.0022704400    0.0033027100   -0.0000218000
  -0.0007590200    0.0074813900    0.0003252000
   0.0083790200    0.0054475500    0.0001220500
   0.0099077000   -0.0005696000    0.0000544400
   0.0003192300   -0.0061190200    0.0002722800
  -0.0021003800   -0.0033570200   -0.0000154200
  -0.0029588600   -0.0016310500    0.0000145700
  -0.0025522900   -0.0003741800    0.0000050100
  -0.0026187500    0.0009903500    0.0000151400
  -0.0012413200    0.0028608900    0.0000119800
   0.0002980700    0.0034965700    0.0000057900
   0.0020036900    0.0034050500    0.0000095100
  -0.0000600000    0.0026658000    0.0000363600
   0.0013471800   -0.0035192500    0.0000318600
  -0.0000008900   -0.0026441300    0.0000077300
  -0.0015713500   -0.0013622800    0.0000104800
  -0.0011790600    0.0003845500    0.0000053600
  -0.0014032800    0.0012037700    0.0000051100
  -0.0006690500    0.0006211200    0.0000121700
   0.0000750600    0.0018756200    0.0000079700
   0.0003330700    0.0017126600    0.0000114700
   0.0004663200    0.0004396400    0.0000134000
   0.0007930300   -0.0012688300    0.0000116800
   0.0001752800   -0.0019628000    0.0000053200
  -0.0004480900   -0.0018665600    0.0000084600
  -0.0006297600   -0.0010578600    0.0000122400
   0.0000121100   -0.0005610000    0.0000146700
   0.0007620500    0.0004038800   -0.0000206900
  -0.0000255600    0.0020324800    0.0000048300
  -0.0001753400    0.0016418500    0.0000118900
  -0.0004279600    0.0005092400    0.0000070700
  -0.0005162200    0.0002519000    0.0000066200
  -0.0002278600   -0.0010256600    0.0000075700
  -0.0002478600   -0.0025801500    0.0000124600
   0.0001188600   -0.0020451500    0.0000044700
   0.0009627200   -0.0005629300   -0.0000208300
   0.0020324600    0.0000377300    0.0004788600
   0.0027734500    0.0021968800    0.0003598200
  -0.0001005600    0.0036936000    0.0000090900
  -0.0020862900    0.0015126200    0.0000125700
  -0.0009099600    0.0003663600    0.0000067300
  -0.0014394300   -0.0002392400    0.0000066400
  -0.0017162000   -0.0022712700    0.0000124200
   0.0005276100   -0.0037215700    0.0000083200
   0.0019802000   -0.0017237400    0.0003602500
   0.0137425100    0.0019289200   -0.0054855800
   0.0148514300   -0.0029774900   -0.0054125900
   0.0002472600    0.0086041900    0.0000949300
  -0.0032097400    0.0034745800    0.0000282000
  -0.0022468300    0.0015269000    0.0000124900
  -0.0021302600   -0.0005328700    0.0000073500
  -0.0030832200   -0.0018830700    0.0000124200
  -0.0031789900   -0.0036296800    0.0000269400
  -0.0000287100   -0.0090870000    0.0001007500

12   
 -0.0234443241590582  -0.0000000000000033  -0.0187180037590817
  -0.0124789100   -0.0084949000   -0.0002380500
   0.0290542300   -0.0540688300    0.0001392900
   0.0286452400    0.0536635900   -0.0010179600
  -0.0113006100    0.0088557300   -0.0002035300
  -0.0058723100    0.0046678500    0.0000162700
  -0.0037012100    0.0017134300    0.0000181500
  -0.0032376600    0.0006085500    0.0000064000
  -0.0044228000   -0.0008519300    0.0000183900
  -0.0068566700   -0.0041045000    0.0000206600
  -0.0128888100   -0.0069475600    0.0011827700
  -0.1059202400   -0.0225022000   -0.0002057000
   1.2181936200   -0.0359347800    0.2640898700
  -0.1027062300    0.0217538100   -0.0020427100
  -0.0126747200    0.0063811500    0.0012465300
  -0.0058885400    0.0013168100   -0.0000441700
  -0.0033308600    0.0002039100    0.0000111600
  -0.0039862600   -0.0004542600    0.0000118000
  -0.0063765400   -0.0017112000   -0.0000416500
  -0.0065685500    0.0009765100    0.0000184900
  -0.0101275600    0.0099548600   -0.0001807800
   0.0305967300    0.0961088600    0.0000511200
   0.0286776800   -0.0946405700   -0.0004287700
  -0.0104951100   -0.0093969700   -0.0001846400
  -0.0064497900   -0.0010191800    0.0000104000
  -0.0036423000   -0.0004106600    0.0000192800
  -0.0029508100   -0.0005375000    0.0000062300
  -0.0043046300   -0.0002604200    0.0000187300
  -0.0027727000    0.0024970800    0.0000176900
  -0.0016032600    0.0069735800    0.0000165700
   0.0058307500    0.0157195200    0.0010609000
   0.0039718400    0.0016161000   -0.0002226300
   0.0083224300   -0.0127940000    0.0010287100
  -0.0004028200   -0.0074438400    0.0000125800
  -0.0024979000   -0.0021988100    0.0000165600
  -0.0022580700   -0.0002808900    0.0000066600
  -0.0023599100    0.0001380400    0.0000066700
  -0.0012527700    0.0005169500    0.0000067500
  -0.0009263500    0.0030255700    0.0000175500
   0.0008279800    0.0054448100   -0.0000223500
   0.0019871500    0.0049785100    0.0000077000
   0.0006732500   -0.0047439700   -0.0000121400
  -0.0002578600   -0.0030941100    0.0000184000
  -0.0008412700   -0.0015611000    0.0000067100
  -0.0011545500   -0.0007942100    0.0000056000
  -0.0002748000    0.0001534300    0.0000066500
  -0.0002172700    0.0013650200    0.0000065800
  -0.0003700800    0.0023576100    0.0000106000
   0.0007090300    0.0019704600    0.0000180200
  -0.0000195600   -0.0001259500    0.0000185600
   0.0002632900   -0.0022567300    0.0000052900
  -0.0004504000   -0.0021777100    0.0000095600
   0.0002100000   -0.0016705500    0.0000064200
  -0.0001729400   -0.0008397500    0.0000067100
   0.0013102200   -0.0003751500    0.0000173400
   0.0000870800    0.0007388500    0.0000180500
  -0.0000501900    0.0018542500    0.0000111200
  -0.0004865900    0.0021102400    0.0000064400
  -0.0007625600    0.0009240500    0.0000055100
  -0.0004100700   -0.0000832400    0.0000067300
  -0.0002253500   -0.0014782500    0.0000077200
  -0.0000306400   -0.0011820700    0.0000112400
   0.0007143500   -0.0009588400    0.0000180800
   0.0021690000   -0.0001196500    0.0000186500
   0.0022704800    0.0006435000    0.0000175600
   0.0010516700    0.0027033700   -0.0000380000
  -0.0006025500    0.0019895500    0.0000179400
  -0.0014403800    0.0013427600    0.0000066800
  -0.0016005200   -0.0002593600    0.0000056300
  -0.0013031900   -0.0015181500    0.0000066100
  -0.0009331900   -0.0017230600    0.0000182800
   0.0006226100   -0.0019583400   -0.0000392900
   0.0059187300   -0.0042544200    0.0011595000
   0.0034013400   -0.0000671200   -0.0002034100
   0.0068315900    0.0043767700    0.0011676400
  -0.0018526700    0.0035035000    0.0000174900
  -0.0022693000    0.0025475600    0.0000172700
  -0.0029007100    0.0007086200    0.0000065800
  -0.0026978300   -0.0002612700    0.0000067200
  -0.0026222100   -0.0021291100    0.0000170700
  -0.0028563100   -0.0027663300    0.0000213800
   0.0054841600    0.0330727300   -0.0042703000
  -0.1879382100    0.0053177200   -0.0940374600
   0.0046041000   -0.0330657800   -0.0040661300
   0.0073512800   -0.0064744900   -0.0001022800
   0.0052276800   -0.0013520700   -0.0000067400
   0.0033179400   -0.0005019600   -0.0000119300
   0.0036278700   -0.0002342700   -0.0000120600
   0.0051328300    0.0016492200   -0.0000084900
   0.0077968700    0.0062830800   -0.0000945700
   0.0223823700   -0.0071784400    0.0055026700
  -0.4730116500    0.1686502700   -0.0893101500
  -0.4300237700   -0.1384914300   -0.0987904500
   0.0217388500    0.0078043000    0.0056909700
   0.0080427200    0.0007656800   -0.0003821600
   0.0043725500    0.0005646400   -0.0000039400
   0.0032381000    0.0003554100   -0.0000074900
   0.0052665500    0.0002973300   -0.0000039400
   0.0081413700    0.0001572000   -0.0003737600
   0.0078251000   -0.0066277300   -0.0004788200
   0.0092685300   -0.0277580500    0.0049252700
  -0.0536182200   -0.0020301200   -0.0036529400
   0.0100559300    0.0261947500    0.0049196000
   0.0087671000    0.0063119900   -0.0004912100
   0.0053738900    0.0017760400    0.0000263600
   0.0029918100    0.0004041700   -0.0000126400
   0.0036005100   -0.0001864900   -0.0000124800
   0.0054980300   -0.0021012000    0.0000229200
   0.0031791300   -0.0037359400    0.0000197700
   0.0000304800   -0.0072846700   -0.0003127600
  -0.0075806100   -0.0051657100   -0.0001256800
  -0.0098981800    0.0004362600   -0.0000465400
  -0.0008921200    0.0064764100   -0.0002835100
   0.0026472000    0.0035182700    0.0000174100
   0.0021947100    0.0011704900   -0.0000146000
   0.0024003300   -0.0003635300   -0.0000050500
   0.0027050000   -0.0018061500   -0.0000150000
   0.0011097900   -0.0008854000   -0.0000119200
   0.0006807300   -0.0027248900   -0.0000066600
  -0.0023051000   -0.0031951200   -0.0000097100
  -0.0000782600   -0.0026757900   -0.0000363200
  -0.0011229900    0.0034883100   -0.0000317900
   0.0002222800    0.0028307100   -0.0000068700
   0.0005844800    0.0021602200   -0.0000104500
   0.0014615900    0.0015660100   -0.0000053100
   0.0012930700   -0.0000500800   -0.0000051700
   0.0000120200   -0.0016513000   -0.0000120600
   0.0005596000   -0.0018614600   -0.0000078300
  -0.0001599400   -0.0019386200   -0.0000115100
  -0.0008222800   -0.0004191200   -0.0000131700
  -0.0006969600    0.0005255500   -0.0000117100
   0.0001994400    0.0019050100   -0.0000053300
   0.0001901900    0.0016713700   -0.0000085500
   0.0000605800    0.0011138200   -0.0000122900
   0.0006217600   -0.0005924200   -0.0000146800
  -0.0006618400   -0.0010816600    0.0000207100
  -0.0006116000   -0.0015796700   -0.0000052800
   0.0003655700   -0.0021703300   -0.0000118300
   0.0002371200   -0.0016521300   -0.0000070300
   0.0000718800    0.0003610100   -0.0000065500
   0.0005845200    0.0015663700   -0.0000076000
   0.0005288400    0.0013853900   -0.0000125100
  -0.0003421900    0.0015766800   -0.0000040000
  -0.0004286100    0.0009184900    0.0000208500
  -0.0026109800    0.0000863900   -0.0004788200
  -0.0020162900   -0.0020353600   -0.0003558100
   0.0005853400   -0.0027087700   -0.0000079100
   0.0003180800   -0.0023890900   -0.0000124700
   0.0018200300   -0.0008638400   -0.0000066700
   0.0013143500    0.0011706300   -0.0000066900
   0.0008298200    0.0018028100   -0.0000125200
   0.0013585100    0.0028130700   -0.0000094100
  -0.0027221600    0.0026044200   -0.0003640500
  -0.0153633100   -0.0025076000    0.0054540500
  -0.0144241800    0.0017288300    0.0054414500
   0.0010529100   -0.0086909100   -0.0001035600
   0.0021756500   -0.0040332000   -0.0000264000
   0.0030873600   -0.0012368900   -0.0000124200
   0.0028604200   -0.0004844300   -0.0000073500
   0.0022976600    0.0009716400   -0.0000125200
   0.0023410400    0.0039535900   -0.0000286600
   0.0009593400    0.0084265100   -0.0000919600

12   
 -0.0149999999993716   0.0259807621138959   0.0000000000000000
   0.0013712500   -0.0037035700    0.0000000000
   0.1246075900    0.0288776900    0.0000000000
  -0.0868467800    0.0957427200    0.0000000000
  -0.0170918400    0.0075061600    0.0000000000
  -0.0044865100    0.0008825300    0.0000000000
  -0.0024017400    0.0000777500    0.0000000000
  -0.0019947100    0.0000107300    0.0000000000
  -0.0027902100   -0.0013711600    0.0000000000
  -0.0036221100   -0.0047749700    0.0000000000
  -0.0154518900   -0.0183038700    0.0000000000
  -0.0911736200   -0.0924392300    0.0000000000
   0.8327093600   -1.2828841300    0.0000000000
  -0.0425829700   -0.0627112800    0.0000000000
  -0.0008789900   -0.0097177200    0.0000000000
  -0.0020048500   -0.0025850300    0.0000000000
  -0.0014497400   -0.0011989600    0.0000000000
  -0.0029664200   -0.0015614300    0.0000000000
  -0.0061278800   -0.0044043300    0.0000000000
  -0.0088803200   -0.0015042800    0.0000000000
  -0.0153083100    0.0085701800    0.0000000000
  -0.0398867300    0.1264105400    0.0000000000
   0.0784010000    0.0013762800    0.0000000000
   0.0020575600   -0.0042163700    0.0000000000
   0.0004601300   -0.0028568700    0.0000000000
  -0.0005638200   -0.0014610600    0.0000000000
  -0.0017047800   -0.0011697600    0.0000000000
  -0.0044486100   -0.0014020100    0.0000000000
  -0.0039621400    0.0022873600    0.0000000000
  -0.0040750800    0.0068818900    0.0000000000
  -0.0004719700    0.0165829100    0.0000000000
   0.0057631200    0.0152223700    0.0000000000
   0.0081210700   -0.0033238300    0.0000000000
   0.0031196300   -0.0027251300    0.0000000000
   0.0005624500   -0.0008103900    0.0000000000
  -0.0006482700    0.0002954700    0.0000000000
  -0.0021645400    0.0003418200    0.0000000000
  -0.0020274700    0.0016747300    0.0000000000
  -0.0026162400    0.0040096100    0.0000000000
  -0.0015628800    0.0067545200    0.0000000000
   0.0007476300    0.0078753300    0.0000000000
   0.0022506900   -0.0014167600    0.0000000000
   0.0019766000   -0.0002362000    0.0000000000
   0.0008502500    0.0004994800    0.0000000000
  -0.0006740800    0.0007695200    0.0000000000
  -0.0010064400    0.0026659600    0.0000000000
  -0.0019644800    0.0033104000    0.0000000000
  -0.0023394200    0.0041181300    0.0000000000
  -0.0009375100    0.0043094500    0.0000000000
   0.0010371000    0.0045639200    0.0000000000
  -0.0002564100    0.0028532100    0.0000000000
   0.0017988700    0.0011911500    0.0000000000
   0.0022395200    0.0014096800    0.0000000000
   0.0007794500    0.0020789000    0.0000000000
   0.0010070700    0.0040186100    0.0000000000
  -0.0027303100    0.0040503400    0.0000000000
  -0.0028825600    0.0040042800    0.0000000000
  -0.0023597300    0.0039740600    0.0000000000
  -0.0011021200    0.0036218000    0.0000000000
   0.0003428400    0.0032679000    0.0000000000
   0.0015412900    0.0021216200    0.0000000000
   0.0029221100    0.0023007800    0.0000000000
   0.0031759300    0.0031491000    0.0000000000
   0.0056860500    0.0070671200    0.0000000000
  -0.0029034100    0.0073096600    0.0000000000
  -0.0050903400    0.0056603300    0.0000000000
  -0.0038717100    0.0034916600    0.0000000000
  -0.0024674400    0.0026389100    0.0000000000
  -0.0011197500    0.0015043700    0.0000000000
   0.0006781300    0.0007925600    0.0000000000
   0.0029339500    0.0013427900    0.0000000000
   0.0061661600    0.0025807900    0.0000000000
   0.0222812000    0.0041180500    0.0000000000
   0.0018226800    0.0176634700    0.0000000000
  -0.0138453600    0.0094398600    0.0000000000
  -0.0083779000    0.0045788400    0.0000000000
  -0.0035749900    0.0023180300    0.0000000000
  -0.0025326500    0.0008958900    0.0000000000
  -0.0012336400    0.0004670900    0.0000000000
   0.0007223600   -0.0007644200    0.0000000000
   0.0052146300    0.0006736500    0.0000000000
  -0.0320977600    0.0574478500    0.0000000000
  -0.1232194000    0.5206557300    0.0000000000
   0.0394812200    0.0144895600    0.0000000000
   0.0092091100    0.0043291900    0.0000000000
   0.0042149300    0.0019352700    0.0000000000
   0.0021862100    0.0007484100    0.0000000000
   0.0022060400    0.0006911700    0.0000000000
   0.0026522300    0.0036526700    0.0000000000
   0.0001924300    0.0127930100    0.0000000000
   0.0401212600    0.0048929600    0.0000000000
  -0.5040831000    0.4226542000    0.0000000000
  -0.1242958100    0.2045462800    0.0000000000
  -0.0116464300    0.0142828400    0.0000000000
   0.0010743500    0.0043011900    0.0000000000
   0.0016945700    0.0019114600    0.0000000000
   0.0018422600    0.0010972300    0.0000000000
   0.0045960000    0.0016089500    0.0000000000
   0.0094146600    0.0038473400    0.0000000000
   0.0114415500   -0.0060069800    0.0000000000
   0.0184439500   -0.0181805400    0.0000000000
  -0.0363442800   -0.0256250500    0.0000000000
  -0.0059204500    0.0167782900    0.0000000000
  -0.0010901800    0.0024954400    0.0000000000
   0.0008210200    0.0009676800    0.0000000000
   0.0009553000    0.0001094500    0.0000000000
   0.0029824000   -0.0001659300    0.0000000000
   0.0063865000   -0.0015445700    0.0000000000
   0.0050775200   -0.0044894600    0.0000000000
   0.0035443800   -0.0078761400    0.0000000000
  -0.0024212500   -0.0104469500    0.0000000000
  -0.0107445100   -0.0008820100    0.0000000000
  -0.0041904000    0.0016709200    0.0000000000
  -0.0010950700    0.0004706100    0.0000000000
  -0.0002100500   -0.0006772700    0.0000000000
   0.0014715700   -0.0016711900    0.0000000000
   0.0031530100   -0.0027068300    0.0000000000
   0.0024044000   -0.0026280700    0.0000000000
   0.0028546400   -0.0042640600    0.0000000000
   0.0003441800   -0.0052685600    0.0000000000
  -0.0025908700   -0.0057934400    0.0000000000
   0.0014650300    0.0001121900    0.0000000000
  -0.0023500200   -0.0001646000    0.0000000000
  -0.0016937200   -0.0007654200    0.0000000000
   0.0002720400   -0.0010874500    0.0000000000
   0.0014280400   -0.0022859000    0.0000000000
   0.0013339600   -0.0046933400    0.0000000000
   0.0025246400   -0.0039669200    0.0000000000
   0.0017576400   -0.0038642300    0.0000000000
   0.0002092000   -0.0037529700    0.0000000000
  -0.0009927900   -0.0031225100    0.0000000000
  -0.0013882300   -0.0023158300    0.0000000000
  -0.0020982300   -0.0017861600    0.0000000000
  -0.0015918500   -0.0027370200    0.0000000000
   0.0004773500   -0.0045430900    0.0000000000
   0.0010815400   -0.0068780500    0.0000000000
   0.0024786900   -0.0046731700    0.0000000000
   0.0027648700   -0.0037405100    0.0000000000
   0.0015890800   -0.0032578800    0.0000000000
   0.0000821400   -0.0017366000    0.0000000000
  -0.0008566900   -0.0010418100    0.0000000000
  -0.0021388000   -0.0018846500    0.0000000000
  -0.0033231400   -0.0028832600    0.0000000000
  -0.0017126700   -0.0054464400    0.0000000000
  -0.0017696000   -0.0130371200    0.0000000000
   0.0050037100   -0.0084728700    0.0000000000
   0.0050962200   -0.0036707700    0.0000000000
   0.0023590000   -0.0024572800    0.0000000000
   0.0021335200   -0.0013610400    0.0000000000
   0.0001532100    0.0001338700    0.0000000000
  -0.0020386100    0.0002096400    0.0000000000
  -0.0034514600   -0.0005478000    0.0000000000
  -0.0080897900   -0.0054600100    0.0000000000
  -0.0255435800   -0.0306349000    0.0000000000
   0.0062860300   -0.0277225700    0.0000000000
   0.0119715100   -0.0053270600    0.0000000000
   0.0053225100   -0.0009521400    0.0000000000
   0.0034588400    0.0000271800    0.0000000000
   0.0020046700   -0.0001435900    0.0000000000
   0.0000705700    0.0011709700    0.0000000000
  -0.0027031500    0.0042996500    0.0000000000
  -0.0102837900    0.0056516800    0.0000000000

12   
  0.0149999999993716  -0.0259807621138959   0.0000000000000000
  -0.0033169900    0.0041244100    0.0000000000
  -0.1257831600   -0.0295228300    0.0000000000
   0.0896405000   -0.1006708400    0.0000000000
   0.0177116500   -0.0071303800    0.0000000000
   0.0057345000   -0.0000602300    0.0000000000
   0.0031718400    0.0004479300    0.0000000000
   0.0024364600    0.0012542300    0.0000000000
   0.0021019200    0.0026729800    0.0000000000
   0.0028761200    0.0051951400    0.0000000000
   0.0155126600    0.0176523000    0.0000000000
   0.0893769700    0.0921784400    0.0000000000
  -0.7174568800    1.3478301800    0.0000000000
   0.0425236200    0.0643900200    0.0000000000
   0.0011134300    0.0095916900    0.0000000000
   0.0016128100    0.0020891600    0.0000000000
   0.0027053000    0.0009063000    0.0000000000
   0.0028981700    0.0014400800    0.0000000000
   0.0047294700    0.0042374900    0.0000000000
   0.0079358000    0.0011733300    0.0000000000
   0.0156907000   -0.0084001800    0.0000000000
   0.0371199900   -0.1220606500    0.0000000000
  -0.0768079400   -0.0022530600    0.0000000000
  -0.0021603400    0.0034786700    0.0000000000
  -0.0009843500    0.0029283200    0.0000000000
   0.0010965600    0.0011361700    0.0000000000
   0.0024669600    0.0001386900    0.0000000000
   0.0036818700    0.0004459000    0.0000000000
   0.0035527600   -0.0017474800    0.0000000000
   0.0042057900   -0.0062987300    0.0000000000
  -0.0005005400   -0.0169280900    0.0000000000
  -0.0062025200   -0.0148636900    0.0000000000
  -0.0075270700    0.0033789700    0.0000000000
  -0.0019036900    0.0019387100    0.0000000000
  -0.0008326800    0.0011576600    0.0000000000
   0.0008371500    0.0002732800    0.0000000000
   0.0022418200   -0.0011115700    0.0000000000
   0.0018616200   -0.0034068800    0.0000000000
   0.0021006100   -0.0043665900    0.0000000000
   0.0010395100   -0.0066525600    0.0000000000
  -0.0007226300   -0.0085041500    0.0000000000
  -0.0023482700    0.0007067900    0.0000000000
  -0.0014306800    0.0000984800    0.0000000000
  -0.0003482000   -0.0009527400    0.0000000000
   0.0007932100   -0.0023877000    0.0000000000
   0.0008894800   -0.0035950600    0.0000000000
   0.0020250800   -0.0039693600    0.0000000000
   0.0015343000   -0.0042778200    0.0000000000
   0.0013366400   -0.0045429200    0.0000000000
  -0.0005092300   -0.0044788900    0.0000000000
  -0.0002024000   -0.0028378800    0.0000000000
  -0.0023877000   -0.0014509200    0.0000000000
  -0.0013361700   -0.0017107300    0.0000000000
  -0.0007252500   -0.0027176300    0.0000000000
  -0.0001373700   -0.0048905500    0.0000000000
   0.0017858600   -0.0048300500    0.0000000000
   0.0028537100   -0.0038321900    0.0000000000
   0.0021310000   -0.0029994600    0.0000000000
   0.0006744500   -0.0030622300    0.0000000000
  -0.0002512800   -0.0018725300    0.0000000000
  -0.0012352200   -0.0016348800    0.0000000000
  -0.0028282200   -0.0013321400    0.0000000000
  -0.0029069500   -0.0030397600    0.0000000000
  -0.0059821700   -0.0061201600    0.0000000000
   0.0029867100   -0.0074952400    0.0000000000
   0.0054328300   -0.0045023200    0.0000000000
   0.0045090400   -0.0033091200    0.0000000000
   0.0024177300   -0.0021841700    0.0000000000
   0.0008512100   -0.0019513600    0.0000000000
  -0.0004565800   -0.0013890300    0.0000000000
  -0.0029748200   -0.0009406800    0.0000000000
  -0.0068013200   -0.0023579700    0.0000000000
  -0.0232923800   -0.0037575500    0.0000000000
  -0.0028688000   -0.0181511500    0.0000000000
   0.0153371100   -0.0097912100    0.0000000000
   0.0091727700   -0.0039738500    0.0000000000
   0.0048587500   -0.0013623000    0.0000000000
   0.0019695800   -0.0007713300    0.0000000000
   0.0010776400    0.0004274000    0.0000000000
  -0.0001633900    0.0007583500    0.0000000000
  -0.0065578900    0.0002359100    0.0000000000
   0.0350318800   -0.0578311100    0.0000000000
   0.1152207800   -0.6261123100    0.0000000000
  -0.0400728700   -0.0149646300    0.0000000000
  -0.0107544100   -0.0056432400    0.0000000000
  -0.0035111900   -0.0013198200    0.0000000000
  -0.0026723300   -0.0009783700    0.0000000000
  -0.0020618500   -0.0020334500    0.0000000000
  -0.0021010400   -0.0037977900    0.0000000000
  -0.0007025800   -0.0121815800    0.0000000000
  -0.0400751400   -0.0043171400    0.0000000000
   0.4065924300   -0.3766587100    0.0000000000
   0.1154698600   -0.2099395700    0.0000000000
   0.0113549900   -0.0139803500    0.0000000000
  -0.0007903600   -0.0034988600    0.0000000000
  -0.0021316000   -0.0009039700    0.0000000000
  -0.0029854700   -0.0004366700    0.0000000000
  -0.0032315300   -0.0009906900    0.0000000000
  -0.0090262900   -0.0028607600    0.0000000000
  -0.0121588400    0.0054637100    0.0000000000
  -0.0186472800    0.0176785600    0.0000000000
   0.0355913100    0.0255364400    0.0000000000
   0.0061649900   -0.0164098600    0.0000000000
   0.0015595700   -0.0028802500    0.0000000000
   0.0001268600   -0.0014942500    0.0000000000
  -0.0020743000   -0.0002801700    0.0000000000
  -0.0029071000    0.0006892500    0.0000000000
  -0.0051666100    0.0012329300    0.0000000000
  -0.0041641600    0.0040285600    0.0000000000
  -0.0043190200    0.0080010200    0.0000000000
   0.0030587300    0.0107413000    0.0000000000
   0.0106073900    0.0007585400    0.0000000000
   0.0036406400   -0.0011587200    0.0000000000
   0.0017360800   -0.0002060200    0.0000000000
  -0.0004785700    0.0002705800    0.0000000000
  -0.0015775600    0.0009603200    0.0000000000
  -0.0030430600    0.0018936400    0.0000000000
  -0.0025440000    0.0046158800    0.0000000000
  -0.0019087800    0.0050274500    0.0000000000
  -0.0007101300    0.0054741500    0.0000000000
   0.0024858300    0.0058096200    0.0000000000
  -0.0012909500   -0.0000422900    0.0000000000
   0.0026087200    0.0004414500    0.0000000000
   0.0007574800    0.0016408300    0.0000000000
   0.0000473600    0.0030979600    0.0000000000
  -0.0015247600    0.0034778600    0.0000000000
  -0.0020126800    0.0037119500    0.0000000000
  -0.0019231100    0.0039996300    0.0000000000
  -0.0016210000    0.0036505900    0.0000000000
  -0.0005909900    0.0038206200    0.0000000000
   0.0010845900    0.0024494300    0.0000000000
   0.0017891900    0.0023489500    0.0000000000
   0.0018830400    0.0016751500    0.0000000000
   0.0010572100    0.0028801600    0.0000000000
   0.0001627400    0.0034710400    0.0000000000
  -0.0010260100    0.0063186900    0.0000000000
  -0.0031788800    0.0051661100    0.0000000000
  -0.0026176800    0.0032195900    0.0000000000
  -0.0018017100    0.0021294600    0.0000000000
  -0.0005236000    0.0023855300    0.0000000000
   0.0012443200    0.0016424300    0.0000000000
   0.0024721600    0.0007714800    0.0000000000
   0.0031535000    0.0025189500    0.0000000000
   0.0022670900    0.0059431900    0.0000000000
   0.0011507500    0.0134911300    0.0000000000
  -0.0043992800    0.0087299600    0.0000000000
  -0.0046974400    0.0046425700    0.0000000000
  -0.0041545700    0.0015599300    0.0000000000
  -0.0012151900    0.0008639700    0.0000000000
  -0.0002402000    0.0008229600    0.0000000000
   0.0012229600   -0.0006238600    0.0000000000
   0.0054326000   -0.0002559300    0.0000000000
   0.0074341700    0.0065151700    0.0000000000
   0.0240686900    0.0307973700    0.0000000000
  -0.0060816800    0.0269915200    0.0000000000
  -0.0108828700    0.0051157000    0.0000000000
  -0.0063948100    0.0002973600    0.0000000000
  -0.0026003600    0.0002226800    0.0000000000
  -0.0012312300   -0.0008822300    0.0000000000
  -0.0007793600   -0.0020726500    0.0000000000
   0.0020077600   -0.0039336900    0.0000000000
   0.0114482100   -0.0061405700    0.0000000000

17   
  0.0234443241590582   0.0000000000000033   0.0187180037590817
   0.0056103000   -0.0038538500   -0.0000197200
   0.0037000400   -0.0012071900   -0.0000186000
   0.0034784100   -0.0000627000   -0.0000063700
   0.0043317700    0.0016205000   -0.0000183600
   0.0070269700    0.0045410400   -0.0000168900
   0.0118354100    0.0089502100    0.0001990400
  -0.0274967100    0.0541144700    0.0013344500
  -0.0295422700   -0.0532845100    0.0000404400
   0.0111281300   -0.0084756100    0.0002160200
   0.0129209900   -0.0066829200   -0.0011614100
   0.0055373300   -0.0017947800    0.0000406500
   0.0036405300   -0.0006750800   -0.0000117500
   0.0043314100   -0.0000500000   -0.0000115300
   0.0060221700    0.0013399900    0.0000444200
   0.0125213300    0.0059697100   -0.0012189500
   0.1010021700    0.0212573300    0.0014970100
  -1.2026248100   -0.0406815700   -0.2641781100
   0.1030538700   -0.0213956300   -0.0001766700
   0.0113493800    0.0087162500    0.0002133800
   0.0069663600    0.0009613500   -0.0000218900
   0.0042930800   -0.0000064300   -0.0000182600
   0.0032897800    0.0003175000   -0.0000059100
   0.0044497200   -0.0004573700   -0.0000181100
   0.0064758300   -0.0009576400   -0.0000193800
   0.0119971100   -0.0090652800    0.0002446100
  -0.0280841500   -0.0970435500    0.0008636900
  -0.0283274300    0.0966541300    0.0004840300
  -0.0061756700    0.0175502000   -0.0011742300
   0.0025940600    0.0070692000   -0.0000214900
   0.0027203900    0.0019960900   -0.0000169000
   0.0027283800    0.0005337800   -0.0000063300
   0.0031614400   -0.0002711300   -0.0000062300
   0.0038207300   -0.0025938900   -0.0000166300
   0.0023822900   -0.0065944300   -0.0000197900
  -0.0059800400   -0.0169309900   -0.0012060700
  -0.0036096300   -0.0002440100    0.0002066800
  -0.0021638500    0.0031978500   -0.0000183300
  -0.0009858600    0.0052527300    0.0000410200
   0.0008624800    0.0035315800   -0.0000182400
   0.0013991600    0.0016032200   -0.0000063200
   0.0013350000   -0.0022299000   -0.0000062300
   0.0013916600   -0.0035164200   -0.0000181500
  -0.0004989400   -0.0056293100    0.0000441100
  -0.0020291800   -0.0047822600   -0.0000182600
  -0.0007695700   -0.0004309200   -0.0000175600
  -0.0003804000    0.0021053200   -0.0000185300
  -0.0002305900    0.0025140700   -0.0000116300
   0.0006300300    0.0015811800   -0.0000059500
   0.0004041500    0.0006721300   -0.0000062800
  -0.0001085000   -0.0005475100   -0.0000062700
   0.0001276800   -0.0017798200   -0.0000058800
   0.0006116300   -0.0027028100   -0.0000116600
  -0.0003902800   -0.0027024500   -0.0000184200
   0.0008171400   -0.0011715300   -0.0000066800
  -0.0000914100    0.0004021400   -0.0000066800
   0.0004089200    0.0018255500   -0.0000063500
   0.0000299100    0.0023379400   -0.0000115200
  -0.0006670600    0.0014580700   -0.0000181800
  -0.0007036300    0.0007415400   -0.0000167700
  -0.0003289500   -0.0008616800   -0.0000182100
   0.0001694200   -0.0013150200   -0.0000117700
   0.0005497800   -0.0016375200   -0.0000063800
   0.0012360100   -0.0006495300   -0.0000067400
   0.0014164300   -0.0000570300   -0.0000057300
   0.0015406400    0.0017586800   -0.0000066100
   0.0012881900    0.0020296000   -0.0000184100
  -0.0008083500    0.0023892900    0.0000429800
  -0.0022373800    0.0005259600   -0.0000202100
  -0.0020471200   -0.0009331900   -0.0000210200
  -0.0008641000   -0.0018991200    0.0000422900
   0.0006272200   -0.0017754500   -0.0000185600
   0.0023672300   -0.0017809100   -0.0000175700
   0.0019946400   -0.0008232700   -0.0000067500
   0.0032049500    0.0005353900   -0.0000066100
   0.0032569900    0.0023549000   -0.0000175600
   0.0029561000    0.0036869000   -0.0000168900
  -0.0062937800    0.0045509200   -0.0012045300
  -0.0037216000    0.0005988900    0.0002298600
  -0.0059720600   -0.0044434500   -0.0011787700
   0.0016250000   -0.0027012500   -0.0000196700
  -0.0039461900    0.0011141100    0.0000095700
  -0.0033565700    0.0006683300    0.0000120700
  -0.0037668800   -0.0001359800    0.0000119600
  -0.0056019800   -0.0022082100    0.0000080100
  -0.0076219400   -0.0053991700    0.0001069800
  -0.0054244800   -0.0327248000    0.0039625700
   0.1882498800    0.0045068700    0.0942128200
  -0.0043730800    0.0328300900    0.0041253100
  -0.0082925700    0.0061023200    0.0001007800
  -0.0080026600    0.0002218900    0.0003482900
  -0.0040860600    0.0000621800    0.0000049600
  -0.0038813100    0.0000613900    0.0000079000
  -0.0052874000    0.0002415200    0.0000044000
  -0.0079439600    0.0006718600    0.0003582000
  -0.0220313200    0.0072360500   -0.0054037700
   0.4196677600   -0.1309978200    0.0984321600
   0.4718398600    0.1671857200    0.0889701600
  -0.0214063000   -0.0063602700   -0.0051910900
  -0.0094761000   -0.0066711800    0.0004488400
  -0.0055266500   -0.0022934900   -0.0000152700
  -0.0038271400   -0.0007222100    0.0000117900
  -0.0039072300    0.0004056100    0.0000117000
  -0.0052315000    0.0017215600   -0.0000170900
  -0.0085423700    0.0061387700    0.0004579800
  -0.0120526400    0.0289901500   -0.0053889400
   0.0518813200   -0.0000919600    0.0040436100
  -0.0110256200   -0.0289819100   -0.0052085000
  -0.0008013800   -0.0078939500    0.0003466900
  -0.0038460000   -0.0036755500   -0.0000153100
  -0.0027895100   -0.0013955800    0.0000137800
  -0.0032872900   -0.0000495800    0.0000065500
  -0.0034069200    0.0017467300    0.0000136900
  -0.0031412500    0.0038376700   -0.0000170100
  -0.0015794900    0.0074603700    0.0003600200
   0.0081524800    0.0045975600    0.0001024200
   0.0081928700   -0.0054657400    0.0001052600
   0.0014967000   -0.0020597100    0.0000090100
  -0.0002767900   -0.0028651000    0.0000051600
  -0.0018750100   -0.0020670200    0.0000117200
  -0.0005654800   -0.0016312400    0.0000065200
  -0.0003933300    0.0016143200    0.0000065200
  -0.0015635500    0.0022634400    0.0000116900
  -0.0012094800    0.0036467200    0.0000041900
   0.0017492900    0.0040043500    0.0000085900
   0.0035731200    0.0005589500    0.0000270400
   0.0006010500   -0.0014229200    0.0000126100
   0.0003803200   -0.0019607800    0.0000120500
  -0.0003893800   -0.0020739200    0.0000078300
  -0.0006298800   -0.0010710000    0.0000117200
  -0.0003770500   -0.0003783200    0.0000137000
  -0.0002302000    0.0010472000    0.0000117700
  -0.0005550600    0.0018606800    0.0000079500
  -0.0001769000    0.0020010300    0.0000120300
   0.0012663700    0.0003391500    0.0000126000
  -0.0001729900   -0.0003117100    0.0000066800
  -0.0006815100   -0.0009764000    0.0000073300
  -0.0002921600   -0.0022254900    0.0000119800
   0.0000327300   -0.0024273100    0.0000048600
   0.0003404600   -0.0004968800   -0.0000162200
   0.0007697900    0.0010174400   -0.0000161800
   0.0003313800    0.0012375700    0.0000044600
  -0.0004350400    0.0017364700    0.0000120600
  -0.0000500900    0.0014196800    0.0000073900
  -0.0016099100    0.0007868100    0.0000067100
  -0.0009988600   -0.0005166200    0.0000066400
  -0.0010172300   -0.0014567600    0.0000125700
  -0.0013481000   -0.0036421500    0.0000082100
   0.0026528000   -0.0024331300    0.0003519100
   0.0020865000    0.0003802800    0.0004538100
   0.0018695800    0.0018616200    0.0003553200
   0.0005728500    0.0027452600    0.0000093500
  -0.0015275500    0.0024387800    0.0000126800
  -0.0032042500    0.0013404600    0.0000126700
  -0.0024404300   -0.0003548100    0.0000073500
  -0.0020337000   -0.0014168200    0.0000125700
  -0.0032435200   -0.0039268300    0.0000261800
  -0.0001664600   -0.0084081100    0.0001083100
   0.0145294700    0.0015270400   -0.0053198000
   0.0142004600   -0.0030357700   -0.0052876000
  -0.0008596200    0.0087495800    0.0000993700
  -0.0021361500    0.0033019600    0.0000279700

19   
  0.0234443241590582   0.0000000000000033   0.0187180037590817
  -0.0070040800   -0.0039146800   -0.0011342200
   0.0016645100   -0.0027759600   -0.0000181200
   0.0027356900   -0.0020841900   -0.0000175500
   0.0028253300   -0.0005172700   -0.0000066400
   0.0032837400    0.0010093700   -0.0000066200
   0.0033813400    0.0023656000   -0.0000173100
   0.0026576500    0.0039842400   -0.0000184300
  -0.0062689700    0.0053298300   -0.0012115800
  -0.0040198200    0.0005910100    0.0002115800
  -0.0296650500   -0.0541553600   -0.0001684200
   0.0107026300   -0.0084552800    0.0002078300
   0.0057655900   -0.0043950900   -0.0000186400
   0.0043119500   -0.0019353400   -0.0000193900
   0.0037536700   -0.0003279400   -0.0000063100
   0.0040258200    0.0011153600   -0.0000181700
   0.0071905700    0.0040856000   -0.0000184700
   0.0117314100    0.0088224800    0.0002216500
  -0.0277133800    0.0537700900    0.0013958300
  -1.2108680000   -0.0521633800   -0.2637170200
   0.1049924800   -0.0205660100   -0.0000100700
   0.0135516300   -0.0066661900   -0.0012221200
   0.0053540700   -0.0013415500    0.0000505300
   0.0042498700   -0.0008214000   -0.0000099400
   0.0040343500    0.0002421900   -0.0000122100
   0.0061692300    0.0013549500    0.0000447200
   0.0131489400    0.0057968400   -0.0012249600
   0.1002521600    0.0214222500    0.0015512500
  -0.0293219200   -0.0959865200    0.0006428200
  -0.0263961500    0.0978291900    0.0006551100
   0.0121261500    0.0089360500    0.0002807900
   0.0076748900    0.0003793100   -0.0000259600
   0.0043266300   -0.0001521400   -0.0000202600
   0.0044088000   -0.0005965000   -0.0000057200
   0.0041824700   -0.0001323800   -0.0000180200
   0.0066054300   -0.0007376700   -0.0000186100
   0.0113607600   -0.0095050000    0.0002252200
  -0.0061232600   -0.0177445500   -0.0011592400
  -0.0039213000   -0.0010566800    0.0001986500
  -0.0059752100    0.0179451500   -0.0012362300
   0.0026448200    0.0073141300   -0.0000254700
   0.0022945600   -0.0010220800   -0.0000068600
   0.0030830900   -0.0008929800   -0.0000064400
   0.0032996300   -0.0024496300   -0.0000170600
   0.0023801900   -0.0074698700   -0.0000173900
  -0.0008441900   -0.0058187000    0.0000371300
  -0.0020920500   -0.0045691500   -0.0000168100
  -0.0025465900    0.0035566000   -0.0000172100
  -0.0007923300    0.0050150500    0.0000509700
   0.0010976600    0.0036884200   -0.0000202500
   0.0001513400    0.0017337600   -0.0000068600
   0.0012817200   -0.0000458900   -0.0000054600
   0.0019635700   -0.0014945400   -0.0000065700
   0.0010543100   -0.0035624700   -0.0000180900
   0.0005585200   -0.0030119600   -0.0000112300
  -0.0009459900   -0.0028605100   -0.0000180900
  -0.0008150000   -0.0001236800   -0.0000175400
  -0.0006647300    0.0028761500   -0.0000193200
  -0.0001202100    0.0031372200   -0.0000098200
   0.0004228700    0.0028732300   -0.0000057500
   0.0004139100    0.0011621900   -0.0000064900
   0.0005158000   -0.0000146100   -0.0000066100
   0.0005912400   -0.0016317700   -0.0000064300
  -0.0000471900   -0.0012658200   -0.0000113500
   0.0003619900   -0.0017990200   -0.0000065700
   0.0004740700   -0.0002579400   -0.0000066700
   0.0006457100    0.0008334900   -0.0000065500
   0.0003650400    0.0020727400   -0.0000062900
   0.0000026000    0.0018949400   -0.0000122200
  -0.0003027400    0.0011126700   -0.0000180700
  -0.0007263300    0.0004178000   -0.0000171900
  -0.0007453200   -0.0008790200   -0.0000181800
  -0.0013862600   -0.0017061800    0.0000355000
   0.0002683000   -0.0020224200   -0.0000182300
   0.0019271600   -0.0013052600   -0.0000067400
   0.0017634900    0.0002592800   -0.0000057200
   0.0020505200    0.0016716300   -0.0000066100
   0.0007362400    0.0021290500   -0.0000182300
  -0.0008229200    0.0027981000    0.0000433300
  -0.0017771500    0.0009170900   -0.0000195000
  -0.0027724500    0.0000101400   -0.0000186800
   0.0005606100    0.0076363300    0.0001035400
  -0.0023068100    0.0038157000    0.0000274300
  -0.0027581800    0.0017072900    0.0000128500
  -0.0032259400   -0.0004608300    0.0000073300
  -0.0023551800   -0.0009894800    0.0000125300
  -0.0030620000   -0.0038200800    0.0000267900
  -0.0006368200   -0.0094109800    0.0001045800
   0.0142902500    0.0017301000   -0.0054653000
   0.0142455800   -0.0024924800   -0.0052739300
  -0.0040703600    0.0326757600    0.0040612300
  -0.0072381100    0.0057616200    0.0001001100
  -0.0047345300    0.0018639800    0.0000078500
  -0.0041312300    0.0007627100    0.0000120800
  -0.0035904900    0.0001600300    0.0000119700
  -0.0052000100   -0.0011169400    0.0000081800
  -0.0087467000   -0.0054650900    0.0001030300
  -0.0048616500   -0.0326255800    0.0040696000
   0.1881461000    0.0052790800    0.0942821600
   0.4837803200    0.1743794200    0.0883688800
  -0.0227872300   -0.0073431100   -0.0050141800
  -0.0085861500   -0.0005436100    0.0003411900
  -0.0044699900    0.0001837600    0.0000050900
  -0.0039417300    0.0000140200    0.0000070800
  -0.0043947900   -0.0001596900    0.0000046200
  -0.0086569400    0.0001707000    0.0003672700
  -0.0219877000    0.0070754300   -0.0055468000
   0.4153999800   -0.1282765600    0.0984259700
   0.0518167700    0.0006538000    0.0039790200
  -0.0127253000   -0.0295219300   -0.0050329700
  -0.0094435200   -0.0065172000    0.0003892200
  -0.0064549800    0.0004652300   -0.0000011200
  -0.0041523100    0.0001480600    0.0000112600
  -0.0036327000    0.0007226600    0.0000118700
  -0.0056086500    0.0017316300   -0.0000200300
  -0.0087789200    0.0059730000    0.0004750200
  -0.0108699800    0.0283147100   -0.0053713700
   0.0079190200    0.0062566300    0.0001065300
   0.0086459300   -0.0042852100    0.0001045100
  -0.0018343600   -0.0077511000    0.0003398200
  -0.0024355100   -0.0055636500   -0.0000012300
   0.0005669100    0.0006208300    0.0000091500
  -0.0028867500    0.0006789200    0.0000060300
  -0.0036195500    0.0019121000    0.0000142200
  -0.0031319100    0.0045889200   -0.0000199300
  -0.0011658300    0.0081993100    0.0003540500
   0.0012487500    0.0025968500    0.0000087200
   0.0039451900    0.0002719900    0.0000265400
   0.0018621300   -0.0030791600    0.0000072800
  -0.0005239100   -0.0032493700    0.0000052700
  -0.0012897000   -0.0026282100    0.0000112300
  -0.0011362100   -0.0011848000    0.0000060500
  -0.0017774700    0.0005018000    0.0000051700
  -0.0018164700    0.0019511600    0.0000120300
  -0.0003332100    0.0026483900    0.0000050100
   0.0001571400    0.0016783400    0.0000118500
   0.0006407100    0.0012454900    0.0000125400
   0.0011649400   -0.0011220100    0.0000128000
   0.0001477900   -0.0026416800    0.0000120500
  -0.0005640500   -0.0019544100    0.0000070500
  -0.0003411700   -0.0011630300    0.0000118300
  -0.0003961100   -0.0008320200    0.0000142200
  -0.0006725500    0.0008639500    0.0000120900
  -0.0001778600    0.0021277500    0.0000078700
  -0.0006104500    0.0020536800    0.0000119000
   0.0000435800    0.0013611000    0.0000074100
   0.0000702600    0.0005347100    0.0000066500
  -0.0011609000   -0.0016923900    0.0000073200
   0.0001413500   -0.0023627300    0.0000119900
   0.0000774200   -0.0016103300    0.0000051300
   0.0000894900   -0.0012014100   -0.0000191400
   0.0014972500    0.0001283900   -0.0000190500
  -0.0001581000    0.0022061200    0.0000052800
  -0.0009266400    0.0030216000    0.0000094500
  -0.0011269600    0.0015666300    0.0000126000
  -0.0006794400    0.0006240500    0.0000066700
  -0.0018437800   -0.0009105100    0.0000066700
  -0.0008190500   -0.0018733700    0.0000124800
  -0.0001084500   -0.0038614300    0.0000083400
   0.0017829200   -0.0028090500    0.0003609500
   0.0017388700   -0.0001032500    0.0004707900
   0.0028285200    0.0015403100    0.0003496500

19   
 -0.0234443241590582  -0.0000000000000033  -0.0187180037590817
   0.0052591400    0.0046274600    0.0011581200
  -0.0024150700    0.0032535600    0.0000153500
  -0.0026368200    0.0019675200    0.0000175800
  -0.0022516100    0.0009115600    0.0000064700
  -0.0019384700   -0.0002585000    0.0000067500
  -0.0025194500   -0.0018672100    0.0000173300
  -0.0020841700   -0.0026998100    0.0000211800
   0.0059209500   -0.0039799000    0.0011853700
   0.0034068000    0.0001847400   -0.0002108500
   0.0284460300    0.0529982000   -0.0011163000
  -0.0112074600    0.0080245800   -0.0001895200
  -0.0064648400    0.0037152200    0.0000154500
  -0.0036150700    0.0011429000    0.0000192000
  -0.0032498500   -0.0001243600    0.0000063000
  -0.0042990300   -0.0016878500    0.0000184200
  -0.0058506200   -0.0044239100    0.0000211700
  -0.0117362200   -0.0089600700   -0.0002379500
   0.0279099900   -0.0544052500   -0.0001003900
   1.2091074700   -0.0297765600    0.2643108600
  -0.1011015700    0.0206570100   -0.0017091600
  -0.0135524600    0.0061559400    0.0012887200
  -0.0054679400    0.0019548100   -0.0000549400
  -0.0040249900    0.0003243700    0.0000096100
  -0.0043891800   -0.0001933400    0.0000124600
  -0.0055595700   -0.0017099600   -0.0000410700
  -0.0124423200   -0.0069025000    0.0011690100
  -0.1043444200   -0.0222453900    0.0001097100
   0.0284565200    0.0970820300   -0.0002785600
   0.0270958000   -0.0967122300   -0.0010701000
  -0.0130369500   -0.0095309200   -0.0003177300
  -0.0080822200   -0.0002009500    0.0000239200
  -0.0038834900    0.0004505400    0.0000202500
  -0.0031605300   -0.0000237800    0.0000056800
  -0.0044059700    0.0005205000    0.0000181700
  -0.0064175100    0.0012884200    0.0000211500
  -0.0113238100    0.0087193300   -0.0001955200
   0.0058587100    0.0160621700    0.0011302100
   0.0034039200    0.0009423200   -0.0001970100
   0.0055369000   -0.0178044200    0.0012744600
  -0.0026187900   -0.0079396400    0.0000244100
  -0.0023923300    0.0004149300    0.0000067600
  -0.0025239900    0.0008358400    0.0000065200
  -0.0027913400    0.0020437000    0.0000173300
  -0.0022667100    0.0058962500    0.0000192600
   0.0006910100    0.0049245400   -0.0000343700
   0.0021309000    0.0039850400    0.0000166800
   0.0017397600   -0.0036436100    0.0000168500
   0.0012078800   -0.0052277400   -0.0000545400
  -0.0005473500   -0.0035466700    0.0000202500
  -0.0006078500   -0.0016352900    0.0000067600
  -0.0018555600   -0.0001371900    0.0000054400
  -0.0010570600    0.0012616000    0.0000066600
  -0.0010100800    0.0029779200    0.0000182000
   0.0002739100    0.0022058800    0.0000112300
  -0.0000452900    0.0021300500    0.0000182100
   0.0007664900    0.0003432900    0.0000175800
   0.0004430400   -0.0018670200    0.0000192600
  -0.0002785700   -0.0025372500    0.0000097500
  -0.0002958500   -0.0014104700    0.0000056500
  -0.0000796900   -0.0005895800    0.0000064800
  -0.0004131500    0.0010690100    0.0000066100
  -0.0003346400    0.0018175000    0.0000065000
  -0.0002733300    0.0023194700    0.0000111200
  -0.0003889100    0.0016943200    0.0000065400
  -0.0001894900    0.0014491500    0.0000066800
  -0.0000147900   -0.0006328900    0.0000065500
  -0.0003806400   -0.0015943600    0.0000063100
  -0.0002094500   -0.0022938100    0.0000124600
   0.0005974500   -0.0016253600    0.0000181300
   0.0007291200    0.0000951900    0.0000171900
   0.0000891000    0.0012185200    0.0000181300
   0.0003273200    0.0023114500   -0.0000361300
  -0.0014525000    0.0017171100    0.0000180900
  -0.0006787300    0.0010664400    0.0000066000
  -0.0010093200    0.0003318400    0.0000057200
  -0.0007236300   -0.0007264600    0.0000067600
  -0.0012188800   -0.0019862900    0.0000183700
   0.0007977000   -0.0018451200   -0.0000426400
   0.0024751900   -0.0007827700    0.0000202100
   0.0014906700    0.0010834100    0.0000179200
   0.0012959200   -0.0087017500   -0.0001124900
   0.0027081800   -0.0032443900   -0.0000255400
   0.0023114800   -0.0012012900   -0.0000127600
   0.0016624600   -0.0006503200   -0.0000073300
   0.0029778900    0.0016679500   -0.0000125900
   0.0024720100    0.0036250800   -0.0000285500
   0.0005956500    0.0081164700   -0.0000954200
  -0.0142663300   -0.0024307400    0.0054320000
  -0.0145743300    0.0025776000    0.0053035300
   0.0046265400   -0.0315120600   -0.0039006600
   0.0085041500   -0.0054274300   -0.0001067300
   0.0046618300   -0.0017186500   -0.0000061400
   0.0029516300   -0.0004265600   -0.0000120000
   0.0036848700    0.0006984700   -0.0000120700
   0.0046623100    0.0021629100   -0.0000096900
   0.0075050800    0.0061937900   -0.0000969600
   0.0055950200    0.0335418500   -0.0042324300
  -0.1878940700    0.0058617600   -0.0942832800
  -0.4327469300   -0.1383396300   -0.0981915300
   0.0226520100    0.0066155900    0.0052376700
   0.0086932400    0.0002217000   -0.0003521500
   0.0044018100   -0.0004458700   -0.0000045200
   0.0041693500   -0.0005428100   -0.0000070700
   0.0052250700   -0.0003940400   -0.0000052000
   0.0074596900   -0.0003268500   -0.0003574000
   0.0217715000   -0.0067078700    0.0053378300
  -0.4649957100    0.1630312400   -0.0891294600
  -0.0509339400   -0.0017770800   -0.0039822900
   0.0118197100    0.0299183700    0.0052214100
   0.0100734700    0.0068421600   -0.0003968900
   0.0064944300   -0.0005612400    0.0000027900
   0.0035984200    0.0002218800   -0.0000112400
   0.0042151300   -0.0005417800   -0.0000118600
   0.0048868100   -0.0021770800    0.0000181700
   0.0087104800   -0.0067201200   -0.0004657100
   0.0110760700   -0.0288567600    0.0051961800
  -0.0079938300   -0.0043551300   -0.0001094300
  -0.0077538200    0.0049673300   -0.0001022600
   0.0014640200    0.0079718200   -0.0003537300
   0.0022992000    0.0055492200    0.0000026700
  -0.0003624500   -0.0006351400   -0.0000090000
   0.0031309700   -0.0004834400   -0.0000060800
   0.0026663000   -0.0011031300   -0.0000142000
   0.0034509100   -0.0026287400    0.0000181400
   0.0010791500   -0.0070111800   -0.0003411600
  -0.0018917900   -0.0036273000   -0.0000090700
  -0.0033317600   -0.0002918700   -0.0000264300
  -0.0017402600    0.0028289700   -0.0000067300
   0.0001323500    0.0032780800   -0.0000043100
   0.0013708500    0.0018890200   -0.0000112600
   0.0015223600    0.0011315800   -0.0000060400
   0.0015505800   -0.0006941500   -0.0000052000
   0.0012830800   -0.0018795100   -0.0000119900
   0.0009911700   -0.0037759500   -0.0000059300
  -0.0000556300   -0.0023071200   -0.0000118500
  -0.0013066300   -0.0007838600   -0.0000125500
  -0.0010140100    0.0005787900   -0.0000128100
  -0.0003783900    0.0014867900   -0.0000120300
   0.0000927400    0.0025541500   -0.0000070800
   0.0006937000    0.0016823900   -0.0000119000
   0.0007057800   -0.0003856500   -0.0000142100
   0.0005061300   -0.0013271400   -0.0000119800
   0.0007555100   -0.0017240900   -0.0000077400
   0.0000583200   -0.0017763300   -0.0000118100
   0.0006289200   -0.0011224700   -0.0000073400
   0.0003594000    0.0004440500   -0.0000066200
  -0.0006517100    0.0008000900   -0.0000073600
   0.0007302400    0.0018455100   -0.0000120700
  -0.0002349400    0.0025026400   -0.0000046700
  -0.0009680100    0.0006628000    0.0000191600
   0.0004637500   -0.0010945800    0.0000191100
  -0.0004460900   -0.0012679700   -0.0000056400
  -0.0002093200   -0.0030639100   -0.0000083100
   0.0011465000   -0.0022838100   -0.0000124800
   0.0018649000   -0.0007662400   -0.0000065800
   0.0007553100    0.0003235800   -0.0000066800
   0.0016168200    0.0021457300   -0.0000126200
   0.0007841700    0.0028208300   -0.0000094900
  -0.0026518700    0.0017896900   -0.0003644700
  -0.0025279500    0.0002338500   -0.0004707900
  -0.0016778300   -0.0023379700   -0.0003460400

20   
  0.0234443241590582   0.0000000000000033   0.0187180037590817
  -0.0045423000    0.0008169800    0.0002072200
  -0.0067319500   -0.0039402600   -0.0011197000
   0.0018310200   -0.0030763200   -0.0000171000
   0.0030385900   -0.0019021900   -0.0000178100
   0.0032697700   -0.0003505900   -0.0000064600
   0.0030955400    0.0009455400   -0.0000066400
   0.0032994200    0.0028753800   -0.0000171100
   0.0021963700    0.0041512400   -0.0000198300
  -0.0062398700    0.0050432400   -0.0012153300
  -0.0265382100    0.0538611800    0.0013851800
  -0.0304752300   -0.0539469600   -0.0003452000
   0.0099876900   -0.0083370000    0.0002050400
   0.0066533100   -0.0046987300   -0.0000136700
   0.0043529100   -0.0018419400   -0.0000198100
   0.0034486500   -0.0003693500   -0.0000064600
   0.0049046900    0.0013207200   -0.0000180300
   0.0066890300    0.0043236600   -0.0000192400
   0.0113811600    0.0089803900    0.0002423600
   0.1009239500    0.0222551900    0.0016764100
  -1.2191414700   -0.0607547900   -0.2630394800
   0.1069017600   -0.0208234900    0.0002581100
   0.0129754300   -0.0064124700   -0.0012272100
   0.0058476000   -0.0021970400    0.0000328800
   0.0040853100   -0.0005748900   -0.0000087000
   0.0045229700    0.0001030100   -0.0000122300
   0.0063001200    0.0010725900    0.0000463900
   0.0125730500    0.0059840800   -0.0012431100
   0.0107916500   -0.0092154800    0.0002144300
  -0.0294610100   -0.0954917700    0.0004781500
  -0.0256984800    0.0965764300    0.0006297100
   0.0151653300    0.0070898000    0.0004050000
   0.0062279500   -0.0001582000    0.0000512100
   0.0051578700   -0.0005803900   -0.0000187900
   0.0036143900    0.0000106900   -0.0000063300
   0.0043425800    0.0000166200   -0.0000181500
   0.0064568700   -0.0014725600   -0.0000178000
   0.0021280900   -0.0075048300   -0.0000157200
  -0.0062088800   -0.0168356200   -0.0011128300
  -0.0040688900   -0.0023337600    0.0001914100
  -0.0054093700    0.0161192700   -0.0013432500
   0.0022609200    0.0003819800   -0.0000114000
   0.0030461600    0.0000955500   -0.0000068600
   0.0030290800   -0.0008262600   -0.0000064800
   0.0030163600   -0.0030036600   -0.0000172700
   0.0009211700   -0.0036957000   -0.0000178800
  -0.0007746700   -0.0056915900    0.0000321900
  -0.0025616900   -0.0045744800   -0.0000156000
  -0.0023411800    0.0025090200   -0.0000226300
   0.0001116100    0.0061934900    0.0000590900
  -0.0007586000    0.0039338500   -0.0000118500
   0.0013606300    0.0012494700   -0.0000073100
   0.0020302800   -0.0001171900   -0.0000056300
   0.0015050200   -0.0016754800   -0.0000065700
   0.0008540200   -0.0021219800   -0.0000065000
  -0.0003889300   -0.0029936000   -0.0000109600
  -0.0005181200   -0.0024643800   -0.0000176700
  -0.0010572700    0.0000363300   -0.0000166600
  -0.0006077800    0.0031307000   -0.0000121700
   0.0001136600    0.0039167500   -0.0000185300
   0.0003674400    0.0025585800   -0.0000065600
   0.0005783900    0.0012417800   -0.0000065300
   0.0005899800   -0.0004533200   -0.0000066500
  -0.0006100500   -0.0005010300   -0.0000180900
   0.0000457100   -0.0018460300   -0.0000111400
   0.0004786500   -0.0011840300   -0.0000065700
   0.0005993400   -0.0007981200   -0.0000066800
   0.0003161700    0.0010746400   -0.0000074100
   0.0002711400    0.0019102900   -0.0000063000
   0.0002819100    0.0019754500   -0.0000104400
  -0.0004158100    0.0016805600   -0.0000181500
  -0.0010028300    0.0003259500   -0.0000172400
  -0.0026991700   -0.0001594800   -0.0000178300
  -0.0015560300   -0.0021321600    0.0000340400
   0.0014107300   -0.0020135000   -0.0000182600
   0.0016780800   -0.0009163300   -0.0000067200
   0.0020634800    0.0004654300   -0.0000056300
   0.0011664800    0.0013981000   -0.0000064900
   0.0009882700    0.0026865700   -0.0000180300
  -0.0004216400    0.0024636400    0.0000431300
  -0.0027075400    0.0014650100   -0.0000188200
   0.0156088600   -0.0035786200   -0.0052842900
   0.0000821800    0.0083465200    0.0001106100
  -0.0026791700    0.0040356400    0.0000263100
  -0.0033677300    0.0009529300    0.0000131000
  -0.0021755100    0.0004082900    0.0000073600
  -0.0030091100   -0.0015184000    0.0000124600
  -0.0028467900   -0.0045298200    0.0000270500
  -0.0005425000   -0.0090127700    0.0001007200
   0.0136880100    0.0019388100   -0.0055701500
   0.1877897900    0.0048644900    0.0941933300
  -0.0032726800    0.0319525000    0.0040098700
  -0.0077243200    0.0063237800    0.0001005200
  -0.0053421400    0.0020747100    0.0000076500
  -0.0035981100    0.0010468200    0.0000117600
  -0.0039662600    0.0001830500    0.0000120300
  -0.0056371200   -0.0013681500    0.0000075200
  -0.0077181900   -0.0056167100    0.0000994200
  -0.0056669400   -0.0327903800    0.0041739200
   0.4106133100   -0.1266009700    0.0983645200
   0.4957916500    0.1818981400    0.0877141200
  -0.0247610000   -0.0070334100   -0.0049432100
  -0.0072088400   -0.0001498900    0.0003099500
  -0.0047233800    0.0001570500    0.0000101400
  -0.0036685300   -0.0001115000    0.0000067200
  -0.0054127200   -0.0000235700    0.0000040400
  -0.0081436500    0.0005474100    0.0003814000
  -0.0218763000    0.0068231200   -0.0057079700
  -0.0098909800    0.0281930200   -0.0052820200
   0.0499425100    0.0025930700    0.0038649700
  -0.0125314200   -0.0289268600   -0.0047227400
  -0.0116714000    0.0005929800    0.0002053500
  -0.0056973300   -0.0011618800   -0.0000008500
  -0.0036669000   -0.0001386700    0.0000111100
  -0.0042593700    0.0003063400    0.0000121100
  -0.0052565800    0.0015721200   -0.0000225100
  -0.0085168900    0.0059160400    0.0004845600
  -0.0010983900    0.0086074700    0.0003438000
   0.0083053800    0.0060427700    0.0001076200
   0.0078267000   -0.0028209700    0.0001085600
  -0.0025619400   -0.0080710000    0.0003605400
   0.0019974400   -0.0011215600    0.0000206400
  -0.0030616500   -0.0005128800    0.0000091600
  -0.0034138300    0.0005313500    0.0000056300
  -0.0028711800    0.0024091000    0.0000146600
  -0.0032277100    0.0041570600   -0.0000207100
  -0.0009584300    0.0027156800    0.0000054400
   0.0018888500    0.0031961300    0.0000094800
   0.0037252600    0.0005345900    0.0000262200
   0.0018935400   -0.0035385100    0.0000124900
  -0.0004148800   -0.0040134300   -0.0000118700
  -0.0010365300   -0.0028431300    0.0000098400
  -0.0018251800   -0.0007934600    0.0000058400
  -0.0019447100    0.0006310100    0.0000051600
  -0.0011836300    0.0013410600    0.0000119600
  -0.0003869900    0.0016140000    0.0000078300
  -0.0001957200    0.0022612800    0.0000116700
   0.0011061300    0.0008168200    0.0000124200
   0.0011610700   -0.0015919700    0.0000113400
   0.0000416600   -0.0021084700    0.0000123000
  -0.0002464000   -0.0021366800    0.0000105200
  -0.0005009900   -0.0021721700    0.0000118900
  -0.0006811800   -0.0003734200    0.0000144100
  -0.0002861600    0.0012842100    0.0000120400
  -0.0000838700    0.0018489300    0.0000059000
   0.0000436700    0.0020579100    0.0000119800
  -0.0000433300    0.0017616300    0.0000073900
  -0.0009925200   -0.0004401100    0.0000067300
   0.0002277300   -0.0016583400    0.0000074500
  -0.0004239500   -0.0018309900    0.0000120600
  -0.0003498200   -0.0024092500    0.0000036600
   0.0014498900   -0.0014857600   -0.0000203900
   0.0002212900    0.0010378700   -0.0000196100
   0.0017853000    0.0018056900    0.0003468300
  -0.0002584300    0.0026939000    0.0000081200
  -0.0005169600    0.0019253100    0.0000126400
  -0.0018167500    0.0004074600    0.0000065900
  -0.0008997100   -0.0005513700    0.0000065600
  -0.0009042300   -0.0026625400    0.0000124700
  -0.0009186200   -0.0039511000    0.0000075600
   0.0017474600   -0.0023017600    0.0003693300
   0.0026870500   -0.0007097900    0.0004765900

20   
 -0.0234443241590582  -0.0000000000000033  -0.0187180037590817
   0.0030344900    0.0001577700   -0.0002060100
   0.0057928200    0.0044222000    0.0011425700
  -0.0017796700    0.0029754900    0.0000143600
  -0.0024823400    0.0022943900    0.0000178700
  -0.0019346900    0.0010994700    0.0000062900
  -0.0022490300   -0.0004481700    0.0000067900
  -0.0027688800   -0.0016086500    0.0000171600
  -0.0027333100   -0.0028062000    0.0000226300
   0.0059118900   -0.0045207200    0.0011887200
   0.0283422900   -0.0550154600   -0.0000879100
   0.0284785900    0.0530956200   -0.0009330700
  -0.0106948600    0.0076767400   -0.0001877600
  -0.0059583500    0.0038852700    0.0000102400
  -0.0038494600    0.0013815000    0.0000197800
  -0.0037222200   -0.0002006900    0.0000064700
  -0.0035657500   -0.0016422500    0.0000183000
  -0.0066761000   -0.0044762500    0.0000218800
  -0.0126952000   -0.0091697900   -0.0002579500
  -0.1051778300   -0.0224334500   -0.0000212400
   1.2174484300   -0.0210085000    0.2641117500
  -0.1036522400    0.0204862400   -0.0020129400
  -0.0129567600    0.0069466000    0.0012970300
  -0.0056062400    0.0016806100   -0.0000362200
  -0.0044285700    0.0006202100    0.0000082700
  -0.0038981700   -0.0004489600    0.0000124900
  -0.0054831900   -0.0021291700   -0.0000427000
  -0.0133942100   -0.0070151700    0.0011875000
  -0.0112340900    0.0097105600   -0.0001854800
   0.0291512000    0.0965388300   -0.0001245400
   0.0252488400   -0.0965049500   -0.0010773700
  -0.0154884100   -0.0068864800   -0.0004504000
  -0.0057307900    0.0004205800   -0.0000572800
  -0.0038815000   -0.0000517600    0.0000186900
  -0.0038156100    0.0003813000    0.0000063300
  -0.0041121900    0.0005533800    0.0000183100
  -0.0063842000    0.0006656900    0.0000204300
  -0.0023045100    0.0057878600    0.0000176700
   0.0055824100    0.0164868300    0.0010853600
   0.0035257300    0.0026446500   -0.0001867900
   0.0055058700   -0.0166588300    0.0013916900
  -0.0023418900   -0.0009897400    0.0000108200
  -0.0024656600   -0.0001541200    0.0000067200
  -0.0024995700    0.0004169600    0.0000066100
  -0.0028917500    0.0014051900    0.0000175600
  -0.0010576500    0.0027977500    0.0000180000
   0.0007940500    0.0050413500   -0.0000295400
   0.0017305400    0.0044686500    0.0000153700
   0.0027306000   -0.0026650100    0.0000220700
   0.0004535400   -0.0060356700   -0.0000629400
   0.0003045600   -0.0038249800    0.0000115600
  -0.0019163900   -0.0014297800    0.0000072500
  -0.0011061100   -0.0001154300    0.0000056400
  -0.0014494500    0.0010877800    0.0000067100
  -0.0000173800    0.0013162400    0.0000065700
  -0.0006091900    0.0022497300    0.0000109800
   0.0004549000    0.0026624800    0.0000178000
   0.0008191200    0.0009821300    0.0000167100
   0.0001998900   -0.0025144000    0.0000117100
   0.0000160800   -0.0024496500    0.0000188700
  -0.0000202900   -0.0019849100    0.0000065600
  -0.0004521600   -0.0001853500    0.0000065500
  -0.0003191400    0.0006435700    0.0000066700
   0.0002912000    0.0015680000    0.0000180400
  -0.0000845700    0.0017436600    0.0000109400
  -0.0002077800    0.0023690300    0.0000065400
   0.0000172300    0.0009954600    0.0000067100
  -0.0003458900   -0.0005929500    0.0000074600
  -0.0004898200   -0.0023102900    0.0000063700
   0.0000160500   -0.0024985700    0.0000106500
   0.0004553700   -0.0011741700    0.0000182200
   0.0003814700    0.0000249900    0.0000172600
   0.0016546100    0.0008154400    0.0000171400
   0.0003334500    0.0018409200   -0.0000346400
  -0.0001846500    0.0017786400    0.0000181400
  -0.0009393300    0.0015054800    0.0000066000
  -0.0007515900    0.0004781400    0.0000056700
  -0.0016703800   -0.0012609400    0.0000066400
  -0.0010487200   -0.0017470400    0.0000181800
   0.0011429200   -0.0023777200   -0.0000424200
   0.0015464800   -0.0003669400    0.0000195300
  -0.0134414300    0.0019431800    0.0053126400
   0.0003975700   -0.0077461600   -0.0001195600
   0.0022646500   -0.0035164200   -0.0000243500
   0.0018194400   -0.0020584800   -0.0000130300
   0.0028125000    0.0002676800   -0.0000072800
   0.0024481600    0.0013124700   -0.0000125400
   0.0028801600    0.0032060300   -0.0000287600
   0.0008709500    0.0089084800   -0.0000914500
  -0.0148739300   -0.0018987400    0.0055352400
  -0.1879029400    0.0059504900   -0.0941914300
   0.0050917700   -0.0314294400   -0.0038551100
   0.0076799600   -0.0061246900   -0.0001078200
   0.0041681400   -0.0017220100   -0.0000059100
   0.0036962000   -0.0001860800   -0.0000116500
   0.0034334200    0.0008512600   -0.0000121000
   0.0044145000    0.0020573300   -0.0000089900
   0.0089800000    0.0063055600   -0.0000933700
   0.0054171900    0.0340976700   -0.0043344000
  -0.4621562100    0.1608597800   -0.0891703100
  -0.4430846400   -0.1452453600   -0.0978584300
   0.0250117600    0.0065961600    0.0051758100
   0.0071456500   -0.0001016600   -0.0003195900
   0.0049430200   -0.0006766000   -0.0000101000
   0.0044924800   -0.0004459100   -0.0000065700
   0.0042210800   -0.0001444700   -0.0000046200
   0.0081485800    0.0000038500   -0.0003711600
   0.0227767900   -0.0072773600    0.0054989200
   0.0108906600   -0.0283374400    0.0051096700
  -0.0507020600   -0.0031000300   -0.0038658000
   0.0130899600    0.0294463500    0.0049073600
   0.0116091700   -0.0006950600   -0.0002024600
   0.0051078400    0.0015305200    0.0000018100
   0.0042303500    0.0003194700   -0.0000108900
   0.0035129100   -0.0007525500   -0.0000121400
   0.0051275800   -0.0022947500    0.0000206000
   0.0086663400   -0.0067379700   -0.0004749300
   0.0009775100   -0.0065964200   -0.0003312500
  -0.0072750500   -0.0053418100   -0.0001103400
  -0.0082126700    0.0029419500   -0.0001071200
   0.0024001200    0.0080489100   -0.0003767400
  -0.0017841900    0.0011121300   -0.0000191800
   0.0032859900    0.0007087400   -0.0000091600
   0.0024412000    0.0002773100   -0.0000055500
   0.0031725400   -0.0004444500   -0.0000146100
   0.0031367300   -0.0029920000    0.0000189200
   0.0003075100   -0.0037262000   -0.0000062800
  -0.0012455400   -0.0031901600   -0.0000097900
  -0.0035644500   -0.0007977900   -0.0000260500
  -0.0022832700    0.0035410200   -0.0000124500
   0.0004917200    0.0032687100    0.0000137800
   0.0014120100    0.0027842900   -0.0000098200
   0.0015819200    0.0005981100   -0.0000057500
   0.0013982700   -0.0005631200   -0.0000051300
   0.0018342200   -0.0024711000   -0.0000119500
   0.0004911400   -0.0022440000   -0.0000077300
  -0.0004584900   -0.0017913600   -0.0000116900
  -0.0009311600   -0.0013570100   -0.0000124200
  -0.0013751300    0.0004299100   -0.0000112200
  -0.0005076000    0.0027058500   -0.0000122200
   0.0005927300    0.0026615100   -0.0000106400
   0.0007922800    0.0009572100   -0.0000119200
   0.0004968800   -0.0000999500   -0.0000143800
   0.0008569100   -0.0008916300   -0.0000119200
  -0.0004564500   -0.0015919000   -0.0000062400
   0.0006429400   -0.0018221000   -0.0000118800
   0.0004903700   -0.0007807800   -0.0000072900
  -0.0008018600   -0.0004524500   -0.0000067100
   0.0006588500    0.0011432900   -0.0000074600
   0.0002775300    0.0027404200   -0.0000121000
  -0.0005489100    0.0018992400   -0.0000032200
   0.0004721100    0.0005148400    0.0000204500
  -0.0008431000   -0.0001339500    0.0000197000
  -0.0028735100   -0.0019271100   -0.0003431400
   0.0003063100   -0.0034188700   -0.0000069200
   0.0017230500   -0.0020663000   -0.0000125000
   0.0007456000   -0.0009933700   -0.0000064300
   0.0017174600    0.0008237000   -0.0000066400
   0.0016064500    0.0016298900   -0.0000125600
   0.0000929700    0.0030100400   -0.0000086800
  -0.0026381300    0.0025026300   -0.0003727300
  -0.0016283100   -0.0001712700   -0.0004765800

20   
 -0.0149999999993716   0.0259807621138959   0.0000000000000000
   0.0010293100    0.0181267400    0.0000000000
  -0.0146683900    0.0096451400    0.0000000000
  -0.0086218700    0.0041854400    0.0000000000
  -0.0039310500    0.0020493200    0.0000000000
  -0.0015709500    0.0011540200    0.0000000000
  -0.0007418600    0.0001556100    0.0000000000
   0.0006491600   -0.0002321700    0.0000000000
   0.0054904000    0.0008017700    0.0000000000
   0.0226772800    0.0041944300    0.0000000000
   0.1247720200    0.0287573000    0.0000000000
  -0.0868402300    0.0952035200    0.0000000000
  -0.0179403600    0.0069072500    0.0000000000
  -0.0048675200    0.0001618800    0.0000000000
  -0.0025306300   -0.0003999700    0.0000000000
  -0.0023674600   -0.0009507100    0.0000000000
  -0.0018002100   -0.0022378700    0.0000000000
  -0.0032784100   -0.0051192000    0.0000000000
   0.0013373400   -0.0042628100    0.0000000000
  -0.0898517100   -0.0931140900    0.0000000000
   0.8160136600   -1.2769747400    0.0000000000
  -0.0419131400   -0.0629772700    0.0000000000
  -0.0011940800   -0.0090891100    0.0000000000
  -0.0016144700   -0.0024425000    0.0000000000
  -0.0022789200   -0.0010220700    0.0000000000
  -0.0026605000   -0.0017004500    0.0000000000
  -0.0050414100   -0.0048763600    0.0000000000
  -0.0156561800   -0.0183848400    0.0000000000
  -0.0162988100    0.0081219400    0.0000000000
  -0.0416401400    0.1271493200    0.0000000000
   0.0776801200    0.0018724400    0.0000000000
   0.0009954100   -0.0027519500    0.0000000000
   0.0012799300   -0.0020138800    0.0000000000
  -0.0002384500   -0.0015564900    0.0000000000
  -0.0022588900   -0.0004548200    0.0000000000
  -0.0040473200   -0.0006720600    0.0000000000
  -0.0085250500   -0.0018797900    0.0000000000
  -0.0047512600    0.0056282000    0.0000000000
  -0.0010402500    0.0171152300    0.0000000000
   0.0027662100    0.0196092400    0.0000000000
   0.0086985900   -0.0024719400    0.0000000000
   0.0003249300   -0.0012399800    0.0000000000
  -0.0005939200    0.0000319500    0.0000000000
  -0.0020910200    0.0005244500    0.0000000000
  -0.0039529600    0.0011503200    0.0000000000
  -0.0026820600    0.0038570300    0.0000000000
  -0.0016324600    0.0067306800    0.0000000000
   0.0003516300    0.0093402600    0.0000000000
   0.0024175300    0.0047337000    0.0000000000
   0.0023022300    0.0000920300    0.0000000000
   0.0008284500    0.0002211400    0.0000000000
   0.0000349600    0.0008264700    0.0000000000
  -0.0004630100    0.0015279400    0.0000000000
  -0.0021101900    0.0022863500    0.0000000000
  -0.0017024500    0.0033375500    0.0000000000
  -0.0025102800    0.0041316500    0.0000000000
  -0.0009340200    0.0052899400    0.0000000000
   0.0003952700    0.0050397800    0.0000000000
   0.0011775500    0.0024309900    0.0000000000
   0.0019228700    0.0019914400    0.0000000000
   0.0016821400    0.0018411200    0.0000000000
   0.0006160100    0.0029502600    0.0000000000
  -0.0009722700    0.0032588200    0.0000000000
  -0.0024913600    0.0049873500    0.0000000000
  -0.0028841400    0.0039805200    0.0000000000
  -0.0020026900    0.0042786400    0.0000000000
  -0.0005863600    0.0033284900    0.0000000000
   0.0003575800    0.0024882400    0.0000000000
   0.0015022700    0.0013186400    0.0000000000
   0.0028883600    0.0014809100    0.0000000000
   0.0029051200    0.0033340300    0.0000000000
   0.0000979900    0.0046164500    0.0000000000
  -0.0035665100    0.0076218900    0.0000000000
  -0.0058054400    0.0049064400    0.0000000000
  -0.0034947500    0.0033181700    0.0000000000
  -0.0020293300    0.0026792000    0.0000000000
  -0.0002933200    0.0020263400    0.0000000000
   0.0003078800    0.0009554400    0.0000000000
   0.0028868700    0.0014689200    0.0000000000
   0.0067764400    0.0024552300    0.0000000000
   0.0050493900    0.0071084700    0.0000000000
   0.0072035500   -0.0271928200    0.0000000000
   0.0115036300   -0.0048810200    0.0000000000
   0.0056160400   -0.0004384800    0.0000000000
   0.0022235100   -0.0006422300    0.0000000000
   0.0019271200    0.0007639500    0.0000000000
   0.0001787000    0.0015857300    0.0000000000
  -0.0022475500    0.0035076000    0.0000000000
  -0.0105845100    0.0060041600    0.0000000000
  -0.0251725100   -0.0308892000    0.0000000000
  -0.1230846400    0.5233023900    0.0000000000
   0.0405477800    0.0141730000    0.0000000000
   0.0100771000    0.0048879300    0.0000000000
   0.0032353800    0.0017869100    0.0000000000
   0.0024815200    0.0012951300    0.0000000000
   0.0018916100    0.0019127000    0.0000000000
   0.0017954800    0.0041021600    0.0000000000
   0.0011796500    0.0127642600    0.0000000000
  -0.0324435100    0.0585640100    0.0000000000
  -0.4897203700    0.4142130700    0.0000000000
  -0.1255639800    0.2045052600    0.0000000000
  -0.0107211200    0.0136107700    0.0000000000
   0.0007285100    0.0034991200    0.0000000000
   0.0020440600    0.0010814000    0.0000000000
   0.0028620300    0.0004865900    0.0000000000
   0.0033625700    0.0012554500    0.0000000000
   0.0092320600    0.0037730700    0.0000000000
   0.0402933900    0.0050594300    0.0000000000
   0.0199480600   -0.0186165500    0.0000000000
  -0.0334916300   -0.0274242400    0.0000000000
  -0.0060248600    0.0173120600    0.0000000000
  -0.0012832200    0.0002624500    0.0000000000
   0.0000759600    0.0011389400    0.0000000000
   0.0018448100    0.0002178500    0.0000000000
   0.0026575600   -0.0006489800    0.0000000000
   0.0058325400   -0.0016859300    0.0000000000
   0.0121306600   -0.0060419200    0.0000000000
   0.0046343000   -0.0073337800    0.0000000000
  -0.0012141100   -0.0119614900    0.0000000000
  -0.0098189800   -0.0074301900    0.0000000000
  -0.0015963000   -0.0009177800    0.0000000000
  -0.0001823800    0.0008051400    0.0000000000
   0.0003346600   -0.0004294200    0.0000000000
   0.0011566300   -0.0009614600    0.0000000000
   0.0034379900   -0.0013496000    0.0000000000
   0.0049540700   -0.0037729600    0.0000000000
   0.0023914400   -0.0054570500    0.0000000000
   0.0013118700   -0.0061584400    0.0000000000
  -0.0022262800   -0.0055073700    0.0000000000
  -0.0033230000   -0.0020418700    0.0000000000
  -0.0017883300   -0.0013395000    0.0000000000
  -0.0004589900   -0.0013809200    0.0000000000
   0.0002291500   -0.0022392100    0.0000000000
   0.0013883800   -0.0028890500    0.0000000000
   0.0030263600   -0.0042900500    0.0000000000
   0.0023967700   -0.0044385100    0.0000000000
   0.0013759200   -0.0038180500    0.0000000000
   0.0002456600   -0.0039840000    0.0000000000
  -0.0015090700   -0.0030884300    0.0000000000
  -0.0020752800   -0.0012957400    0.0000000000
  -0.0016038600   -0.0014102900    0.0000000000
  -0.0009537500   -0.0034297300    0.0000000000
   0.0002453900   -0.0042455600    0.0000000000
   0.0021027500   -0.0040377300    0.0000000000
   0.0025966500   -0.0047822500    0.0000000000
   0.0029931600   -0.0034319700    0.0000000000
   0.0017714700   -0.0021639800    0.0000000000
  -0.0007463200   -0.0022972800    0.0000000000
  -0.0006489800   -0.0013624800    0.0000000000
  -0.0022745400   -0.0006269900    0.0000000000
  -0.0035420300   -0.0029001000    0.0000000000
  -0.0008709800   -0.0061647600    0.0000000000
   0.0008632800   -0.0060738900    0.0000000000
   0.0041408900   -0.0084580700    0.0000000000
   0.0048535900   -0.0044907300    0.0000000000
   0.0037840300   -0.0020854300    0.0000000000
   0.0010595900   -0.0013345900    0.0000000000
   0.0005867400   -0.0000665700    0.0000000000
  -0.0012222700    0.0000235500    0.0000000000
  -0.0047588900   -0.0005119800    0.0000000000
  -0.0080814700   -0.0059012200    0.0000000000
  -0.0007671200   -0.0135331800    0.0000000000

20   
  0.0149999999993716  -0.0259807621138959   0.0000000000000000
  -0.0024215800   -0.0176171000    0.0000000000
   0.0142219800   -0.0092929400    0.0000000000
   0.0088055700   -0.0042820400    0.0000000000
   0.0044926500   -0.0016307400    0.0000000000
   0.0028725900   -0.0003989400    0.0000000000
   0.0015264400    0.0003203000    0.0000000000
  -0.0002314300    0.0014404300    0.0000000000
  -0.0062360500    0.0004138000    0.0000000000
  -0.0233199600   -0.0039239600    0.0000000000
  -0.1250170900   -0.0306014200    0.0000000000
   0.0890354500   -0.1003877400    0.0000000000
   0.0173535800   -0.0075961300    0.0000000000
   0.0054894000   -0.0008674200    0.0000000000
   0.0029702900   -0.0000093700    0.0000000000
   0.0020281400    0.0003965700    0.0000000000
   0.0030517400    0.0019112100    0.0000000000
   0.0031218800    0.0049220900    0.0000000000
  -0.0031252100    0.0038063500    0.0000000000
   0.0877225500    0.0928792500    0.0000000000
  -0.7009696800    1.3431303700    0.0000000000
   0.0410814500    0.0649272300    0.0000000000
   0.0008023200    0.0100518600    0.0000000000
   0.0017230600    0.0020331600    0.0000000000
   0.0018460600    0.0011093600    0.0000000000
   0.0032120800    0.0013779300    0.0000000000
   0.0057811300    0.0038590500    0.0000000000
   0.0147306500    0.0174786400    0.0000000000
   0.0158103000   -0.0074475200    0.0000000000
   0.0390369500   -0.1219517700    0.0000000000
  -0.0770000500   -0.0040891900    0.0000000000
  -0.0019007000    0.0027813100    0.0000000000
  -0.0010419700    0.0023753900    0.0000000000
   0.0013797700    0.0009706400    0.0000000000
   0.0019819300    0.0008685800    0.0000000000
   0.0042257800    0.0012702300    0.0000000000
   0.0085544800    0.0011318900    0.0000000000
   0.0045827400   -0.0072626900    0.0000000000
   0.0005497800   -0.0172533100    0.0000000000
  -0.0032889500   -0.0194272800    0.0000000000
  -0.0085694000    0.0014489300    0.0000000000
  -0.0004835200    0.0006159100    0.0000000000
   0.0011021000   -0.0000965200    0.0000000000
   0.0025773100   -0.0009298100    0.0000000000
   0.0040568500   -0.0027215900    0.0000000000
   0.0025612700   -0.0047356600    0.0000000000
   0.0017023700   -0.0073399400    0.0000000000
  -0.0011208500   -0.0094731900    0.0000000000
  -0.0019964700   -0.0050416900    0.0000000000
  -0.0017739800   -0.0001273200    0.0000000000
  -0.0012834200   -0.0002410000    0.0000000000
  -0.0006491200   -0.0010704700    0.0000000000
   0.0013538500   -0.0017957700    0.0000000000
   0.0021582300   -0.0028834700    0.0000000000
   0.0025665700   -0.0041639000    0.0000000000
   0.0015471200   -0.0048789300    0.0000000000
   0.0009052500   -0.0051070900    0.0000000000
  -0.0006114800   -0.0040904700    0.0000000000
  -0.0016002300   -0.0019411300    0.0000000000
  -0.0018293200   -0.0006473900    0.0000000000
  -0.0013705700   -0.0013721400    0.0000000000
  -0.0005197100   -0.0019681500    0.0000000000
   0.0012495500   -0.0031179900    0.0000000000
   0.0022367800   -0.0039816300    0.0000000000
   0.0029008600   -0.0041076500    0.0000000000
   0.0023063800   -0.0031088200    0.0000000000
   0.0012126300   -0.0031648700    0.0000000000
  -0.0004041000   -0.0020754400    0.0000000000
  -0.0017638100   -0.0018133700    0.0000000000
  -0.0026479600   -0.0021092500    0.0000000000
  -0.0029140600   -0.0029373600    0.0000000000
  -0.0007094100   -0.0043686000    0.0000000000
   0.0026723000   -0.0071191500    0.0000000000
   0.0047169100   -0.0052444500    0.0000000000
   0.0047805100   -0.0035630000    0.0000000000
   0.0027769500   -0.0020993200    0.0000000000
   0.0015806800   -0.0011132600    0.0000000000
  -0.0008689500   -0.0008782000    0.0000000000
  -0.0030380300   -0.0006209700    0.0000000000
  -0.0061555800   -0.0024959800    0.0000000000
  -0.0062837600   -0.0061914600    0.0000000000
  -0.0052764900    0.0260822500    0.0000000000
  -0.0112490000    0.0053819800    0.0000000000
  -0.0060785600    0.0008617100    0.0000000000
  -0.0037554100   -0.0005059500    0.0000000000
  -0.0012446700   -0.0000980200    0.0000000000
  -0.0006579700   -0.0017797000    0.0000000000
   0.0024316400   -0.0047830600    0.0000000000
   0.0111606100   -0.0059264400    0.0000000000
   0.0241520300    0.0317093300    0.0000000000
   0.1142718400   -0.6284372500    0.0000000000
  -0.0394745700   -0.0147902200    0.0000000000
  -0.0101612900   -0.0049807800    0.0000000000
  -0.0043555600   -0.0015251400    0.0000000000
  -0.0023227800   -0.0004721000    0.0000000000
  -0.0023504900   -0.0008964700    0.0000000000
  -0.0029003500   -0.0034367300    0.0000000000
   0.0003690800   -0.0121306200    0.0000000000
   0.0339669000   -0.0568283600    0.0000000000
   0.3923875700   -0.3693643200    0.0000000000
   0.1158843100   -0.2106715400    0.0000000000
   0.0117656000   -0.0140102700    0.0000000000
  -0.0006273800   -0.0038334900    0.0000000000
  -0.0017180200   -0.0016488000    0.0000000000
  -0.0019590600   -0.0010666000    0.0000000000
  -0.0044791400   -0.0014517100    0.0000000000
  -0.0091377100   -0.0032865800    0.0000000000
  -0.0390839000   -0.0056714600    0.0000000000
  -0.0189691800    0.0183441400    0.0000000000
   0.0319235100    0.0278635600    0.0000000000
   0.0071215900   -0.0162023000    0.0000000000
   0.0016995800   -0.0003920500    0.0000000000
  -0.0004802700   -0.0007422300    0.0000000000
  -0.0011844600   -0.0000325000    0.0000000000
  -0.0033398700    0.0001960000    0.0000000000
  -0.0059110900    0.0009320200    0.0000000000
  -0.0119228300    0.0051305000    0.0000000000
  -0.0047934600    0.0092728800    0.0000000000
   0.0020774700    0.0126791700    0.0000000000
   0.0093245100    0.0077068900    0.0000000000
   0.0015391500    0.0011378100    0.0000000000
   0.0003355500   -0.0007892900    0.0000000000
  -0.0000134200    0.0006586700    0.0000000000
  -0.0020663300    0.0017960200    0.0000000000
  -0.0031022600    0.0033175900    0.0000000000
  -0.0050318100    0.0049097800    0.0000000000
  -0.0030692100    0.0044408900    0.0000000000
  -0.0007324600    0.0061736800    0.0000000000
   0.0023181300    0.0053217500    0.0000000000
   0.0029204100    0.0021898400    0.0000000000
   0.0019093600    0.0007264500    0.0000000000
   0.0008843900    0.0014400700    0.0000000000
  -0.0004230600    0.0021128000    0.0000000000
  -0.0019119000    0.0030001500    0.0000000000
  -0.0023766200    0.0031753700    0.0000000000
  -0.0023231300    0.0038305900    0.0000000000
  -0.0020663300    0.0043021300    0.0000000000
  -0.0001064300    0.0034807300    0.0000000000
   0.0012817700    0.0020063700    0.0000000000
   0.0016346200    0.0019982100    0.0000000000
   0.0019974800    0.0020446800    0.0000000000
   0.0012893600    0.0023238500    0.0000000000
  -0.0004155500    0.0038638500    0.0000000000
  -0.0015481100    0.0044854400    0.0000000000
  -0.0031991800    0.0050872000    0.0000000000
  -0.0023499500    0.0036795600    0.0000000000
  -0.0013472400    0.0031579400    0.0000000000
  -0.0010484400    0.0014418500    0.0000000000
   0.0015640600    0.0009140300    0.0000000000
   0.0021821200    0.0016311600    0.0000000000
   0.0027035200    0.0025116600    0.0000000000
   0.0028198100    0.0053509700    0.0000000000
  -0.0015257800    0.0071069400    0.0000000000
  -0.0053846800    0.0084447700    0.0000000000
  -0.0048958400    0.0037603900    0.0000000000
  -0.0026084600    0.0019251700    0.0000000000
  -0.0021232400    0.0007490100    0.0000000000
   0.0002694100    0.0003662400    0.0000000000
   0.0019983000   -0.0009946200    0.0000000000
   0.0040353600   -0.0003121800    0.0000000000
   0.0072862900    0.0062946900    0.0000000000
   0.0017888200    0.0129974800    0.0000000000

21   
  0.0234443241590582   0.0000000000000033   0.0187180037590817
  -0.0064885900    0.0053936300   -0.0011947300
  -0.0043755800    0.0010473800    0.0002019900
  -0.0067187600   -0.0040983200   -0.0011125400
   0.0020625000   -0.0027505300   -0.0000182100
   0.0033961500   -0.0016118800   -0.0000188300
   0.0030269300   -0.0003011300   -0.0000064300
   0.0030024300    0.0015331700   -0.0000065800
   0.0029084200    0.0031171400   -0.0000166600
   0.0024194400    0.0039481000   -0.0000216500
   0.0127980800    0.0090011600    0.0002648700
  -0.0262452900    0.0543509200    0.0011545800
  -0.0320038900   -0.0531623000   -0.0004856400
   0.0110353100   -0.0084538700    0.0001787200
   0.0064611900   -0.0045170800    0.0000017700
   0.0039418400   -0.0017809600   -0.0000192500
   0.0042562500   -0.0001094400   -0.0000063700
   0.0043525400    0.0015634300   -0.0000181100
   0.0063820400    0.0045074300   -0.0000197900
   0.0130555600    0.0065217400   -0.0012843300
   0.1037781100    0.0234249000    0.0019658200
  -1.2226929600   -0.0598463800   -0.2612510300
   0.1056549900   -0.0203901600    0.0007766300
   0.0120844600   -0.0072133400   -0.0012634000
   0.0055634000   -0.0017837000    0.0000330800
   0.0044516700   -0.0006665300   -0.0000100600
   0.0045878000   -0.0001780900   -0.0000122600
   0.0056325500    0.0011383600    0.0000514000
   0.0060260900   -0.0011703800   -0.0000171000
   0.0103737800   -0.0104001100    0.0002035200
  -0.0297180300   -0.0961841600    0.0001741800
  -0.0168309000    0.0832592600   -0.0011475000
   0.0064213300    0.0071857200   -0.0003435900
   0.0072753900    0.0000818200   -0.0000153400
   0.0041694500    0.0000688700   -0.0000122100
   0.0037160600    0.0001487300   -0.0000067600
   0.0041879900   -0.0007303400   -0.0000183200
   0.0026322300   -0.0032295200   -0.0000177300
   0.0014735200   -0.0072231400   -0.0000132200
  -0.0067342700   -0.0178654700   -0.0010235800
  -0.0051359100   -0.0111639600    0.0002418400
   0.0017000100    0.0032084000   -0.0000315400
   0.0033208900    0.0013986400   -0.0000014400
   0.0030270400    0.0000922900   -0.0000122400
   0.0027091400   -0.0014404500   -0.0000056000
   0.0012606900   -0.0018639300   -0.0000067000
   0.0007386300   -0.0036015200   -0.0000173200
  -0.0016366600   -0.0054330400    0.0000248100
  -0.0028087300   -0.0044538500   -0.0000167600
   0.0016496700    0.0050259000   -0.0001635100
  -0.0034756800    0.0076930100    0.0000156100
   0.0013979700    0.0028664900   -0.0000044900
   0.0021113500    0.0011432900   -0.0000055700
   0.0015442800   -0.0003319700   -0.0000056300
   0.0007919400   -0.0009251800   -0.0000065900
  -0.0002178000   -0.0020478000   -0.0000065000
  -0.0001397000   -0.0024324600   -0.0000106200
  -0.0008994800   -0.0018105300   -0.0000184300
  -0.0005498500    0.0008340500   -0.0000013300
  -0.0004132900    0.0039091500   -0.0000134100
   0.0000021100    0.0039745900   -0.0000294700
   0.0007929800    0.0024765900   -0.0000077700
   0.0006582900    0.0007871700   -0.0000064900
  -0.0008853300    0.0007583200   -0.0000171800
  -0.0005911400   -0.0009984100   -0.0000179200
   0.0000598300   -0.0010969900   -0.0000111500
   0.0005129000   -0.0014930500   -0.0000062600
   0.0003057800   -0.0002275800   -0.0000068600
   0.0002591900    0.0010426000   -0.0000068500
   0.0006321700    0.0021705200   -0.0000066500
   0.0002497800    0.0026406900   -0.0000093100
  -0.0006096800    0.0016085800   -0.0000183200
  -0.0025904300    0.0014037800   -0.0000180800
  -0.0029402800   -0.0004642900   -0.0000172300
  -0.0004952700   -0.0019963900    0.0000346000
   0.0010752800   -0.0014704600   -0.0000176600
   0.0019339500   -0.0005247800   -0.0000069400
   0.0011764000    0.0003395100   -0.0000056500
   0.0014722100    0.0020683600   -0.0000065000
   0.0014907800    0.0024669300   -0.0000178900
  -0.0012348200    0.0031021800    0.0000424400
   0.0147654100    0.0005226800   -0.0056040800
   0.0152857100   -0.0031798400   -0.0053482700
  -0.0001388200    0.0084452000    0.0001038900
  -0.0031852300    0.0031380100    0.0000221100
  -0.0022456200    0.0017232200    0.0000129100
  -0.0027954400   -0.0001830600    0.0000071700
  -0.0028121900   -0.0022432400    0.0000123200
  -0.0028722200   -0.0041406400    0.0000274800
  -0.0013638700   -0.0089428400    0.0000925000
  -0.0064451100   -0.0335912800    0.0042839200
   0.1865561300    0.0019075600    0.0937975600
  -0.0028597400    0.0328454800    0.0039557900
  -0.0080532800    0.0061043500    0.0001191600
  -0.0047032200    0.0023097800    0.0000078700
  -0.0038846400    0.0010175300    0.0000117400
  -0.0043499500   -0.0000766600    0.0000120100
  -0.0045873700   -0.0014359100    0.0000061300
  -0.0086904700   -0.0055875300    0.0000965200
  -0.0241515700    0.0074467300   -0.0059346600
   0.4105293600   -0.1273554600    0.0983159100
   0.4941697400    0.1852728400    0.0866697600
  -0.0198695600   -0.0083073600   -0.0048375200
  -0.0075765500    0.0000134300    0.0003206700
  -0.0042900900   -0.0000129000    0.0000074000
  -0.0045998300    0.0000304900    0.0000069500
  -0.0048364200    0.0003751700    0.0000021500
  -0.0078285300    0.0003783700    0.0004050300
  -0.0078034500    0.0064548800    0.0004927400
  -0.0098004100    0.0288698400   -0.0050544100
   0.0478777200    0.0089859100    0.0034394000
  -0.0124856100   -0.0066713000   -0.0027844800
  -0.0085477400   -0.0045851300    0.0001952700
  -0.0048848200   -0.0013429500    0.0000132300
  -0.0042085100   -0.0004845100    0.0000099700
  -0.0038694000    0.0002022500    0.0000122800
  -0.0050404900    0.0016835900   -0.0000253500
  -0.0028755800    0.0046597600   -0.0000225200
   0.0002874400    0.0083348800    0.0003353800
   0.0092714600    0.0080889000    0.0001030900
  -0.0023138100    0.0032327200   -0.0000864000
   0.0053625800   -0.0055679300   -0.0002639600
  -0.0034770800   -0.0021358100    0.0001330100
  -0.0036659400   -0.0007099200   -0.0000134500
  -0.0026337000    0.0010596100    0.0000086300
  -0.0028940300    0.0020452200    0.0000144000
  -0.0016290100    0.0013721900    0.0000118300
   0.0000298000    0.0031657900    0.0000056500
   0.0021467600    0.0029055300    0.0000058900
   0.0031633400   -0.0016329600    0.0000746500
   0.0019300100   -0.0040741800    0.0000356600
  -0.0006046900   -0.0050456600   -0.0000197300
  -0.0019402200   -0.0021153400    0.0000036700
  -0.0019913000   -0.0006476600    0.0000073800
  -0.0012444800    0.0000158700    0.0000049400
  -0.0003948300    0.0006979900    0.0000118100
  -0.0005710700    0.0020647000    0.0000076000
   0.0004754500    0.0015685500    0.0000122800
   0.0011256500   -0.0002026900    0.0000083500
   0.0008847800   -0.0011221100    0.0000103300
   0.0002606100   -0.0025149500    0.0000096100
  -0.0006241600   -0.0032952100    0.0000162600
  -0.0008485100   -0.0016770100    0.0000116000
  -0.0002600000    0.0000048400    0.0000138600
   0.0003512300    0.0005758000   -0.0000197300
   0.0006732100    0.0017277700    0.0000056400
   0.0000734300    0.0022928500    0.0000114500
  -0.0010365200    0.0005537900    0.0000073700
   0.0003441100   -0.0005664700    0.0000067300
  -0.0003971500   -0.0012474900    0.0000074200
  -0.0009654000   -0.0027562700    0.0000115300
   0.0009081200   -0.0027852800    0.0000027600
   0.0001538800   -0.0006633400   -0.0000204300
   0.0016670700   -0.0006269200    0.0004781900
   0.0025498400    0.0013294200    0.0003508000
   0.0004488200    0.0029070500    0.0000088600
  -0.0015740900    0.0015639600    0.0000128800
  -0.0008485200    0.0006396200    0.0000064700
  -0.0010091700   -0.0014281200    0.0000065000
  -0.0017894500   -0.0028325900    0.0000122000
  -0.0010746100   -0.0035506800    0.0000079100
   0.0025834200   -0.0030542200    0.0003698000

21   
 -0.0234443241590582  -0.0000000000000033  -0.0187180037590817
   0.0052470600   -0.0046907500    0.0011683000
   0.0036724500   -0.0003316900   -0.0002010100
   0.0066087900    0.0039838000    0.0011347000
  -0.0015375500    0.0031542200    0.0000152800
  -0.0020729100    0.0023559700    0.0000192000
  -0.0021909800    0.0007924400    0.0000061700
  -0.0024927400   -0.0002746600    0.0000066700
  -0.0034994500   -0.0018005300    0.0000166800
  -0.0029533500   -0.0034441900    0.0000242600
  -0.0125474800   -0.0097287900   -0.0002785800
   0.0272033900   -0.0552106600    0.0001421800
   0.0298487900    0.0520366300   -0.0007917700
  -0.0102949900    0.0076595500   -0.0001616200
  -0.0059531100    0.0040364200   -0.0000074500
  -0.0042162800    0.0012045600    0.0000191800
  -0.0029235200   -0.0002107500    0.0000062700
  -0.0043515600   -0.0017037500    0.0000183300
  -0.0076971600   -0.0047202500    0.0000223200
  -0.0140480100   -0.0069391600    0.0012260600
  -0.1067794200   -0.0232420400   -0.0003022700
   1.2198440500   -0.0222888600    0.2622291100
  -0.1021221200    0.0210677900   -0.0025137800
  -0.0117358900    0.0066238000    0.0013321500
  -0.0058934600    0.0018202700   -0.0000360900
  -0.0038234000    0.0003222400    0.0000095900
  -0.0037660400   -0.0008681200    0.0000124100
  -0.0063557900   -0.0021240400   -0.0000475000
  -0.0064461500    0.0016573500    0.0000198200
  -0.0102901100    0.0109015700   -0.0001750700
   0.0283394400    0.0963013200    0.0001836500
   0.0168893700   -0.0817943200    0.0008554100
  -0.0058733200   -0.0069982100    0.0003416200
  -0.0059620700   -0.0007262000    0.0000123000
  -0.0043604500    0.0003245900    0.0000116900
  -0.0034753100    0.0004316800    0.0000067000
  -0.0040836800   -0.0000514900    0.0000184200
  -0.0028007500    0.0014995600    0.0000179300
  -0.0020049800    0.0068646100    0.0000152800
   0.0061185100    0.0179788200    0.0009966200
   0.0052140200    0.0108004800   -0.0002368800
  -0.0018231600   -0.0037132500    0.0000304900
  -0.0027435600   -0.0014320600    0.0000003300
  -0.0024903600   -0.0004944100    0.0000123300
  -0.0025720300   -0.0001550300    0.0000056300
  -0.0013882700    0.0009671700    0.0000067500
  -0.0006987400    0.0029556200    0.0000173600
   0.0008019100    0.0052751900   -0.0000223800
   0.0031998600    0.0042663300    0.0000169200
  -0.0011342900   -0.0048765800    0.0001663600
   0.0030622400   -0.0076444500   -0.0000184300
  -0.0019700100   -0.0030487300    0.0000034900
  -0.0011848500   -0.0013740300    0.0000053200
  -0.0014794700   -0.0002540900    0.0000055600
   0.0000565200    0.0001215500    0.0000065300
  -0.0007735700    0.0013047800    0.0000064900
   0.0000771500    0.0026192900    0.0000105700
   0.0006571200    0.0028014500    0.0000184300
   0.0001299000   -0.0002287100    0.0000005000
   0.0005322700   -0.0024623700    0.0000133300
   0.0003436600   -0.0034249000    0.0000304300
  -0.0006644500   -0.0014320900    0.0000077200
  -0.0003719700   -0.0006006300    0.0000063900
   0.0005987500    0.0003110800    0.0000171400
   0.0005573800    0.0009038500    0.0000178200
   0.0002052000    0.0022812700    0.0000108400
   0.0000964800    0.0016798100    0.0000061700
  -0.0003454500    0.0006952800    0.0000068600
  -0.0004920700   -0.0014579500    0.0000067400
  -0.0003510400   -0.0027165000    0.0000065600
  -0.0002150000   -0.0021619900    0.0000092500
   0.0000174800   -0.0012765300    0.0000183300
   0.0016599900   -0.0007589900    0.0000187500
   0.0017383700    0.0002102600    0.0000165400
   0.0016933700    0.0017682100   -0.0000350600
  -0.0003511200    0.0020591600    0.0000175000
  -0.0006335400    0.0014605300    0.0000066700
  -0.0016956100   -0.0002136400    0.0000055900
  -0.0015590400   -0.0011480900    0.0000065500
  -0.0008141400   -0.0024095700    0.0000180300
   0.0000870200   -0.0020675100   -0.0000417500
  -0.0134327100   -0.0021623800    0.0055651900
  -0.0145073000    0.0032523200    0.0053696200
  -0.0002224200   -0.0078869900   -0.0001130100
   0.0016591300   -0.0042302200   -0.0000197400
   0.0028942400   -0.0010401000   -0.0000128400
   0.0022506200   -0.0000210500   -0.0000072500
   0.0028816300    0.0009160300   -0.0000124500
   0.0032884800    0.0040185800   -0.0000291600
   0.0005062100    0.0096038300   -0.0000833900
   0.0059086300    0.0347805800   -0.0044386300
  -0.1853269900    0.0080819700   -0.0937624900
   0.0033221900   -0.0324223100   -0.0038086800
   0.0068940700   -0.0057211700   -0.0001275300
   0.0048024500   -0.0014381800   -0.0000062000
   0.0033577600    0.0000174300   -0.0000116900
   0.0031392900    0.0007560300   -0.0000121500
   0.0058812900    0.0020896300   -0.0000076800
   0.0089917800    0.0066738700   -0.0000903600
   0.0230868600   -0.0080820800    0.0057155700
  -0.4619974600    0.1613398600   -0.0890569000
  -0.4400697300   -0.1482755600   -0.0968524200
   0.0200533800    0.0078086700    0.0050454600
   0.0077983600   -0.0005303200   -0.0003292200
   0.0051120400   -0.0005449600   -0.0000072400
   0.0034100900   -0.0002056800   -0.0000069800
   0.0048595300    0.0001632200   -0.0000027600
   0.0089810000   -0.0006452100   -0.0003936300
   0.0087621200   -0.0069028600   -0.0004824200
   0.0091215700   -0.0284517600    0.0048799700
  -0.0472078000   -0.0094199800   -0.0034339100
   0.0120005000    0.0063607000    0.0028166000
   0.0078776600    0.0048906400   -0.0001820600
   0.0054308700    0.0015093900   -0.0000135200
   0.0034557400    0.0000334200   -0.0000098800
   0.0037255100   -0.0009291700   -0.0000124200
   0.0051393500   -0.0024893200    0.0000234400
   0.0027492400   -0.0026794500    0.0000206900
   0.0006803600   -0.0075411200   -0.0003233800
  -0.0095882300   -0.0079389400   -0.0001053400
   0.0021658100   -0.0032486500    0.0000998300
  -0.0051682500    0.0056147000    0.0002875400
   0.0037282400    0.0023128900   -0.0001406000
   0.0026939400    0.0015142800    0.0000150400
   0.0029270100    0.0009038400   -0.0000088900
   0.0027911900   -0.0008785800   -0.0000144000
   0.0009695100   -0.0023846600   -0.0000118700
   0.0005966800   -0.0031416400   -0.0000064700
  -0.0019808700   -0.0031356700   -0.0000061700
  -0.0035375200    0.0016656000   -0.0000766800
  -0.0018536000    0.0033532500   -0.0000359400
   0.0009945000    0.0050308400    0.0000217900
   0.0017030300    0.0019302500   -0.0000033400
   0.0014397200    0.0007192900   -0.0000074900
   0.0018869100   -0.0011460100   -0.0000050500
   0.0004912700   -0.0013326800   -0.0000117500
  -0.0000863100   -0.0015918700   -0.0000075800
  -0.0003001400   -0.0020943200   -0.0000124500
  -0.0013283800   -0.0009402300   -0.0000081800
  -0.0013414600    0.0017371100   -0.0000102800
   0.0000961900    0.0030655200   -0.0000095700
   0.0009217100    0.0021089700   -0.0000167000
   0.0006556500    0.0012208600   -0.0000117700
   0.0008176900    0.0003877500   -0.0000139100
  -0.0009106300   -0.0003386400    0.0000197000
   0.0000193900   -0.0015031000   -0.0000061600
   0.0003799800   -0.0013079200   -0.0000114100
  -0.0007482100   -0.0014351000   -0.0000073700
   0.0005561900    0.0000648000   -0.0000068100
   0.0002668700    0.0021773300   -0.0000075500
   0.0000847900    0.0022828700   -0.0000116400
   0.0010023700    0.0018607900   -0.0000023500
  -0.0008095400    0.0015794600    0.0000204600
  -0.0028478900    0.0004488600   -0.0004778200
  -0.0024637200   -0.0021172600   -0.0003460500
   0.0007748400   -0.0030484800   -0.0000076600
   0.0005165500   -0.0021434100   -0.0000128400
   0.0016801600   -0.0003590000   -0.0000065000
   0.0017327600    0.0004063000   -0.0000066300
   0.0009968200    0.0019137100   -0.0000123500
   0.0002374900    0.0038484600   -0.0000090300
  -0.0016168400    0.0022642100   -0.0003732700

21   
 -0.0149999999993716   0.0259807621138959   0.0000000000000000
   0.0216065400    0.0038316500    0.0000000000
   0.0014634100    0.0172152400    0.0000000000
  -0.0136514600    0.0089009900    0.0000000000
  -0.0081191900    0.0042368800    0.0000000000
  -0.0033571400    0.0020609000    0.0000000000
  -0.0017533000    0.0008644500    0.0000000000
  -0.0009553900    0.0003705700    0.0000000000
  -0.0000679300   -0.0004076400    0.0000000000
   0.0052259000    0.0001384500    0.0000000000
   0.0015225200   -0.0046456100    0.0000000000
   0.1225821000    0.0278310900    0.0000000000
  -0.0856374700    0.0937055600    0.0000000000
  -0.0165735700    0.0067661500    0.0000000000
  -0.0045234000    0.0002031600    0.0000000000
  -0.0027793300   -0.0005550200    0.0000000000
  -0.0015512100   -0.0009046800    0.0000000000
  -0.0025972800   -0.0022486800    0.0000000000
  -0.0043024700   -0.0053028300    0.0000000000
  -0.0163258500   -0.0181720200    0.0000000000
  -0.0907012300   -0.0919872100    0.0000000000
   0.8186683600   -1.2566379900    0.0000000000
  -0.0406350800   -0.0603112000    0.0000000000
   0.0000290500   -0.0095858900    0.0000000000
  -0.0017512400   -0.0022573200    0.0000000000
  -0.0017420200   -0.0011994300    0.0000000000
  -0.0025871000   -0.0020294100    0.0000000000
  -0.0059467200   -0.0048110000    0.0000000000
  -0.0085363900   -0.0008153300    0.0000000000
  -0.0150531300    0.0094015700    0.0000000000
  -0.0412976900    0.1267470000    0.0000000000
   0.0733543800    0.0090566700    0.0000000000
   0.0045415400   -0.0023331500    0.0000000000
   0.0013458500   -0.0028598400    0.0000000000
  -0.0010275900   -0.0008876700    0.0000000000
  -0.0020521400   -0.0002658600    0.0000000000
  -0.0040618600   -0.0012135300    0.0000000000
  -0.0038458000    0.0012474700    0.0000000000
  -0.0043210300    0.0066336000    0.0000000000
   0.0000456600    0.0182099100    0.0000000000
   0.0048530700    0.0243916800    0.0000000000
   0.0008928800   -0.0009760400    0.0000000000
   0.0004282300   -0.0004348500    0.0000000000
  -0.0007111700   -0.0000027500    0.0000000000
  -0.0022329300    0.0000118200    0.0000000000
  -0.0020560700    0.0021030000    0.0000000000
  -0.0022815000    0.0039248000    0.0000000000
  -0.0015592400    0.0067256400    0.0000000000
   0.0015030100    0.0082355200    0.0000000000
  -0.0000765700    0.0029426200    0.0000000000
   0.0025733900   -0.0013648900    0.0000000000
   0.0005808600    0.0001468500    0.0000000000
   0.0006225800    0.0007721100    0.0000000000
  -0.0008979500    0.0013186400    0.0000000000
  -0.0006116800    0.0026163400    0.0000000000
  -0.0024376200    0.0032128500    0.0000000000
  -0.0018085600    0.0043544200    0.0000000000
  -0.0008103700    0.0052415500    0.0000000000
   0.0000389300    0.0041700500    0.0000000000
   0.0014341900    0.0024700400    0.0000000000
   0.0018814100    0.0009534300    0.0000000000
   0.0014288000    0.0018680900    0.0000000000
   0.0006239500    0.0023637300    0.0000000000
   0.0002721000    0.0046974100    0.0000000000
  -0.0021916100    0.0041664300    0.0000000000
  -0.0025492800    0.0043988300    0.0000000000
  -0.0016777000    0.0035103700    0.0000000000
  -0.0008818700    0.0030911300    0.0000000000
   0.0002416900    0.0017417700    0.0000000000
   0.0016444000    0.0008496600    0.0000000000
   0.0025880900    0.0016485500    0.0000000000
   0.0024509400    0.0029630300    0.0000000000
   0.0049912800    0.0064523500    0.0000000000
  -0.0034429000    0.0067561900    0.0000000000
  -0.0043341500    0.0046720600    0.0000000000
  -0.0035692700    0.0035113600    0.0000000000
  -0.0016484000    0.0026212100    0.0000000000
  -0.0011914000    0.0013835400    0.0000000000
   0.0004467200    0.0010950200    0.0000000000
   0.0031026500    0.0007277600    0.0000000000
   0.0055877600    0.0026172600    0.0000000000
  -0.0235300000   -0.0307251900    0.0000000000
   0.0062899900   -0.0253724600    0.0000000000
   0.0106767100   -0.0047651300    0.0000000000
   0.0047994900   -0.0010860400    0.0000000000
   0.0031973900    0.0003487600    0.0000000000
   0.0013218600    0.0004202500    0.0000000000
   0.0005906300    0.0011457600    0.0000000000
  -0.0018378600    0.0042818600    0.0000000000
  -0.0108119900    0.0065881100    0.0000000000
  -0.0318520500    0.0584516500    0.0000000000
  -0.1201385200    0.5106337500    0.0000000000
   0.0389032200    0.0140422600    0.0000000000
   0.0088575600    0.0051477800    0.0000000000
   0.0036655900    0.0020238300    0.0000000000
   0.0020905700    0.0013830300    0.0000000000
   0.0016008100    0.0017365800    0.0000000000
   0.0032775600    0.0040801000    0.0000000000
   0.0012088500    0.0130432900    0.0000000000
   0.0403796500    0.0039198300    0.0000000000
  -0.4910476200    0.4119184300    0.0000000000
  -0.1232186000    0.1978406700    0.0000000000
  -0.0124188800    0.0129251300    0.0000000000
   0.0006799200    0.0032209300    0.0000000000
   0.0022191200    0.0009410200    0.0000000000
   0.0018443300    0.0006029100    0.0000000000
   0.0040398900    0.0014966900    0.0000000000
   0.0100829200    0.0030273700    0.0000000000
   0.0120944600   -0.0061792700    0.0000000000
   0.0174946600   -0.0185264900    0.0000000000
  -0.0318769600   -0.0305443300    0.0000000000
  -0.0083149800    0.0078541700    0.0000000000
  -0.0019994300    0.0015492600    0.0000000000
   0.0006387300    0.0008348700    0.0000000000
   0.0012212300   -0.0002033200    0.0000000000
   0.0029444300   -0.0008729400    0.0000000000
   0.0058477400   -0.0018970300    0.0000000000
   0.0045134200   -0.0033733400    0.0000000000
   0.0041456400   -0.0079822300    0.0000000000
  -0.0041094200   -0.0129423300    0.0000000000
  -0.0019660800   -0.0113932800    0.0000000000
  -0.0020052700    0.0030277200    0.0000000000
  -0.0004221200    0.0001077100    0.0000000000
  -0.0000128100   -0.0002409100    0.0000000000
   0.0018239800   -0.0003836500    0.0000000000
   0.0030972200   -0.0017477000    0.0000000000
   0.0021444500   -0.0040997700    0.0000000000
   0.0026158100   -0.0047192000    0.0000000000
   0.0005379800   -0.0058041400    0.0000000000
  -0.0022057700   -0.0035432500    0.0000000000
  -0.0029120300   -0.0020801700    0.0000000000
  -0.0010530900   -0.0001303500    0.0000000000
  -0.0006460800   -0.0012446700    0.0000000000
   0.0001471800   -0.0019856400    0.0000000000
   0.0019139500   -0.0033683900    0.0000000000
   0.0017363800   -0.0043320600    0.0000000000
   0.0017963200   -0.0036663800    0.0000000000
   0.0015471600   -0.0040203800    0.0000000000
  -0.0000785800   -0.0037175800    0.0000000000
  -0.0015417700   -0.0019175100    0.0000000000
  -0.0015257200   -0.0008366900    0.0000000000
  -0.0013738500   -0.0019052100    0.0000000000
  -0.0010660800   -0.0027725900    0.0000000000
   0.0006151200   -0.0035661100    0.0000000000
   0.0008079800   -0.0060372700    0.0000000000
   0.0030366900   -0.0045424200    0.0000000000
   0.0026968300   -0.0028299500    0.0000000000
   0.0005261200   -0.0028234200    0.0000000000
   0.0005958100   -0.0018431600    0.0000000000
  -0.0011101700   -0.0003606300    0.0000000000
  -0.0024936800   -0.0009895000    0.0000000000
  -0.0019535500   -0.0027934000    0.0000000000
  -0.0020793900   -0.0048257100    0.0000000000
  -0.0019022000   -0.0124776500    0.0000000000
   0.0045035000   -0.0083936000    0.0000000000
   0.0052177500   -0.0039963800    0.0000000000
   0.0024996800   -0.0021205600    0.0000000000
   0.0019487600   -0.0007231600    0.0000000000
   0.0005617800   -0.0005287000    0.0000000000
  -0.0018633900    0.0003021800    0.0000000000
  -0.0045618800    0.0003699600    0.0000000000
  -0.0069149800   -0.0059732600    0.0000000000

21   
  0.0149999999993716  -0.0259807621138959   0.0000000000000000
  -0.0231544600   -0.0033766200    0.0000000000
  -0.0020288900   -0.0169455000    0.0000000000
   0.0140243300   -0.0091314200    0.0000000000
   0.0087597900   -0.0038239400    0.0000000000
   0.0046779200   -0.0012894100    0.0000000000
   0.0025518000   -0.0003684100    0.0000000000
   0.0014009700    0.0008647200    0.0000000000
  -0.0006375000    0.0016647400    0.0000000000
  -0.0059682700    0.0002360700    0.0000000000
  -0.0017543100    0.0036461300    0.0000000000
  -0.1236674000   -0.0293364600    0.0000000000
   0.0876986100   -0.0991594600    0.0000000000
   0.0173604600   -0.0075729600    0.0000000000
   0.0049488400   -0.0005737400    0.0000000000
   0.0024362900    0.0000267900    0.0000000000
   0.0028168500    0.0005973400    0.0000000000
   0.0025101700    0.0021005900    0.0000000000
   0.0028157300    0.0050420000    0.0000000000
   0.0152258700    0.0178760000    0.0000000000
   0.0898188300    0.0921484500    0.0000000000
  -0.7044874100    1.3217831300    0.0000000000
   0.0398132000    0.0634018100    0.0000000000
  -0.0000581800    0.0094265000    0.0000000000
   0.0012834800    0.0023933300    0.0000000000
   0.0022837700    0.0008911300    0.0000000000
   0.0033372400    0.0010027400    0.0000000000
   0.0051459400    0.0038620800    0.0000000000
   0.0080698600    0.0013573400    0.0000000000
   0.0150752800   -0.0087315200    0.0000000000
   0.0376322400   -0.1225231600    0.0000000000
  -0.0723978300   -0.0095508500    0.0000000000
  -0.0043592800    0.0023979600    0.0000000000
  -0.0002891100    0.0022845300    0.0000000000
   0.0007172500    0.0013132000    0.0000000000
   0.0022224000    0.0008623600    0.0000000000
   0.0041152900    0.0004571700    0.0000000000
   0.0036568200   -0.0029495400    0.0000000000
   0.0037960100   -0.0069029700    0.0000000000
  -0.0005334800   -0.0178502900    0.0000000000
  -0.0047701800   -0.0247059300    0.0000000000
  -0.0010686100    0.0003214200    0.0000000000
   0.0000514500    0.0003547200    0.0000000000
   0.0011788100   -0.0004138200    0.0000000000
   0.0023295100   -0.0016052600    0.0000000000
   0.0019217200   -0.0030070600    0.0000000000
   0.0023369900   -0.0045487800    0.0000000000
   0.0007751900   -0.0068372900    0.0000000000
  -0.0010406600   -0.0084334000    0.0000000000
   0.0005437500   -0.0029716700    0.0000000000
  -0.0029413600    0.0012155900    0.0000000000
  -0.0012139400   -0.0004294900    0.0000000000
   0.0002503300   -0.0010630700    0.0000000000
   0.0009317600   -0.0019374300    0.0000000000
   0.0014672800   -0.0034652100    0.0000000000
   0.0014729100   -0.0039731400    0.0000000000
   0.0017799400   -0.0041677400    0.0000000000
   0.0006038400   -0.0042625200    0.0000000000
  -0.0004550900   -0.0036499700    0.0000000000
  -0.0013268700   -0.0011401700    0.0000000000
  -0.0015607700   -0.0005280200    0.0000000000
  -0.0013477800   -0.0009112000    0.0000000000
  -0.0003647700   -0.0022457000    0.0000000000
  -0.0005463700   -0.0037240500    0.0000000000
   0.0022206400   -0.0043165100    0.0000000000
   0.0028669800   -0.0032356300    0.0000000000
   0.0023174600   -0.0033372300    0.0000000000
   0.0008470500   -0.0026609200    0.0000000000
  -0.0004938100   -0.0022276900    0.0000000000
  -0.0014071400   -0.0014874400    0.0000000000
  -0.0026091400   -0.0012702300    0.0000000000
  -0.0030903300   -0.0027322900    0.0000000000
  -0.0059866500   -0.0059806100    0.0000000000
   0.0023923100   -0.0071523200    0.0000000000
   0.0056596000   -0.0049403800    0.0000000000
   0.0043470000   -0.0029299200    0.0000000000
   0.0029529700   -0.0016949800    0.0000000000
   0.0006444800   -0.0012899800    0.0000000000
  -0.0005927600   -0.0002350300    0.0000000000
  -0.0025166700   -0.0007600500    0.0000000000
  -0.0068322900   -0.0017051900    0.0000000000
   0.0250162600    0.0298621300    0.0000000000
  -0.0057436900    0.0259234200    0.0000000000
  -0.0112510400    0.0052046800    0.0000000000
  -0.0063653100   -0.0001020900    0.0000000000
  -0.0025288100    0.0002932400    0.0000000000
  -0.0018201400   -0.0006322600    0.0000000000
  -0.0004395100   -0.0024594200    0.0000000000
   0.0024041000   -0.0043535500    0.0000000000
   0.0101977600   -0.0057398500    0.0000000000
   0.0330792400   -0.0568094100    0.0000000000
   0.1130682600   -0.6145018200    0.0000000000
  -0.0391901400   -0.0148963400    0.0000000000
  -0.0100390100   -0.0050329900    0.0000000000
  -0.0035056900   -0.0012393400    0.0000000000
  -0.0025559500   -0.0003811200    0.0000000000
  -0.0027385700   -0.0010727400    0.0000000000
  -0.0018666200   -0.0034486300    0.0000000000
  -0.0006198200   -0.0120090000    0.0000000000
  -0.0411391900   -0.0047088300    0.0000000000
   0.3942787200   -0.3683191400    0.0000000000
   0.1141363300   -0.2044689000    0.0000000000
   0.0132164000   -0.0132310400    0.0000000000
  -0.0002675700   -0.0038252100    0.0000000000
  -0.0012940600   -0.0015350900    0.0000000000
  -0.0029592100   -0.0007960300    0.0000000000
  -0.0039438100   -0.0009845500    0.0000000000
  -0.0088420000   -0.0033564500    0.0000000000
  -0.0110707500    0.0056387900    0.0000000000
  -0.0181598900    0.0187827700    0.0000000000
   0.0318700100    0.0309462200    0.0000000000
   0.0085251600   -0.0079949600    0.0000000000
   0.0016923200   -0.0010856400    0.0000000000
   0.0000716400   -0.0006341700    0.0000000000
  -0.0018857800   -0.0002400800    0.0000000000
  -0.0030286300    0.0001398000    0.0000000000
  -0.0056991700    0.0010591800    0.0000000000
  -0.0046284600    0.0053212600    0.0000000000
  -0.0032191500    0.0086892300    0.0000000000
   0.0036237000    0.0130399300    0.0000000000
   0.0019209500    0.0113698600    0.0000000000
   0.0020694700   -0.0028799400    0.0000000000
   0.0007857800    0.0001483400    0.0000000000
  -0.0008699400    0.0010962000    0.0000000000
  -0.0014758300    0.0023733300    0.0000000000
  -0.0031690700    0.0029153500    0.0000000000
  -0.0028067700    0.0030980500    0.0000000000
  -0.0020175600    0.0047326300    0.0000000000
  -0.0004371600    0.0055753100    0.0000000000
   0.0017732200    0.0036879900    0.0000000000
   0.0029746700    0.0014828300    0.0000000000
   0.0014808300    0.0002643500    0.0000000000
   0.0004709000    0.0011457900    0.0000000000
  -0.0006540100    0.0021201300    0.0000000000
  -0.0012520500    0.0022766000    0.0000000000
  -0.0016580900    0.0037460500    0.0000000000
  -0.0024846000    0.0041565500    0.0000000000
  -0.0014090900    0.0035055900    0.0000000000
  -0.0001614000    0.0026192200    0.0000000000
   0.0010765700    0.0026116300    0.0000000000
   0.0019072700    0.0014872600    0.0000000000
   0.0017201500    0.0008254400    0.0000000000
   0.0009143800    0.0024120500    0.0000000000
  -0.0000471000    0.0040425600    0.0000000000
  -0.0014109700    0.0063928900    0.0000000000
  -0.0024056100    0.0048075300    0.0000000000
  -0.0022858900    0.0038225200    0.0000000000
  -0.0023332600    0.0019552700    0.0000000000
   0.0003054000    0.0013792100    0.0000000000
   0.0010096500    0.0013561500    0.0000000000
   0.0016663500    0.0006069900    0.0000000000
   0.0039211400    0.0019853900    0.0000000000
   0.0014453300    0.0058892300    0.0000000000
   0.0006759800    0.0126289900    0.0000000000
  -0.0045706200    0.0076981700    0.0000000000
  -0.0040794200    0.0038435700    0.0000000000
  -0.0035842700    0.0015204200    0.0000000000
  -0.0011079800    0.0010046100    0.0000000000
   0.0002013200   -0.0004651200    0.0000000000
   0.0011440300   -0.0011599900    0.0000000000
   0.0038236800    0.0000433600    0.0000000000
   0.0079698800    0.0053713900    0.0000000000

22   
 -0.0117221620790471   0.0203033802966008   0.0187180037590592
   0.0039074400    0.0006070900   -0.0000204500
   0.0170771200    0.0032152500   -0.0011581100
   0.0020499100    0.0136129200    0.0002079600
  -0.0108942900    0.0075909200   -0.0011700200
  -0.0062081000    0.0037876900   -0.0000192400
  -0.0029097700    0.0017495900   -0.0000164900
  -0.0015034000    0.0013202500   -0.0000064000
  -0.0011893100    0.0006904800   -0.0000064700
   0.0000748200   -0.0003024400   -0.0000165100
  -0.0024577700   -0.0041796800   -0.0000179200
   0.0017208400   -0.0029184400    0.0002403100
   0.0963261800    0.0216312900    0.0003848600
  -0.0671942400    0.0739635300    0.0010061400
  -0.0134863500    0.0057314700    0.0002353800
  -0.0042169800    0.0001615100   -0.0000165400
  -0.0014954000   -0.0002819900   -0.0000182300
  -0.0016983100   -0.0005374600   -0.0000059900
  -0.0025603400   -0.0016546200   -0.0000183300
  -0.0045810900   -0.0034825900    0.0000505500
  -0.0120749700   -0.0140786800   -0.0012407800
  -0.0704243000   -0.0706293000    0.0014322800
   0.6482527500   -0.9876189500   -0.2632391400
  -0.0340752600   -0.0463023900    0.0022855000
  -0.0009704300   -0.0073838800   -0.0012751000
  -0.0010066000   -0.0020393500    0.0000528800
  -0.0011392700   -0.0013442400   -0.0000119000
  -0.0025653300   -0.0016218000   -0.0000119800
  -0.0031856100   -0.0003964200   -0.0000179100
  -0.0059051100   -0.0003746800   -0.0000234200
  -0.0100286100    0.0081159300    0.0001658500
  -0.0189171100    0.0909319400   -0.0010147900
   0.0547685700    0.0038762800   -0.0007926000
   0.0030068400   -0.0042723300    0.0001824500
   0.0006646400   -0.0022725500   -0.0000219800
  -0.0004332800   -0.0007543100   -0.0000178800
  -0.0014750500   -0.0008916000   -0.0000060600
  -0.0016834900   -0.0003325100   -0.0000068500
  -0.0029770400    0.0012549400   -0.0000149200
  -0.0031456300    0.0043265600   -0.0000187200
  -0.0007147400    0.0081994900   -0.0009216900
   0.0049044700   -0.0058333400   -0.0009387900
   0.0022890400   -0.0023945000   -0.0000173200
   0.0009100400   -0.0010461200   -0.0000148200
  -0.0004281900   -0.0008151300   -0.0000067700
  -0.0005811300    0.0007338100   -0.0000054100
  -0.0014407700    0.0015219000   -0.0000065100
  -0.0023127600    0.0027924100   -0.0000180500
  -0.0015467400    0.0041166700    0.0000090800
   0.0021544100    0.0073621700   -0.0000471800
  -0.0014365300    0.0044064400   -0.0000456600
   0.0021454600    0.0004799600    0.0000102300
   0.0018712300    0.0000621800   -0.0000180300
   0.0005384000    0.0003052200   -0.0000064300
   0.0010236600    0.0014169200   -0.0000064100
  -0.0012075400    0.0019733700   -0.0000064100
  -0.0016203400    0.0027879600   -0.0000064400
  -0.0018298700    0.0036721700   -0.0000096700
  -0.0007547000    0.0045375300   -0.0000038800
   0.0002595400    0.0044459400   -0.0000178300
   0.0008627800    0.0026069700   -0.0000041000
   0.0016915800    0.0016437000   -0.0000096200
   0.0015402600    0.0013174600   -0.0000063900
   0.0021904000    0.0029060100   -0.0000176900
   0.0004531600    0.0033265600   -0.0000170200
  -0.0015868200    0.0039833000   -0.0000176600
  -0.0019600500    0.0031553800   -0.0000108800
  -0.0017301400    0.0031652900   -0.0000075600
  -0.0008993200    0.0025201300   -0.0000073000
   0.0003939100    0.0017627200   -0.0000073200
   0.0012553300    0.0016777700   -0.0000075300
   0.0019210200    0.0016068900   -0.0000110000
   0.0045011400    0.0022274500    0.0000399300
   0.0038580900    0.0048654400   -0.0000155500
  -0.0015195200    0.0055330100   -0.0000152100
  -0.0036944200    0.0042500400    0.0000401800
  -0.0026169500    0.0031957700   -0.0000175200
  -0.0021842500    0.0020305500   -0.0000062100
  -0.0008050600    0.0018369500   -0.0000054800
   0.0007985000    0.0008887900   -0.0000062700
   0.0017323900    0.0014181400   -0.0000175900
  -0.0076087500    0.0037365900    0.0000880800
  -0.0193520500   -0.0232754600   -0.0056059600
   0.0048803500   -0.0209971100   -0.0056192700
   0.0080900500   -0.0047913300    0.0000920100
   0.0049367000   -0.0002224300    0.0000266400
   0.0020989500   -0.0002086800    0.0000122100
   0.0012851600   -0.0003953200    0.0000071600
   0.0005416900    0.0011746800    0.0000122600
  -0.0022423400    0.0034583500    0.0000274600
   0.0003951100    0.0101436100    0.0000951600
  -0.0261159100    0.0440189600    0.0042096200
  -0.0949837800    0.4001305200    0.0971782300
   0.0304324800    0.0104917500    0.0041458300
   0.0079702300    0.0042584600    0.0000982700
   0.0027598100    0.0018100300    0.0000044500
   0.0012611100    0.0010070800    0.0000121000
   0.0022878700    0.0013485000    0.0000121200
   0.0020380700    0.0033507800    0.0000053100
   0.0067231100    0.0020688200    0.0004041500
   0.0316448200    0.0018500600   -0.0058331200
  -0.3944313500    0.3256266700    0.0896381200
  -0.0966490200    0.1515673800    0.0950714100
  -0.0080205400    0.0110379300   -0.0059617600
   0.0010878300    0.0028747700    0.0004114200
   0.0008278700    0.0010324900    0.0000010600
   0.0018253500    0.0008546600    0.0000074800
   0.0035439600    0.0008101800    0.0000014500
   0.0046414300   -0.0012512300   -0.0000232600
   0.0075576400   -0.0039947500    0.0004495800
   0.0098092900   -0.0098608100   -0.0042672800
  -0.0312421100   -0.0039585100    0.0028001800
  -0.0047972200    0.0135113500   -0.0043642300
  -0.0010011000    0.0023830700    0.0004563100
  -0.0002227100    0.0007797900   -0.0000244400
   0.0010181000   -0.0001941100    0.0000124600
   0.0022110600   -0.0007200700    0.0000125200
   0.0021982700   -0.0006710600    0.0000131400
   0.0038413400   -0.0024903200   -0.0000071200
   0.0028355200   -0.0043953300    0.0002343500
  -0.0045767800   -0.0071391200    0.0002907600
   0.0033299500    0.0016507700    0.0002891900
  -0.0035246400    0.0021361200    0.0002406500
  -0.0019051000    0.0007363900   -0.0000082800
   0.0001353500    0.0006286900    0.0000131900
   0.0010384800   -0.0003940700    0.0000054900
   0.0007575400   -0.0026615200    0.0000051800
   0.0022079300   -0.0026457000    0.0000107200
   0.0021491300   -0.0034714000    0.0000104900
   0.0007799500   -0.0051962700    0.0000363700
  -0.0012507500   -0.0044941900   -0.0000068800
  -0.0015976400   -0.0032932100    0.0000358000
  -0.0019534600   -0.0009578300    0.0000101200
  -0.0012177300   -0.0009880800    0.0000107600
   0.0003654900   -0.0021622900    0.0000051500
   0.0001414900   -0.0033542500    0.0000146400
   0.0009664000   -0.0029626200    0.0000121900
   0.0019247900   -0.0033454800    0.0000077000
   0.0014245800   -0.0038527400    0.0000073900
   0.0000856100   -0.0028204300    0.0000123200
  -0.0007300000   -0.0020397300    0.0000122500
  -0.0014082000   -0.0022846900    0.0000074900
  -0.0016841800   -0.0016294500    0.0000077600
  -0.0007708600   -0.0019619100    0.0000122100
  -0.0018313500   -0.0041932900   -0.0000227900
   0.0011282900   -0.0049206600   -0.0000227900
   0.0024368100   -0.0033421600    0.0000040100
   0.0012530200   -0.0032600700    0.0000122600
   0.0017740900   -0.0024418800    0.0000076100
   0.0001230300   -0.0011824500    0.0000065300
  -0.0013077900   -0.0013015900    0.0000076500
  -0.0008514700   -0.0014616400    0.0000123200
  -0.0028337100   -0.0016389800    0.0000037500
  -0.0065979600   -0.0046791200    0.0003710500
  -0.0011610100   -0.0103715200    0.0004889700
   0.0042225400   -0.0067807800    0.0003689200
   0.0032796800   -0.0036026100    0.0000071900
   0.0029676300   -0.0014931000    0.0000120300
   0.0016495200   -0.0014252600    0.0000064900
  -0.0002632000   -0.0007428800    0.0000065200
  -0.0016958200    0.0004403700    0.0000121100
  -0.0029275900   -0.0005401800    0.0000077200

22   
  0.0117221620790471  -0.0203033802966008  -0.0187180037590592
  -0.0054494900    0.0000325700    0.0000201100
  -0.0177311400   -0.0028811900    0.0011371900
  -0.0018590200   -0.0137630900   -0.0001840800
   0.0115608600   -0.0072565100    0.0011252300
   0.0075501600   -0.0030112500    0.0000213600
   0.0037194800   -0.0012325900    0.0000164900
   0.0019763800   -0.0000506900    0.0000064800
   0.0005455100    0.0006224700    0.0000064100
  -0.0007139400    0.0007679300    0.0000164700
   0.0026503800    0.0034341500    0.0000170100
  -0.0024776700    0.0023549100   -0.0002397100
  -0.0971922900   -0.0229554600   -0.0000711000
   0.0693646100   -0.0777467100    0.0005803200
   0.0139698000   -0.0061653700   -0.0002461500
   0.0038619300   -0.0006698500    0.0000183600
   0.0027756700   -0.0000064400    0.0000184400
   0.0016578400    0.0004154600    0.0000059300
   0.0012010900    0.0014655200    0.0000183300
   0.0036840700    0.0031446900   -0.0000550700
   0.0124541700    0.0141389600    0.0012832100
   0.0693603200    0.0703983400   -0.0018811700
  -0.5773689700    1.0276722200    0.2643866400
   0.0339062800    0.0474080300   -0.0010585200
   0.0004312900    0.0076614100    0.0012520300
   0.0015502900    0.0017465800   -0.0000528900
   0.0019159700    0.0003191200    0.0000121100
   0.0018186500    0.0006600700    0.0000120400
   0.0027802100    0.0009107300    0.0000178200
   0.0060027400    0.0008562200    0.0000213100
   0.0089642000   -0.0086327000   -0.0001931200
   0.0171168200   -0.0877319900   -0.0006030400
  -0.0532429400   -0.0041901300   -0.0004310100
  -0.0019012800    0.0034154300   -0.0001781000
  -0.0009592400    0.0026483600    0.0000227000
   0.0006229100    0.0013362500    0.0000178700
   0.0015576400    0.0001202900    0.0000059300
   0.0015098700   -0.0014060000    0.0000066500
   0.0024415100   -0.0016332300    0.0000147700
   0.0025923800   -0.0042352100    0.0000151200
   0.0007320100   -0.0087685700    0.0009625600
  -0.0049425800    0.0050120700    0.0009477400
  -0.0017337600    0.0022235100    0.0000164500
  -0.0004078600    0.0005981700    0.0000148500
   0.0005444500   -0.0007974300    0.0000067100
   0.0004511200   -0.0016549600    0.0000053600
   0.0014842800   -0.0021815000    0.0000063400
   0.0014913700   -0.0029525200    0.0000178000
   0.0019320800   -0.0043356200   -0.0000120300
  -0.0015974500   -0.0072171300    0.0000442200
   0.0009613800   -0.0043513700    0.0000457700
  -0.0027063500   -0.0007359000   -0.0000109800
  -0.0009567700   -0.0003558900    0.0000178100
  -0.0004855600   -0.0009315500    0.0000064000
  -0.0001698500   -0.0022618100    0.0000064800
   0.0002325500   -0.0027420200    0.0000064700
   0.0015732900   -0.0026131100    0.0000063700
   0.0015935100   -0.0026908600    0.0000094000
   0.0003369800   -0.0039525700    0.0000040100
  -0.0001505300   -0.0030187000    0.0000174700
  -0.0005390800   -0.0020909900    0.0000037600
  -0.0015790700   -0.0006510600    0.0000094300
  -0.0012649000   -0.0011824400    0.0000064000
  -0.0024743000   -0.0018999400    0.0000177700
  -0.0004486900   -0.0034689100    0.0000172300
   0.0018924300   -0.0028186100    0.0000178000
   0.0025861800   -0.0029750100    0.0000110500
   0.0016904500   -0.0027037000    0.0000074300
   0.0006521100   -0.0029485800    0.0000071700
  -0.0001398800   -0.0023319300    0.0000071400
  -0.0012583900   -0.0012390800    0.0000074300
  -0.0025444400   -0.0013341000    0.0000109300
  -0.0054719000   -0.0016906100   -0.0000377000
  -0.0050023300   -0.0052181400    0.0000172200
   0.0028341700   -0.0057992200    0.0000175500
   0.0044594300   -0.0036658500   -0.0000374000
   0.0039240200   -0.0022520000    0.0000177700
   0.0016482800   -0.0019023400    0.0000063000
   0.0006846600   -0.0009257700    0.0000054500
  -0.0001777600   -0.0008593000    0.0000062400
  -0.0029675900   -0.0004363600    0.0000176900
   0.0093850100   -0.0047325100   -0.0000903500
   0.0193782000    0.0237931900    0.0054689800
  -0.0050335000    0.0213123700    0.0054530400
  -0.0096744000    0.0036159400   -0.0000864600
  -0.0042773500    0.0008443600   -0.0000281700
  -0.0026155200   -0.0000225600   -0.0000123300
  -0.0011768200   -0.0009455300   -0.0000072200
  -0.0000559100   -0.0013088400   -0.0000122800
   0.0015362500   -0.0028157200   -0.0000273500
  -0.0002821500   -0.0092492500   -0.0000929900
   0.0279517500   -0.0433291500   -0.0042443300
   0.0903573800   -0.4591337400   -0.0885886100
  -0.0315745400   -0.0108370100   -0.0043091400
  -0.0078199900   -0.0035368800   -0.0000899600
  -0.0032315900   -0.0008176900   -0.0000052400
  -0.0024307100   -0.0003473500   -0.0000122400
  -0.0009540800   -0.0007182300   -0.0000122000
  -0.0016705000   -0.0023263700   -0.0000044200
  -0.0075584000   -0.0025255200   -0.0004228600
  -0.0320687300   -0.0026948900    0.0060564600
   0.3372977900   -0.3008942000   -0.0993656900
   0.0873923400   -0.1577853400   -0.0949720400
   0.0090180000   -0.0116046900    0.0059388700
  -0.0001124200   -0.0034521300   -0.0004162000
  -0.0019570500   -0.0012153700   -0.0000004600
  -0.0017675600   -0.0003269700   -0.0000076000
  -0.0023577700   -0.0010967200   -0.0000000800
  -0.0037249100    0.0008237200    0.0000256800
  -0.0082437000    0.0041383600   -0.0004624000
  -0.0091098400    0.0103996700    0.0044654800
   0.0306268100    0.0041808700   -0.0026652800
   0.0043620800   -0.0126607900    0.0043807100
   0.0016873900   -0.0020952300   -0.0004565600
  -0.0004597800   -0.0011925100    0.0000245700
  -0.0011285200   -0.0005194200   -0.0000126200
  -0.0021070700   -0.0000818800   -0.0000125000
  -0.0023264200    0.0026658700   -0.0000132600
  -0.0028674100    0.0032625400    0.0000099200
  -0.0031759900    0.0046135200   -0.0002457400
   0.0043987000    0.0071365200   -0.0002770900
  -0.0031005300   -0.0015173500   -0.0002787900
   0.0037626900   -0.0018127900   -0.0002400200
   0.0009660500    0.0001408800    0.0000088300
   0.0001852300    0.0013744800   -0.0000132500
  -0.0011306800    0.0015833800   -0.0000054700
  -0.0014207800    0.0016742000   -0.0000051800
  -0.0015892600    0.0026800800   -0.0000107000
  -0.0019958400    0.0032546200   -0.0000098900
  -0.0011579100    0.0052333300   -0.0000351100
   0.0013264400    0.0037915500    0.0000077900
   0.0019807200    0.0032923400   -0.0000357100
   0.0017224500    0.0008331800   -0.0000102200
   0.0006795700    0.0011131100   -0.0000107000
   0.0002826400    0.0010722500   -0.0000052200
  -0.0000595200    0.0027635600   -0.0000146800
  -0.0016431000    0.0034562400   -0.0000123000
  -0.0017634800    0.0028278600   -0.0000077500
  -0.0016343300    0.0027165800   -0.0000074500
  -0.0005377600    0.0034510300   -0.0000120100
   0.0010950300    0.0026153600   -0.0000120900
   0.0017182900    0.0011379900   -0.0000073800
   0.0015044700    0.0012317500   -0.0000077100
   0.0013294800    0.0024144900   -0.0000122300
   0.0012466200    0.0045154700    0.0000213100
  -0.0004834700    0.0051877400    0.0000213100
  -0.0020117600    0.0043280200   -0.0000043300
  -0.0030492300    0.0023744500   -0.0000123900
  -0.0008697700    0.0019418300   -0.0000076400
  -0.0002359600    0.0021241600   -0.0000064900
   0.0004557000    0.0008569100   -0.0000076200
   0.0027982700    0.0005960800   -0.0000123600
   0.0021891500    0.0026427700   -0.0000045600
   0.0053754200    0.0046645500   -0.0003600200
   0.0011286000    0.0097233000   -0.0004825000
  -0.0030487100    0.0066091100   -0.0003619600
  -0.0043632100    0.0029975700   -0.0000084500
  -0.0021323400    0.0017536900   -0.0000122200
  -0.0009046400    0.0003967600   -0.0000065600
  -0.0004898800   -0.0001688000   -0.0000065300
   0.0009227700   -0.0001107500   -0.0000121200
   0.0039908000   -0.0001210000   -0.0000079200

30   
  0.0234443241590582   0.0000000000000033   0.0187180037590817
  -0.0027592400    0.0014323600   -0.0000195100
  -0.0025719500   -0.0000247200   -0.0000151800
  -0.0011263100   -0.0018527800    0.0000275600
   0.0008639100   -0.0016405600   -0.0000179700
   0.0019239100   -0.0008093200   -0.0000070000
   0.0018786500    0.0003021200   -0.0000055000
   0.0017845100    0.0020443900   -0.0000065200
   0.0008673500    0.0029376700   -0.0000178900
  -0.0009173000    0.0027483900    0.0000470800
  -0.0055271700    0.0046031900   -0.0012505700
  -0.0039990900    0.0006308100    0.0002071900
  -0.0068592700   -0.0039941200   -0.0010666600
   0.0013585900   -0.0032488100   -0.0000148900
   0.0029297400   -0.0023690700   -0.0000150800
   0.0025869500   -0.0010652200   -0.0000069500
   0.0034887800    0.0005473300   -0.0000065300
   0.0032275400    0.0022317500   -0.0000167300
   0.0020858300    0.0034854500   -0.0000219600
   0.0121553000    0.0090495800    0.0002926700
  -0.0244619400    0.0548442000    0.0015158100
  -0.0298325100   -0.0527824400   -0.0006188400
   0.0069595600   -0.0065743900    0.0001897500
   0.0067283000   -0.0048173800   -0.0000154600
   0.0043461000   -0.0018569100   -0.0000190300
   0.0040983700   -0.0003345200   -0.0000057500
   0.0048042200    0.0009659000   -0.0000178100
   0.0065808700    0.0039636400   -0.0000221900
   0.0128362200    0.0066421000   -0.0012610000
   0.1014779700    0.0226487700    0.0016520600
  -1.2411686500   -0.0862218800   -0.2599636000
   0.1083059400   -0.0180938500    0.0007396500
   0.0145977700   -0.0081512400   -0.0013839600
   0.0071811000   -0.0027496400    0.0000758000
   0.0043094400   -0.0004737200   -0.0000184800
   0.0044071600    0.0005607500   -0.0000108700
   0.0060183300    0.0011689400    0.0000483400
   0.0062187400   -0.0021071600   -0.0000186200
   0.0103798400   -0.0101196600    0.0002189000
  -0.0294137400   -0.0959949600    0.0001629200
  -0.0185351000    0.0947908600    0.0014232300
   0.0046718200   -0.0014169600   -0.0000750700
   0.0045776400   -0.0004760100   -0.0000133500
   0.0040051900   -0.0003917300   -0.0000061600
   0.0042923900   -0.0011033500   -0.0000180900
   0.0028273100   -0.0026394700   -0.0000171500
   0.0021490900   -0.0069036000   -0.0000139400
  -0.0061671900   -0.0164547400   -0.0010877300
  -0.0043582200   -0.0055276400    0.0001827100
  -0.0054588100    0.0201403700   -0.0013955300
  -0.0002249800    0.0061425800   -0.0000750800
   0.0028551900    0.0019474200   -0.0000177700
   0.0032601700    0.0004067400   -0.0000067700
   0.0027713600   -0.0008172900   -0.0000065000
   0.0018686600   -0.0017320300   -0.0000065000
   0.0004452900   -0.0035751900   -0.0000177200
  -0.0008726600   -0.0052944100    0.0000290200
  -0.0026832400   -0.0045554800   -0.0000139400
  -0.0022667800    0.0049420700   -0.0000160700
  -0.0009187400    0.0075121100    0.0000768000
   0.0008566800    0.0041352000   -0.0000132400
   0.0016883100    0.0020044300   -0.0000067700
   0.0017036100    0.0001620100   -0.0000056000
   0.0002919100    0.0000648500   -0.0000065500
   0.0003685100   -0.0017070700   -0.0000064800
   0.0001625500   -0.0020082000   -0.0000103800
  -0.0003198600   -0.0024828100   -0.0000178000
  -0.0009018900    0.0001900600   -0.0000149300
  -0.0006515500    0.0029926000   -0.0000187500
   0.0003036800    0.0029853100   -0.0000184700
   0.0005069200    0.0024133100   -0.0000062000
   0.0002141500    0.0009686800   -0.0000065600
  -0.0011771200    0.0005652400   -0.0000172800
  -0.0010999900   -0.0010645000   -0.0000178100
   0.0005616400   -0.0018356200   -0.0000104700
   0.0006101700   -0.0014385700   -0.0000064400
   0.0009222300   -0.0003210500   -0.0000069400
   0.0000941500    0.0010924100   -0.0000069000
   0.0004258400    0.0026745500   -0.0000057500
   0.0005806700    0.0022826700   -0.0000108500
  -0.0009318600    0.0019796200   -0.0000181600
   0.0030163600   -0.0011636800    0.0004797400
   0.0026875900    0.0017531500    0.0003203200
  -0.0002401900    0.0031556200    0.0000055900
  -0.0017809300    0.0014860800    0.0000120100
  -0.0009641400    0.0010765700    0.0000066700
  -0.0016690600   -0.0008167000    0.0000065500
  -0.0013600600   -0.0028671300    0.0000123600
  -0.0004423500   -0.0036390700    0.0000065500
   0.0016522300   -0.0022735900    0.0003914100
   0.0137220900    0.0016949000   -0.0058356700
   0.0153532900   -0.0036826000   -0.0050946600
   0.0005708800    0.0072584600    0.0001401200
  -0.0027663100    0.0042160100    0.0000250500
  -0.0026085100    0.0021710500    0.0000122300
  -0.0028935400    0.0006471200    0.0000072900
  -0.0034943300   -0.0010858600    0.0000123600
  -0.0024477300   -0.0035965400    0.0000274900
  -0.0008709600   -0.0085702200    0.0000918900
  -0.0071491400   -0.0334244800    0.0044070800
   0.1858732400    0.0026602800    0.0937065900
  -0.0027854800    0.0268931600    0.0034821200
  -0.0067957700    0.0071970800    0.0001457800
  -0.0051357600    0.0022109900    0.0000036900
  -0.0034963000    0.0004128900    0.0000135100
  -0.0044481000   -0.0004118200    0.0000120900
  -0.0052037200   -0.0014134600    0.0000064300
  -0.0081450500   -0.0060223900    0.0000899100
  -0.0222985200    0.0069393400   -0.0059075100
   0.4016727400   -0.1208067900    0.0976888700
   0.5279137400    0.2022963300    0.0850263500
  -0.0292620500    0.0027971900   -0.0041509400
  -0.0090547200    0.0004545800    0.0004304800
  -0.0047786700    0.0004189200   -0.0000138100
  -0.0045504300   -0.0000836800    0.0000099800
  -0.0049699000   -0.0002769600    0.0000021300
  -0.0082172500   -0.0000071200    0.0003975200
  -0.0083831600    0.0073451500    0.0004835900
  -0.0093427200    0.0290525000   -0.0051837600
   0.0464733300    0.0075920500    0.0034012900
  -0.0094533300   -0.0362554600   -0.0041795000
   0.0027321500    0.0001930300    0.0002567700
  -0.0053477000   -0.0003226300   -0.0000119900
  -0.0046361000    0.0001722500    0.0000129400
  -0.0037910300    0.0014802200    0.0000120200
  -0.0052061200    0.0025351300   -0.0000234900
  -0.0034279500    0.0030292700   -0.0000200500
  -0.0006992100    0.0076452700    0.0003243900
   0.0073884800    0.0062828600    0.0001422400
   0.0096909400   -0.0050446100    0.0001487900
  -0.0016446900   -0.0089315100    0.0004306400
  -0.0022954400   -0.0047193500   -0.0000119400
  -0.0031685500   -0.0015211600    0.0000132200
  -0.0031195900   -0.0000067600    0.0000052400
  -0.0026538500    0.0008035000    0.0000146200
  -0.0014177700    0.0015346000    0.0000117200
  -0.0009127600    0.0034439600    0.0000084000
   0.0017369900    0.0029939900    0.0000050000
   0.0041246500   -0.0004939500    0.0000242700
   0.0017601000   -0.0036766900    0.0000035100
  -0.0005638900   -0.0036240700   -0.0000138800
  -0.0015258000   -0.0030990900    0.0000128500
  -0.0018343000   -0.0010433900    0.0000052500
  -0.0013746600    0.0007143000    0.0000051000
  -0.0008145400    0.0011184200    0.0000117900
  -0.0000303300    0.0019809400    0.0000071500
   0.0004509100    0.0024840100    0.0000119100
   0.0002674200    0.0005018900    0.0000119400
   0.0017187000   -0.0014713400    0.0000121300
   0.0000499600   -0.0020745000    0.0000134600
  -0.0010132800   -0.0026563500    0.0000099600
   0.0002674800   -0.0019844900    0.0000120500
  -0.0009068600    0.0002316800    0.0000146400
  -0.0000188100    0.0003765500   -0.0000192000
   0.0003014900    0.0012024400    0.0000086600
   0.0004195100    0.0018115900    0.0000119800
  -0.0007262400    0.0009426600    0.0000075100
   0.0003295700    0.0000686200    0.0000065900
   0.0000506100   -0.0020151600    0.0000072600
  -0.0008689500   -0.0028024400    0.0000120900
  -0.0004059200   -0.0020742200    0.0000026300
   0.0009771400   -0.0014897400   -0.0000226400

30   
 -0.0234443241590582  -0.0000000000000033  -0.0187180037590817
   0.0013255700   -0.0006543300    0.0000199700
   0.0018280300    0.0005649400    0.0000145600
   0.0011743000    0.0017670700   -0.0000282700
  -0.0003213700    0.0020506600    0.0000178600
  -0.0005986200    0.0015706600    0.0000068400
  -0.0010384800    0.0002075300    0.0000055200
  -0.0012620900   -0.0007648400    0.0000066800
  -0.0014361100   -0.0015921800    0.0000180100
   0.0004017700   -0.0022171100   -0.0000463200
   0.0060717700   -0.0052783000    0.0012222000
   0.0034528100   -0.0007664800   -0.0002048600
   0.0059215000    0.0033663900    0.0010875300
  -0.0007294300    0.0024858900    0.0000119500
  -0.0024479400    0.0019242500    0.0000152500
  -0.0028669700    0.0005051100    0.0000068600
  -0.0021478600   -0.0008544300    0.0000066700
  -0.0031999600   -0.0023522800    0.0000167600
  -0.0033258100   -0.0036398000    0.0000247200
  -0.0130097300   -0.0094073700   -0.0003075500
   0.0265258900   -0.0552801000   -0.0002178100
   0.0282504100    0.0519807100   -0.0006347700
  -0.0071277900    0.0072157200   -0.0001705600
  -0.0065078200    0.0042989400    0.0000121100
  -0.0046946200    0.0019022500    0.0000184100
  -0.0034696900   -0.0000063700    0.0000057400
  -0.0039696300   -0.0020109100    0.0000180800
  -0.0072729600   -0.0049537500    0.0000245200
  -0.0133221800   -0.0061897800    0.0012087800
  -0.1047620700   -0.0219682500   -0.0000260500
   1.2352382700    0.0024168700    0.2623684200
  -0.1052284100    0.0184556800   -0.0026535600
  -0.0139645400    0.0083323000    0.0014850800
  -0.0058991800    0.0021030200   -0.0000836700
  -0.0045047600    0.0008611900    0.0000189200
  -0.0041617700    0.0000126900    0.0000110200
  -0.0059043100   -0.0019598400   -0.0000448600
  -0.0064112900    0.0003321900    0.0000209300
  -0.0109577100    0.0097017400   -0.0001915100
   0.0285178800    0.0965608300    0.0001719400
   0.0193153700   -0.0946746500   -0.0019929200
  -0.0047420700    0.0007978300    0.0000750400
  -0.0039868400    0.0004029800    0.0000133300
  -0.0034647900   -0.0000270700    0.0000061000
  -0.0041562400   -0.0005118100    0.0000182800
  -0.0029613500    0.0017292400    0.0000173900
  -0.0021187700    0.0062596800    0.0000158800
   0.0052439200    0.0163167200    0.0010638000
   0.0047406200    0.0055237000   -0.0001759300
   0.0060708900   -0.0198198200    0.0014728200
  -0.0002005700   -0.0060623000    0.0000750200
  -0.0034023400   -0.0021398600    0.0000174900
  -0.0023261000   -0.0006513500    0.0000066500
  -0.0027065500    0.0002172400    0.0000066300
  -0.0010203400    0.0009171600    0.0000066200
  -0.0014374500    0.0028244000    0.0000178100
   0.0007927100    0.0054740400   -0.0000266900
   0.0024327100    0.0055966800    0.0000129400
   0.0018506100   -0.0042699300    0.0000115900
   0.0010567700   -0.0060323600   -0.0000826800
  -0.0005062700   -0.0035696800    0.0000134500
  -0.0015562700   -0.0009613600    0.0000066400
  -0.0014197900    0.0000151400    0.0000056200
  -0.0005845600    0.0009898600    0.0000065600
  -0.0003923200    0.0016012300    0.0000065400
   0.0001079300    0.0031912800    0.0000103700
   0.0009290300    0.0026844700    0.0000180200
   0.0008640900    0.0003122900    0.0000153900
   0.0004251100   -0.0033775500    0.0000186700
  -0.0000162200   -0.0035098600    0.0000189300
  -0.0004770600   -0.0019227300    0.0000060600
  -0.0008223200   -0.0006395900    0.0000065800
   0.0001950400    0.0000557100    0.0000172600
  -0.0000772300    0.0007776600    0.0000177300
   0.0006704900    0.0016067600    0.0000102700
   0.0001239100    0.0020354200    0.0000063900
   0.0003825800    0.0012762000    0.0000069100
  -0.0006074300   -0.0009427700    0.0000069000
  -0.0005041300   -0.0017308200    0.0000057400
   0.0000981200   -0.0022047400    0.0000110500
  -0.0002512100   -0.0009274400    0.0000182200
  -0.0012649500   -0.0001189200   -0.0004804300
  -0.0022292700   -0.0012882200   -0.0003171400
  -0.0001650800   -0.0026688700   -0.0000043300
   0.0002464300   -0.0026044600   -0.0000120200
   0.0016112500   -0.0004099200   -0.0000065200
   0.0011170100    0.0005981500   -0.0000066000
   0.0014127000    0.0015197200   -0.0000124500
   0.0008402700    0.0034739700   -0.0000077300
  -0.0025013800    0.0027750500   -0.0003946800
  -0.0141738100   -0.0013865600    0.0057970700
  -0.0136943000    0.0034563900    0.0051268200
  -0.0005288800   -0.0070915200   -0.0001498300
   0.0016310800   -0.0038682100   -0.0000225100
   0.0027210500   -0.0013123200   -0.0000120700
   0.0023655800    0.0003817200   -0.0000072600
   0.0022683800    0.0017600900   -0.0000124700
   0.0036974900    0.0042419500   -0.0000291800
   0.0010633900    0.0096343700   -0.0000821900
   0.0057335300    0.0332809600   -0.0045687200
  -0.1864489900    0.0064012000   -0.0937402900
   0.0034756400   -0.0270309400   -0.0033234700
   0.0067774100   -0.0073901800   -0.0001557800
   0.0053693000   -0.0027163700   -0.0000023300
   0.0043239200   -0.0009660000   -0.0000135100
   0.0032520900    0.0002420800   -0.0000121400
   0.0052084300    0.0019627000   -0.0000079000
   0.0092641300    0.0057975800   -0.0000841900
   0.0229000600   -0.0075433800    0.0057122000
  -0.4526982600    0.1548804700   -0.0887741800
  -0.4719985700   -0.1623299700   -0.0959975800
   0.0292420800   -0.0030209100    0.0044026800
   0.0084633400   -0.0000693400   -0.0004568500
   0.0053413500   -0.0002246800    0.0000164000
   0.0037970200   -0.0003537700   -0.0000100900
   0.0048155100   -0.0004343400   -0.0000027200
   0.0082730600   -0.0007733300   -0.0003877600
   0.0083126300   -0.0053619400   -0.0004757000
   0.0104055800   -0.0279693100    0.0050276500
  -0.0468178500   -0.0080546000   -0.0034035700
   0.0091254700    0.0362333700    0.0043766500
  -0.0025248400   -0.0001772800   -0.0002806100
   0.0055653300    0.0005329900    0.0000170700
   0.0036564800    0.0006496900   -0.0000132500
   0.0040825200    0.0004978400   -0.0000120800
   0.0051109800   -0.0013516500    0.0000218000
   0.0027787000   -0.0040341200    0.0000183700
   0.0013381000   -0.0075891400   -0.0003125900
  -0.0071585400   -0.0065758400   -0.0001475600
  -0.0100883800    0.0049979500   -0.0001526200
   0.0016851700    0.0081840900   -0.0004568400
   0.0026623600    0.0046743600    0.0000171400
   0.0029185700    0.0013404200   -0.0000137000
   0.0025654000    0.0000886300   -0.0000051100
   0.0032991200   -0.0019218300   -0.0000146500
   0.0015145500   -0.0021589000   -0.0000117200
   0.0002600400   -0.0029662100   -0.0000092700
  -0.0015409100   -0.0035372100   -0.0000049500
  -0.0043219900   -0.0006904500   -0.0000233200
  -0.0022296300    0.0042564400   -0.0000025200
   0.0009076300    0.0041528700    0.0000163500
   0.0018160000    0.0019000000   -0.0000133100
   0.0016423100    0.0005903000   -0.0000050900
   0.0019343700   -0.0003087100   -0.0000051200
   0.0002524200   -0.0008561900   -0.0000117100
   0.0007125200   -0.0017491800   -0.0000070500
   0.0000029400   -0.0015086100   -0.0000119600
  -0.0020489000   -0.0014050600   -0.0000120700
  -0.0008230300    0.0009433000   -0.0000121600
  -0.0001876500    0.0029795200   -0.0000135700
   0.0001296300    0.0021610200   -0.0000101200
   0.0016558100    0.0010509400   -0.0000120800
   0.0002648200    0.0007017200   -0.0000146400
  -0.0011467900   -0.0004757700    0.0000193000
  -0.0002675300   -0.0019527800   -0.0000090000
   0.0007887100   -0.0019667300   -0.0000119000
  -0.0003356100   -0.0015391900   -0.0000073900
   0.0004984000    0.0001922400   -0.0000066100
   0.0006655900    0.0009715900   -0.0000072800
   0.0000697800    0.0018562000   -0.0000121300
  -0.0004247900    0.0023325200   -0.0000021700
   0.0000597300    0.0007080600    0.0000227600

31   
  0.0234443241590582   0.0000000000000033   0.0187180037590817
  -0.0006405400    0.0035660700    0.0000418300
  -0.0020258000    0.0023362800   -0.0000241300
  -0.0026880700    0.0006768800   -0.0000156900
  -0.0015559400   -0.0008496100    0.0000271800
   0.0007377600   -0.0008338100   -0.0000110800
   0.0014353600   -0.0003309500   -0.0000062400
   0.0017342900    0.0012484400   -0.0000054200
   0.0015193100    0.0026053400   -0.0000065900
   0.0014261800    0.0030946500   -0.0000156100
   0.0040371100    0.0038498900   -0.0000401300
  -0.0039930300    0.0058361100   -0.0010896700
  -0.0045142900    0.0027584400    0.0002228700
  -0.0077592100   -0.0027497200   -0.0010005000
   0.0004213400   -0.0025877100   -0.0000203000
   0.0021089700   -0.0020492200   -0.0000201800
   0.0032161300   -0.0005908600   -0.0000055700
   0.0029484200    0.0009648800   -0.0000064000
   0.0031199800    0.0025737400   -0.0000149100
   0.0074212800    0.0043906400   -0.0000237300
   0.0155213200    0.0101202000    0.0004260900
  -0.0161422500    0.0556028600   -0.0003803700
  -0.0363928400   -0.0412575900   -0.0008253800
   0.0060890100   -0.0077718200   -0.0003034000
   0.0057514700   -0.0044586600    0.0000497100
   0.0043904900   -0.0018900400   -0.0000203200
   0.0040558500   -0.0005839700   -0.0000055600
   0.0042165300    0.0010265200   -0.0000180200
   0.0055899300    0.0012401100    0.0000628100
   0.0134522700    0.0056004100   -0.0013927900
   0.1042729100    0.0218011700    0.0024832800
  -1.3019705900   -0.0835882900   -0.2363006300
   0.0766901400   -0.0156546400    0.0074600700
   0.0149178400   -0.0087480400   -0.0013746900
   0.0059625900   -0.0023212600    0.0000571500
   0.0043062400   -0.0004788200   -0.0000137300
   0.0041638200   -0.0003461900   -0.0000118900
   0.0036353100   -0.0016890000   -0.0000167500
   0.0046263800   -0.0032515800   -0.0000301900
   0.0060676000   -0.0175841000    0.0002538400
  -0.0224062500   -0.1159644100   -0.0014882500
   0.0058040000   -0.0027252700    0.0002200900
   0.0071665900   -0.0018939300   -0.0001633900
   0.0048172200   -0.0008435900    0.0000132500
   0.0036320000   -0.0012059900   -0.0000092700
   0.0023410600   -0.0011399400   -0.0000060500
   0.0020035600   -0.0027925000   -0.0000170500
  -0.0001690700   -0.0066293700   -0.0000065400
  -0.0068861400   -0.0121818500   -0.0009539600
   0.0072635900    0.0014283300    0.0002656900
  -0.0150154900    0.0231481000   -0.0001073000
   0.0041221000    0.0057396900   -0.0000459000
   0.0041580800    0.0016199200   -0.0000189900
   0.0029114700    0.0000366900   -0.0000071900
   0.0018940200   -0.0002145000   -0.0000053000
   0.0005019100   -0.0015155400   -0.0000064600
   0.0001482300   -0.0026341500   -0.0000176700
  -0.0017295500   -0.0034152200    0.0000122300
  -0.0010466100   -0.0016716500   -0.0000337400
  -0.0019208100    0.0056940000   -0.0000753200
  -0.0018026300    0.0087283900    0.0000162700
   0.0020010500    0.0042427800   -0.0000056400
   0.0020092300    0.0016496500   -0.0000071300
   0.0004656800    0.0016976000   -0.0000062700
   0.0002062400   -0.0000958700   -0.0000063400
   0.0000733000   -0.0005288900   -0.0000062900
  -0.0001580200   -0.0016524100   -0.0000088800
  -0.0006381600   -0.0008321500   -0.0000155300
  -0.0009085500    0.0008914900   -0.0000108500
  -0.0001233700    0.0037688900   -0.0000117900
   0.0003995900    0.0042861900   -0.0000157700
   0.0006401800    0.0026498700   -0.0000065100
  -0.0004916100    0.0023553800   -0.0000167000
  -0.0013274400    0.0007779000   -0.0000159800
  -0.0002877000   -0.0003779600   -0.0000162600
  -0.0001439100   -0.0007310000   -0.0000103100
   0.0006057200   -0.0004102100   -0.0000070100
  -0.0000631400    0.0001645200   -0.0000072000
   0.0004704900    0.0022313500   -0.0000069700
   0.0011396800    0.0029076900   -0.0000063300
   0.0000593900    0.0033669100   -0.0000112900
   0.0021824200   -0.0043768100    0.0003705400
   0.0024317700   -0.0019632600    0.0004222300
   0.0029128900    0.0006471600    0.0003134500
  -0.0001455900    0.0016920000    0.0000125300
  -0.0002977900    0.0019335700    0.0000121300
  -0.0014515700    0.0002216500    0.0000057800
  -0.0015156600   -0.0017573100    0.0000061900
  -0.0016120600   -0.0026774200    0.0000113200
  -0.0017065100   -0.0038716200    0.0000104000
  -0.0024668700   -0.0093173500    0.0000349700
   0.0119115700   -0.0025727100   -0.0054923200
   0.0154709400   -0.0067672800   -0.0049686500
   0.0017766200    0.0066166400    0.0002148400
  -0.0015462200    0.0043340500    0.0000011100
  -0.0026132700    0.0020374200    0.0000131500
  -0.0032003600    0.0003154000    0.0000066100
  -0.0025590100   -0.0011975100    0.0000118500
  -0.0037650300   -0.0035670400    0.0000295000
  -0.0107827700   -0.0054118600    0.0000895200
  -0.0112425600   -0.0336553000    0.0047583600
   0.1602242500   -0.0265130500    0.0888488100
   0.0087938300    0.0275203700    0.0004188100
  -0.0064021200    0.0076316200    0.0002901800
  -0.0042032900    0.0021932000   -0.0000047600
  -0.0042226200    0.0006521200    0.0000118200
  -0.0038584600    0.0001038300    0.0000119600
  -0.0051011000   -0.0013889400    0.0000026100
  -0.0078230600    0.0015817100    0.0004518700
  -0.0258552400    0.0119556500   -0.0064684400
   0.3942926300   -0.1175361300    0.0939404400
   0.6275893100    0.2845380800    0.0644197600
  -0.0195641200   -0.0048699100   -0.0049652300
  -0.0073362300    0.0013102100    0.0003520500
  -0.0051426200    0.0004144400   -0.0000050900
  -0.0040703300   -0.0000009200    0.0000086300
  -0.0047030800    0.0001419200   -0.0000010100
  -0.0043142000    0.0034279200   -0.0000227900
  -0.0046685400    0.0081114100    0.0004551100
  -0.0014160900    0.0316068400   -0.0043585100
  -0.0049298100    0.0382467400    0.0025634400
   0.0205464000   -0.0100549900    0.0026017300
  -0.0101767800   -0.0011292000   -0.0005936500
  -0.0066361700   -0.0004457200    0.0001159500
  -0.0038843900    0.0008346200   -0.0000017300
  -0.0036528400    0.0012695900    0.0000121400
  -0.0027270300    0.0007536600    0.0000131700
  -0.0014652200    0.0032166000   -0.0000139100
   0.0010926500    0.0059008300    0.0002449200
   0.0043627000   -0.0014468500    0.0000562100
   0.0088936700   -0.0062064000    0.0000023400
  -0.0008188100   -0.0135400600   -0.0000008300
  -0.0043833600   -0.0038391700    0.0000594100
  -0.0036807700   -0.0014252600   -0.0000003600
  -0.0023970400   -0.0006753600    0.0000069400
  -0.0013299000   -0.0001648700    0.0000050600
  -0.0011553700    0.0015867800    0.0000108100
   0.0003994400    0.0020032200    0.0000140600
   0.0020156900    0.0002111700    0.0000150600
   0.0034334900   -0.0008757200    0.0000330600
   0.0018205200   -0.0046572800    0.0000311100
  -0.0014241100   -0.0058802400   -0.0000006000
  -0.0022827800   -0.0028213800    0.0000061800
  -0.0015401400   -0.0009219800    0.0000064300
  -0.0007961400   -0.0007061500    0.0000123100
   0.0001668000    0.0004798800    0.0000105600
   0.0003795200    0.0016355000    0.0000066100
  -0.0002157600    0.0005000700    0.0000116000
   0.0015971600   -0.0003348900    0.0000107500
   0.0009290600   -0.0015926300    0.0000107200
  -0.0007078100   -0.0035008000    0.0000101300
  -0.0000927900   -0.0035515100    0.0000116500
  -0.0012675200   -0.0015678200    0.0000110900
  -0.0002811600   -0.0020523400   -0.0000175500
   0.0008313200   -0.0008642900   -0.0000139800
   0.0013542500    0.0007534700    0.0000065400
  -0.0002815300    0.0008920000    0.0000089300
   0.0004304500    0.0006851900    0.0000069900
   0.0002049400   -0.0012244000    0.0000064100
  -0.0009824900   -0.0025458900    0.0000071700
  -0.0013089000   -0.0027844200    0.0000112400
   0.0000915300   -0.0033081500    0.0000010800

31   
 -0.0234443241590582  -0.0000000000000033  -0.0187180037590817
  -0.0007762200   -0.0028634000   -0.0000412400
   0.0014191700   -0.0018153400    0.0000243600
   0.0028018400   -0.0007185700    0.0000151600
   0.0020890100    0.0012981900   -0.0000274700
   0.0005508000    0.0016184500    0.0000116300
  -0.0006330800    0.0008463000    0.0000059100
  -0.0012520100    0.0000229700    0.0000053900
  -0.0021358700   -0.0012822900    0.0000066400
  -0.0020012200   -0.0026001900    0.0000159700
  -0.0037265500   -0.0045669800    0.0000411900
   0.0037375700   -0.0062673400    0.0010691600
   0.0038855300   -0.0031826700   -0.0002235200
   0.0083734200    0.0020476600    0.0010280600
  -0.0000411600    0.0021988300    0.0000098500
  -0.0024534800    0.0015118900    0.0000215900
  -0.0019243600    0.0002859900    0.0000053200
  -0.0029737000   -0.0010974600    0.0000065000
  -0.0044455700   -0.0027711600    0.0000150600
  -0.0083321300   -0.0048033600    0.0000261300
  -0.0151262200   -0.0101810300   -0.0004306800
   0.0176306300   -0.0563963100    0.0015942700
   0.0355352900    0.0419034600   -0.0004572200
  -0.0062084700    0.0073495900    0.0003814200
  -0.0062076700    0.0045378200   -0.0000587200
  -0.0038177500    0.0015539900    0.0000203600
  -0.0032657800   -0.0004627500    0.0000055000
  -0.0049605100   -0.0020175100    0.0000182900
  -0.0060266200   -0.0007668600   -0.0000595200
  -0.0135659300   -0.0052803200    0.0013410500
  -0.1092403700   -0.0225368700   -0.0008983500
   1.2899099100   -0.0005333600    0.2410811200
  -0.0736189400    0.0156280700   -0.0098875700
  -0.0136409000    0.0080611600    0.0014928500
  -0.0061960200    0.0026886800   -0.0000649100
  -0.0040915000    0.0010438100    0.0000139200
  -0.0040801400   -0.0004440400    0.0000120900
  -0.0038260000   -0.0000586000    0.0000170300
  -0.0052278000    0.0028514400    0.0000324200
  -0.0067086700    0.0177286500   -0.0002251500
   0.0240707100    0.1169150600    0.0018843400
  -0.0059099400    0.0015953500   -0.0002717600
  -0.0065518400    0.0016866400    0.0001665000
  -0.0042805100    0.0003910100   -0.0000138800
  -0.0035060500   -0.0004093300    0.0000092700
  -0.0024739200    0.0002338700    0.0000061100
  -0.0019792000    0.0021560900    0.0000173400
  -0.0006695900    0.0065383400    0.0000091400
   0.0074130900    0.0121984100    0.0009298200
  -0.0070197100   -0.0013844100   -0.0002264200
   0.0143910200   -0.0229782100    0.0001096100
  -0.0046526500   -0.0059310000    0.0000453400
  -0.0032100500   -0.0018843800    0.0000189100
  -0.0028428000   -0.0006449100    0.0000071200
  -0.0010359500   -0.0005999000    0.0000052500
  -0.0014879200    0.0007763500    0.0000065300
  -0.0002102400    0.0028418700    0.0000177700
   0.0014999300    0.0044474600   -0.0000096700
   0.0005961600    0.0022764300    0.0000284900
   0.0020325100   -0.0042307100    0.0000747100
   0.0020987100   -0.0081234800   -0.0000176900
  -0.0018666000   -0.0032006200    0.0000052600
  -0.0017155200   -0.0014800600    0.0000070200
  -0.0007356900   -0.0006474500    0.0000062000
  -0.0002119200   -0.0000016500    0.0000062900
   0.0002056900    0.0017273200    0.0000063300
   0.0007678900    0.0018616000    0.0000089500
   0.0005864600    0.0013127800    0.0000161200
   0.0006611300   -0.0012971000    0.0000115100
   0.0003884500   -0.0043035700    0.0000117900
  -0.0003868700   -0.0037986000    0.0000159800
  -0.0012402400   -0.0023323000    0.0000065200
  -0.0004523500   -0.0017561400    0.0000168700
   0.0001991600   -0.0010599900    0.0000160300
   0.0015388300    0.0001699100    0.0000162800
   0.0008718500    0.0013462200    0.0000099800
   0.0006796700    0.0013686200    0.0000069400
  -0.0004756900   -0.0000240200    0.0000071400
  -0.0005789000   -0.0013022100    0.0000069400
  -0.0004897500   -0.0028491000    0.0000063100
  -0.0012510800   -0.0023420900    0.0000113400
  -0.0005404200    0.0032040200   -0.0003743700
  -0.0021080600    0.0023823200   -0.0004244100
  -0.0033310500   -0.0002619600   -0.0003073000
  -0.0013608600   -0.0028680400   -0.0000102900
   0.0009785500   -0.0012885900   -0.0000124200
   0.0009337000   -0.0004435100   -0.0000057600
   0.0016079400    0.0004198500   -0.0000063500
   0.0020571200    0.0025430500   -0.0000114900
   0.0009160900    0.0044915100   -0.0000112300
   0.0023684300    0.0103150000   -0.0000281400
  -0.0111271500    0.0023773400    0.0054475700
  -0.0153669800    0.0064206200    0.0049830000
  -0.0028030500   -0.0064115100   -0.0002405700
   0.0017334800   -0.0035103500    0.0000034700
   0.0021354400   -0.0010165300   -0.0000133300
   0.0020190400    0.0003592200   -0.0000066900
   0.0038709100    0.0018475900   -0.0000119900
   0.0040709500    0.0046379300   -0.0000310900
   0.0099761900    0.0050845200   -0.0000827500
   0.0104500300    0.0335313400   -0.0049237700
  -0.1617251400    0.0342342000   -0.0889952500
  -0.0077681000   -0.0280699400   -0.0001525600
   0.0068119000   -0.0081243600   -0.0003105800
   0.0051026900   -0.0027345800    0.0000068600
   0.0030710600   -0.0008176300   -0.0000119400
   0.0039072300    0.0004404500   -0.0000120800
   0.0062912900    0.0011411500   -0.0000042000
   0.0087764300   -0.0019833700   -0.0004431200
   0.0250307000   -0.0119466800    0.0062856600
  -0.4477893000    0.1513057900   -0.0851704600
  -0.5605454000   -0.2426406400   -0.0773645200
   0.0195384300    0.0053036500    0.0052319000
   0.0079849200   -0.0010522600   -0.0003725100
   0.0044244300   -0.0008299500    0.0000066000
   0.0039474500   -0.0007110900   -0.0000088200
   0.0048166700   -0.0009348300    0.0000006900
   0.0042243700   -0.0014498100    0.0000216800
   0.0057467700   -0.0073908700   -0.0004509400
   0.0008067900   -0.0314650300    0.0042187800
   0.0037191700   -0.0379721600   -0.0025495800
  -0.0197617600    0.0109477900   -0.0026800800
   0.0103228200    0.0014946300    0.0006196700
   0.0056384500    0.0013086800   -0.0001177800
   0.0041815400    0.0011523000    0.0000018200
   0.0035632100   -0.0000943400   -0.0000122700
   0.0020757000   -0.0017712100   -0.0000132700
   0.0021068200   -0.0032221900    0.0000123100
  -0.0009615000   -0.0062016700   -0.0002342900
  -0.0048583400    0.0015707800   -0.0000759700
  -0.0087394100    0.0054793100    0.0000005700
   0.0012584200    0.0134418800    0.0000013200
   0.0041159600    0.0036619900   -0.0000604300
   0.0031172400    0.0015143400    0.0000005900
   0.0030383500   -0.0004455400   -0.0000071100
   0.0014162700   -0.0004692000   -0.0000051700
   0.0004939400   -0.0011301200   -0.0000108700
  -0.0002268200   -0.0025590700   -0.0000149300
  -0.0022329000   -0.0013615800   -0.0000137200
  -0.0038713800    0.0014762500   -0.0000322700
  -0.0014451700    0.0051938200   -0.0000313500
   0.0017226500    0.0046686100    0.0000011800
   0.0020804500    0.0023755000   -0.0000061600
   0.0020865800    0.0013293500   -0.0000064800
   0.0002092300    0.0009620100   -0.0000124800
   0.0004995100   -0.0002688700   -0.0000105600
   0.0000669700   -0.0006793500   -0.0000065400
  -0.0015674500   -0.0014051100   -0.0000118300
  -0.0006863800   -0.0001831600   -0.0000110600
  -0.0010446000    0.0025099100   -0.0000108200
  -0.0001580000    0.0030204800   -0.0000101900
   0.0020151000    0.0026355300   -0.0000116900
   0.0006054100    0.0025164700   -0.0000112900
  -0.0009361700    0.0019671800    0.0000179700
  -0.0008378500    0.0000817400    0.0000141600
  -0.0001524600   -0.0009482200   -0.0000073700
  -0.0007705900   -0.0015114500   -0.0000089000
   0.0004163000   -0.0004294600   -0.0000070600
   0.0005363300    0.0001871000   -0.0000065200
   0.0002105700    0.0016175500   -0.0000073100
   0.0004996100    0.0030813100   -0.0000113600
   0.0009258700    0.0025775900   -0.0000007100

31   
 -0.0149999999993716   0.0259807621138959   0.0000000000000000
   0.0038181200    0.0011324500    0.0000000000
   0.0039491400    0.0042335800    0.0000000000
  -0.0018155400    0.0046504400    0.0000000000
  -0.0029888100    0.0036192600    0.0000000000
  -0.0021438000    0.0027032300    0.0000000000
  -0.0013492800    0.0016651700    0.0000000000
  -0.0006523500    0.0011870500    0.0000000000
  -0.0002731400    0.0004500100    0.0000000000
   0.0014578300   -0.0000125100    0.0000000000
   0.0036461800   -0.0013685200    0.0000000000
   0.0173917100    0.0014079100    0.0000000000
   0.0009644500    0.0118135500    0.0000000000
  -0.0087048000    0.0060731800    0.0000000000
  -0.0058317700    0.0029433700    0.0000000000
  -0.0032517800    0.0010051900    0.0000000000
  -0.0012708000    0.0001372100    0.0000000000
  -0.0014640700   -0.0007017800    0.0000000000
  -0.0013035700   -0.0016421500    0.0000000000
  -0.0052587800   -0.0053120400    0.0000000000
  -0.0021112600   -0.0049456000    0.0000000000
   0.1017917300    0.0257736600    0.0000000000
  -0.0699040200    0.0843649400    0.0000000000
  -0.0117700800    0.0068035200    0.0000000000
  -0.0037857000    0.0006008300    0.0000000000
  -0.0020416300   -0.0002495900    0.0000000000
  -0.0018670900   -0.0011848800    0.0000000000
  -0.0033447200   -0.0025908200    0.0000000000
  -0.0057023800   -0.0032573400    0.0000000000
  -0.0157401600   -0.0157267400    0.0000000000
  -0.0900302200   -0.0843368700    0.0000000000
   0.8438463000   -1.0577398600    0.0000000000
  -0.0312584800   -0.0462289500    0.0000000000
   0.0003746500   -0.0086051400    0.0000000000
  -0.0020068300   -0.0010657400    0.0000000000
  -0.0021361900   -0.0002406500    0.0000000000
  -0.0029987300   -0.0014818300    0.0000000000
  -0.0038151500   -0.0010659900    0.0000000000
  -0.0070614300    0.0006626400    0.0000000000
  -0.0102922500    0.0162372500    0.0000000000
  -0.0339846700    0.1537108000    0.0000000000
  -0.0009878200    0.0093372900    0.0000000000
  -0.0012559800    0.0011133000    0.0000000000
  -0.0014952600   -0.0003029300    0.0000000000
  -0.0022741700   -0.0009234400    0.0000000000
  -0.0022102000    0.0004489800    0.0000000000
  -0.0028540700    0.0019975800    0.0000000000
  -0.0025352200    0.0065118300    0.0000000000
   0.0031614200    0.0130574200    0.0000000000
  -0.0082950600    0.0062767200    0.0000000000
   0.0134746300   -0.0139153100    0.0000000000
  -0.0018338700   -0.0020604400    0.0000000000
  -0.0007109900   -0.0003917300    0.0000000000
  -0.0014291900    0.0000008000    0.0000000000
  -0.0006130600    0.0007906300    0.0000000000
  -0.0020647000    0.0017643500    0.0000000000
  -0.0015014100    0.0036947400    0.0000000000
  -0.0003206700    0.0058143900    0.0000000000
  -0.0001577400    0.0059460300    0.0000000000
   0.0018583700    0.0016896500    0.0000000000
   0.0029086200   -0.0030234800    0.0000000000
   0.0000149800   -0.0002772600    0.0000000000
  -0.0003197300    0.0004539000    0.0000000000
  -0.0000050500    0.0018868300    0.0000000000
  -0.0008388400    0.0020963200    0.0000000000
  -0.0011945000    0.0033238300    0.0000000000
  -0.0007468200    0.0033455500    0.0000000000
  -0.0004083800    0.0034470700    0.0000000000
   0.0004807200    0.0019901600    0.0000000000
   0.0011782900   -0.0004941000    0.0000000000
   0.0011366100   -0.0004260100    0.0000000000
   0.0003842300    0.0004940200    0.0000000000
   0.0014825400    0.0018094800    0.0000000000
  -0.0002378400    0.0025931100    0.0000000000
  -0.0008337200    0.0028469600    0.0000000000
  -0.0014272600    0.0030698300    0.0000000000
  -0.0007066800    0.0028460300    0.0000000000
  -0.0008199500    0.0018181500    0.0000000000
   0.0001510000    0.0011183500    0.0000000000
   0.0012631600   -0.0000704700    0.0000000000
   0.0011208000    0.0007631100    0.0000000000
  -0.0047473300   -0.0039213200    0.0000000000
  -0.0010131200   -0.0083785500    0.0000000000
   0.0026773400   -0.0053334800    0.0000000000
   0.0024029100   -0.0035125200    0.0000000000
   0.0025464100   -0.0010260200    0.0000000000
   0.0009800700   -0.0005478000    0.0000000000
   0.0004460100   -0.0002048800    0.0000000000
  -0.0005096000    0.0012593200    0.0000000000
  -0.0032261700    0.0014331200    0.0000000000
  -0.0076242300    0.0072338000    0.0000000000
  -0.0183260100   -0.0238924500    0.0000000000
   0.0031388100   -0.0187744700    0.0000000000
   0.0069028600   -0.0038780400    0.0000000000
   0.0042322400   -0.0002462700    0.0000000000
   0.0020783000    0.0004384600    0.0000000000
   0.0009975300    0.0008744800    0.0000000000
   0.0017365500    0.0021567500    0.0000000000
  -0.0005552900    0.0049043200    0.0000000000
   0.0028434400    0.0108726000    0.0000000000
  -0.0247684300    0.0534174700    0.0000000000
  -0.0918025000    0.4431475200    0.0000000000
   0.0303261500    0.0110634700    0.0000000000
   0.0075535200    0.0028010500    0.0000000000
   0.0033471100    0.0004267100    0.0000000000
   0.0016557100    0.0003686600    0.0000000000
   0.0024318500    0.0013332300    0.0000000000
   0.0039403400    0.0029778400    0.0000000000
   0.0099512800    0.0013064300    0.0000000000
   0.0411556400   -0.0010541700    0.0000000000
  -0.4911416300    0.3777350900    0.0000000000
  -0.1303367600    0.0869591700    0.0000000000
  -0.0112892300    0.0073759600    0.0000000000
   0.0006326100    0.0012780800    0.0000000000
   0.0016304500    0.0001834000    0.0000000000
   0.0024830700   -0.0000808700    0.0000000000
   0.0040917500    0.0002385900    0.0000000000
   0.0048865200   -0.0009488900    0.0000000000
   0.0087459100   -0.0066510500    0.0000000000
   0.0057488800   -0.0214881500    0.0000000000
  -0.0014404000   -0.0341265500    0.0000000000
  -0.0154547700    0.0084509600    0.0000000000
   0.0037507100   -0.0011008800    0.0000000000
   0.0016126100    0.0003965800    0.0000000000
   0.0022336000    0.0007729400    0.0000000000
   0.0028830200   -0.0001026200    0.0000000000
   0.0023418600   -0.0025429900    0.0000000000
   0.0035517200   -0.0038639800    0.0000000000
   0.0016052900   -0.0068397500    0.0000000000
  -0.0018556400   -0.0026464400    0.0000000000
  -0.0084266800   -0.0013416500    0.0000000000
  -0.0009113300    0.0073716600    0.0000000000
   0.0010726700    0.0007517700    0.0000000000
   0.0010518300   -0.0002348800    0.0000000000
   0.0021591800   -0.0016237200    0.0000000000
   0.0014792700   -0.0023537000    0.0000000000
   0.0014756100   -0.0025787900    0.0000000000
   0.0013978300   -0.0039411800    0.0000000000
  -0.0003747100   -0.0038155500    0.0000000000
  -0.0027900500   -0.0022796100    0.0000000000
  -0.0022463200    0.0008178700    0.0000000000
  -0.0002382100    0.0009024000    0.0000000000
   0.0002334600   -0.0004071800    0.0000000000
   0.0010879500   -0.0010095500    0.0000000000
   0.0001291400   -0.0023446400    0.0000000000
   0.0015851800   -0.0027428600    0.0000000000
   0.0016227700   -0.0023847500    0.0000000000
  -0.0001364900   -0.0030060100    0.0000000000
   0.0001545100   -0.0022763400    0.0000000000
  -0.0013012200   -0.0002490400    0.0000000000
  -0.0015312400   -0.0000144000    0.0000000000
   0.0001948400   -0.0005424700    0.0000000000
  -0.0007259400   -0.0008565900    0.0000000000
  -0.0018597100   -0.0034141500    0.0000000000
   0.0007311600   -0.0045835400    0.0000000000
   0.0024127200   -0.0033906600    0.0000000000
   0.0011206700   -0.0026762900    0.0000000000
   0.0013490700   -0.0014333700    0.0000000000
   0.0004116000   -0.0012203200    0.0000000000
  -0.0010431400   -0.0003250900    0.0000000000
  -0.0016856900    0.0004119300    0.0000000000
  -0.0014674700   -0.0013326100    0.0000000000

31   
  0.0149999999993716  -0.0259807621138959   0.0000000000000000
  -0.0053519400   -0.0005571100    0.0000000000
  -0.0046037700   -0.0038994700    0.0000000000
   0.0020926300   -0.0048344800    0.0000000000
   0.0036529300   -0.0032246600    0.0000000000
   0.0034965100   -0.0019369600    0.0000000000
   0.0021599600   -0.0011670400    0.0000000000
   0.0011065300    0.0000506700    0.0000000000
  -0.0004066800    0.0008157900    0.0000000000
  -0.0021340900    0.0004184000    0.0000000000
  -0.0035649900    0.0005200400    0.0000000000
  -0.0180495400   -0.0020868600    0.0000000000
  -0.0013545200   -0.0126984500    0.0000000000
   0.0097746200   -0.0069215000    0.0000000000
   0.0063614900   -0.0033318400    0.0000000000
   0.0029122400   -0.0015197900    0.0000000000
   0.0025279400   -0.0004374800    0.0000000000
   0.0013761300    0.0005497100    0.0000000000
  -0.0001397100    0.0013907500    0.0000000000
   0.0041820800    0.0048684600    0.0000000000
   0.0020180300    0.0046306200    0.0000000000
  -0.1027602800   -0.0268268800    0.0000000000
   0.0731509700   -0.0883632200    0.0000000000
   0.0118254700   -0.0072327600    0.0000000000
   0.0032310300   -0.0004019600    0.0000000000
   0.0025453500   -0.0000337100    0.0000000000
   0.0025964400    0.0001552400    0.0000000000
   0.0025209400    0.0016016600    0.0000000000
   0.0052120600    0.0037892500    0.0000000000
   0.0155488100    0.0162312100    0.0000000000
   0.0871157300    0.0838452200    0.0000000000
  -0.7243700000    1.1209218500    0.0000000000
   0.0301918600    0.0489660600    0.0000000000
   0.0003916700    0.0084426900    0.0000000000
   0.0016325200    0.0015412200    0.0000000000
   0.0022752100    0.0008422200    0.0000000000
   0.0030261100    0.0007183100    0.0000000000
   0.0035981300   -0.0006466600    0.0000000000
   0.0064639300   -0.0009672100    0.0000000000
   0.0097043500   -0.0157429800    0.0000000000
   0.0322997000   -0.1483616900    0.0000000000
   0.0007747500   -0.0107345300    0.0000000000
   0.0016802700   -0.0012892900    0.0000000000
   0.0019304100   -0.0001254600    0.0000000000
   0.0023457400   -0.0006749700    0.0000000000
   0.0020552500   -0.0013545600    0.0000000000
   0.0028863000   -0.0026093000    0.0000000000
   0.0017486700   -0.0065442400    0.0000000000
  -0.0025589300   -0.0130352200    0.0000000000
   0.0082321700   -0.0064058600    0.0000000000
  -0.0139207700    0.0137102900    0.0000000000
   0.0012259400    0.0017129700    0.0000000000
   0.0015742900    0.0000736100    0.0000000000
   0.0014442800   -0.0006277300    0.0000000000
   0.0014528900   -0.0016410700    0.0000000000
   0.0010876500   -0.0025187300    0.0000000000
   0.0014725300   -0.0034858200    0.0000000000
   0.0001413700   -0.0047952800    0.0000000000
  -0.0002978700   -0.0054433800    0.0000000000
  -0.0017395700   -0.0003639000    0.0000000000
  -0.0026050400    0.0034467000    0.0000000000
   0.0000657900    0.0012180900    0.0000000000
   0.0005690400   -0.0003447400    0.0000000000
  -0.0002838800   -0.0009089900    0.0000000000
   0.0008506900   -0.0022459300    0.0000000000
   0.0015106800   -0.0021562100    0.0000000000
   0.0013964900   -0.0031624000    0.0000000000
   0.0003796500   -0.0030181300    0.0000000000
  -0.0007204900   -0.0024797200    0.0000000000
  -0.0009327800   -0.0001489300    0.0000000000
  -0.0011592800    0.0008034300    0.0000000000
  -0.0010273900   -0.0002647500    0.0000000000
  -0.0024711200   -0.0013168800    0.0000000000
  -0.0008675700   -0.0029766300    0.0000000000
   0.0021552300   -0.0031193500    0.0000000000
   0.0022146900   -0.0024908600    0.0000000000
   0.0020243400   -0.0019193700    0.0000000000
   0.0002854000   -0.0017245800    0.0000000000
  -0.0002834200   -0.0002576100    0.0000000000
  -0.0006628600    0.0000429800    0.0000000000
  -0.0023736500    0.0001633800    0.0000000000
   0.0065027100    0.0029768400    0.0000000000
   0.0012737200    0.0091303700    0.0000000000
  -0.0032472000    0.0058153900    0.0000000000
  -0.0040051400    0.0023416800    0.0000000000
  -0.0018958900    0.0016553400    0.0000000000
  -0.0014860600    0.0003277200    0.0000000000
  -0.0003077600   -0.0011079300    0.0000000000
   0.0010380400   -0.0013380400    0.0000000000
   0.0025513600   -0.0006975400    0.0000000000
   0.0078091900   -0.0060668400    0.0000000000
   0.0194460000    0.0246624200    0.0000000000
  -0.0032133300    0.0188269800    0.0000000000
  -0.0082042100    0.0040160800    0.0000000000
  -0.0040954200    0.0009678600    0.0000000000
  -0.0025365900    0.0005387300    0.0000000000
  -0.0021304200   -0.0002113400    0.0000000000
  -0.0003388000   -0.0015018100    0.0000000000
   0.0010244700   -0.0037983000    0.0000000000
  -0.0033547300   -0.0112920500    0.0000000000
   0.0256853800   -0.0531962300    0.0000000000
   0.0856553000   -0.5372948700    0.0000000000
  -0.0305850700   -0.0129136500    0.0000000000
  -0.0071654500   -0.0036145600    0.0000000000
  -0.0023795700   -0.0010594000    0.0000000000
  -0.0027461200   -0.0005683100    0.0000000000
  -0.0023134100   -0.0008113500    0.0000000000
  -0.0026366100   -0.0032658900    0.0000000000
  -0.0089379500   -0.0018083000    0.0000000000
  -0.0416521900    0.0007452600    0.0000000000
   0.3973242800   -0.3383073300    0.0000000000
   0.1129856700   -0.0980516700    0.0000000000
   0.0120089600   -0.0067937100    0.0000000000
   0.0002300400   -0.0010866700    0.0000000000
  -0.0022488700   -0.0006301600    0.0000000000
  -0.0025392200   -0.0006508400    0.0000000000
  -0.0039205500   -0.0010680500    0.0000000000
  -0.0049606900    0.0028898800    0.0000000000
  -0.0076996800    0.0072576000    0.0000000000
  -0.0064495800    0.0214689900    0.0000000000
   0.0011048300    0.0340436900    0.0000000000
   0.0157796100   -0.0073372700    0.0000000000
  -0.0033942000    0.0015637300    0.0000000000
  -0.0024662300    0.0004972000    0.0000000000
  -0.0018587400    0.0012238800    0.0000000000
  -0.0029287200    0.0012714300    0.0000000000
  -0.0029811500    0.0015333000    0.0000000000
  -0.0029308100    0.0038457200    0.0000000000
  -0.0015365100    0.0065448300    0.0000000000
   0.0013805000    0.0029651100    0.0000000000
   0.0084888300    0.0007274300    0.0000000000
   0.0013669800   -0.0072313800    0.0000000000
  -0.0012409400   -0.0008266300    0.0000000000
  -0.0015402300    0.0003789000    0.0000000000
  -0.0014759500    0.0005325100    0.0000000000
  -0.0013844800    0.0017648500    0.0000000000
  -0.0021545600    0.0030601300    0.0000000000
  -0.0012663500    0.0034077000    0.0000000000
   0.0001073000    0.0027350500    0.0000000000
   0.0023193200    0.0029731800    0.0000000000
   0.0026248200   -0.0001601700    0.0000000000
   0.0005861300   -0.0019852700    0.0000000000
  -0.0003774100    0.0000495300    0.0000000000
  -0.0005045300    0.0014837600    0.0000000000
  -0.0007122500    0.0026905200    0.0000000000
  -0.0009452200    0.0030122600    0.0000000000
  -0.0012143700    0.0033749900    0.0000000000
  -0.0016832400    0.0021364000    0.0000000000
   0.0007353200    0.0018106300    0.0000000000
   0.0011911700    0.0012431300    0.0000000000
   0.0006999000   -0.0003730900    0.0000000000
   0.0017774200   -0.0002717700    0.0000000000
   0.0001019200    0.0019054600    0.0000000000
   0.0006597900    0.0034868600    0.0000000000
  -0.0007886900    0.0039248400    0.0000000000
  -0.0012766700    0.0032479300    0.0000000000
  -0.0022183600    0.0020779900    0.0000000000
  -0.0005205900    0.0017108400    0.0000000000
   0.0003397500    0.0002226200    0.0000000000
   0.0003103900   -0.0005409600    0.0000000000
   0.0009378700   -0.0000259300    0.0000000000
   0.0025479200    0.0007261300    0.0000000000

45   
 -0.0117221620790471   0.0203033802966008   0.0187180037590592
  -0.0023934200    0.0039446000   -0.0000115500
  -0.0010446300    0.0044175200   -0.0000183900
   0.0005041900    0.0034379500   -0.0000174300
   0.0015457300    0.0019455100   -0.0000183500
   0.0022248900    0.0013478300   -0.0000115300
   0.0017344700    0.0014227800   -0.0000064600
   0.0007315600    0.0024743800   -0.0000066400
  -0.0012074200    0.0031180500   -0.0000066300
  -0.0020491600    0.0031934100   -0.0000064900
  -0.0022030600    0.0028183000   -0.0000111400
  -0.0019477800    0.0026891900   -0.0000065300
  -0.0009658800    0.0021869000   -0.0000066900
   0.0007549600    0.0013811700   -0.0000066800
   0.0015763500    0.0009906500   -0.0000065400
   0.0020549600    0.0010860700   -0.0000112400
   0.0030011900    0.0022424900   -0.0000182300
   0.0003558700    0.0034401500   -0.0000174400
  -0.0025795800    0.0034319400   -0.0000182000
  -0.0046855000    0.0038003200    0.0000374200
  -0.0030496300    0.0026382800   -0.0000178000
  -0.0019592400    0.0015952100   -0.0000066400
  -0.0005882700    0.0015113000   -0.0000054000
   0.0006596900    0.0005217900   -0.0000067000
   0.0021249800    0.0008510300   -0.0000178800
   0.0053426200    0.0017291500    0.0000371600
   0.0050286000    0.0046689500   -0.0000166800
  -0.0028334900    0.0053757700   -0.0000162900
  -0.0118480200    0.0077787300   -0.0011879400
  -0.0067882800    0.0034458400   -0.0000162400
  -0.0038534300    0.0009840500   -0.0000172800
  -0.0020490600    0.0007345300   -0.0000059200
  -0.0004191700    0.0002481200   -0.0000059600
   0.0010400800   -0.0008537000   -0.0000172900
   0.0044729900    0.0003251800   -0.0000175500
   0.0179191000    0.0033353900   -0.0011757000
   0.0019223400    0.0138210700    0.0002160500
  -0.0690340600    0.0750617900    0.0014228600
  -0.0136813200    0.0051548200    0.0001994700
  -0.0043563100    0.0000790700   -0.0000171400
  -0.0020970300   -0.0012085500   -0.0000165300
  -0.0015984800   -0.0012016500   -0.0000167100
  -0.0019239400   -0.0037475600   -0.0000184600
   0.0023359900   -0.0034579300    0.0002071200
   0.0981792900    0.0223826600    0.0007904100
   0.6382218200   -1.0237278700   -0.2640017400
  -0.0323742800   -0.0515679300    0.0012167000
  -0.0013276200   -0.0076735200   -0.0011849100
  -0.0012307400   -0.0018217500    0.0000391500
  -0.0009179500   -0.0005957300   -0.0000098500
  -0.0016662300   -0.0013693100   -0.0000099700
  -0.0043838900   -0.0034978800    0.0000373400
  -0.0111254100   -0.0139964600   -0.0011550300
  -0.0697156500   -0.0734265600    0.0003652800
  -0.0329494200    0.1004577900   -0.0001666900
   0.0608736300    0.0013626600    0.0000509200
   0.0017157000   -0.0031971600    0.0002138600
   0.0003640500   -0.0017606500   -0.0000184500
  -0.0008695000   -0.0007003700   -0.0000175500
  -0.0015908000    0.0000580700   -0.0000064100
  -0.0029436000   -0.0006904800   -0.0000176300
  -0.0068214600   -0.0009088300   -0.0000198000
  -0.0132734000    0.0056894500    0.0001978700
  -0.0009211200    0.0146890900   -0.0011511200
   0.0018810700    0.0142454800    0.0002143400
   0.0072107700   -0.0026960400   -0.0011681200
   0.0019921700   -0.0015326200   -0.0000188100
   0.0003795400   -0.0004845600   -0.0000174800
  -0.0008150900   -0.0002843900   -0.0000066300
  -0.0017586400    0.0001487700   -0.0000066900
  -0.0032852800    0.0016206100   -0.0000176100
  -0.0042681100    0.0053108200   -0.0000198000
  -0.0019084500    0.0060030800    0.0000373400
  -0.0000239900    0.0074591100   -0.0000198400
   0.0023620000    0.0033675300   -0.0000197900
   0.0026914400    0.0005541700    0.0000389000
   0.0018863400    0.0005623200   -0.0000184300
   0.0000759900    0.0006208000   -0.0000066400
  -0.0007843500    0.0016329500   -0.0000057200
  -0.0014410100    0.0019899600   -0.0000067100
  -0.0027886700    0.0039276400   -0.0000184900
   0.0022460100   -0.0037600800    0.0000119900
   0.0002343800   -0.0026331300    0.0000126400
  -0.0013931500   -0.0017677400    0.0000126400
  -0.0023433900   -0.0018232100    0.0000119500
  -0.0011791100   -0.0009722100    0.0000079800
  -0.0012128100   -0.0022773800    0.0000121600
   0.0003020200   -0.0038177400    0.0000149000
   0.0017206700   -0.0034143700    0.0000121200
   0.0015517900   -0.0029462100    0.0000079100
   0.0021278900   -0.0022760500    0.0000117800
   0.0018064900   -0.0018655100    0.0000074000
  -0.0000265300   -0.0013812300    0.0000067000
  -0.0015396000   -0.0007524700    0.0000074100
  -0.0017368600   -0.0004434800    0.0000118200
  -0.0027378900   -0.0015496100    0.0000046200
  -0.0020936000   -0.0041364400   -0.0000218500
   0.0016039500   -0.0049056900   -0.0000218500
   0.0024997300   -0.0033474100    0.0000048400
   0.0034649000   -0.0033364000    0.0000092200
   0.0023879900   -0.0017095700    0.0000125000
   0.0013118400   -0.0008271200    0.0000064800
  -0.0000891000   -0.0004090800    0.0000065100
  -0.0012030100    0.0000280800    0.0000125300
  -0.0030241100   -0.0003246700    0.0000097700
  -0.0066278400   -0.0046991100    0.0003576700
  -0.0010639300   -0.0103123100    0.0004829400
   0.0043812300   -0.0068687100    0.0003557100
   0.0094103100   -0.0040224900    0.0001092300
   0.0042394500   -0.0002339700    0.0000267500
   0.0027062500    0.0003270200    0.0000125200
   0.0014107500   -0.0003188000    0.0000085900
  -0.0001301100    0.0012244200    0.0000125600
  -0.0016640600    0.0031998900    0.0000276600
  -0.0088722300    0.0044779700    0.0001046800
  -0.0192716400   -0.0244398300   -0.0054214900
   0.0049250100   -0.0222462900   -0.0054351100
   0.0310730800    0.0132216900    0.0039445800
   0.0083983600    0.0043594700    0.0001079300
   0.0030474100    0.0016638600    0.0000115100
   0.0008119200    0.0016149800    0.0000118900
   0.0000102600    0.0001919400    0.0000119300
   0.0018294200    0.0027702400    0.0000122000
  -0.0005003900    0.0100417100    0.0001048200
  -0.0261106300    0.0464942000    0.0040275500
  -0.0964024600    0.4305503300    0.0986592800
  -0.0988500700    0.1599843700    0.0942378700
  -0.0085438000    0.0113315700   -0.0052841000
   0.0008715900    0.0029521700    0.0003414000
   0.0011457200    0.0009973600    0.0000059400
   0.0015862500    0.0003609800    0.0000080700
   0.0029056900    0.0013407500    0.0000061600
   0.0068545200    0.0028106600    0.0003365400
   0.0301133100    0.0043714200   -0.0051738000
  -0.3816282900    0.3249707200    0.0889663200
  -0.0263767700   -0.0208197800    0.0041704400
  -0.0054018100    0.0141947600   -0.0053719200
  -0.0009679000    0.0017004200    0.0004705700
   0.0002345900    0.0003445600   -0.0000198700
   0.0009468400    0.0005602100    0.0000121000
   0.0024961100    0.0000827700    0.0000121100
   0.0048132500   -0.0014467000   -0.0000188500
   0.0097853100   -0.0046835300    0.0004651500
   0.0170033400   -0.0149216100   -0.0052739600
  -0.0014316400   -0.0096486000    0.0000989700
  -0.0069968600   -0.0045299300    0.0000975800
  -0.0027802900    0.0014814000    0.0003611100
  -0.0018481000   -0.0002498600   -0.0000206000
   0.0006622100   -0.0005889900    0.0000148900
   0.0012583000   -0.0004900100    0.0000051500
   0.0022406200   -0.0019916000    0.0000148600
   0.0051457500   -0.0038844800   -0.0000195800
   0.0037337000   -0.0062283400    0.0003539200
   0.0002832400   -0.0049931600    0.0000095700
  -0.0019397200   -0.0044892600    0.0000284800
  -0.0020386500   -0.0019835700    0.0000093500
  -0.0022481000   -0.0010154500    0.0000046200
  -0.0003535700   -0.0008372600    0.0000122300
   0.0006011700   -0.0021237500    0.0000051300
   0.0009724100   -0.0027185100    0.0000051800
   0.0018446800   -0.0027809600    0.0000122400
   0.0028047200   -0.0043169800    0.0000050800

45   
  0.0117221620790471  -0.0203033802966008  -0.0187180037590592
   0.0009164700   -0.0032497900    0.0000112500
   0.0003760200   -0.0039573200    0.0000181100
  -0.0003719900   -0.0035788500    0.0000173900
  -0.0009670300   -0.0015991700    0.0000181500
  -0.0008962300   -0.0006465300    0.0000112700
  -0.0009120100   -0.0009635800    0.0000065200
  -0.0002404700   -0.0012366700    0.0000067400
   0.0005929700   -0.0018099200    0.0000067300
   0.0014569100   -0.0027023600    0.0000064900
   0.0024856900   -0.0035261300    0.0000113400
   0.0014517200   -0.0031049500    0.0000065100
   0.0002751900   -0.0028429700    0.0000065400
  -0.0000631100   -0.0021821600    0.0000065400
  -0.0010881100   -0.0014678600    0.0000065000
  -0.0023472800   -0.0016831400    0.0000112300
  -0.0016824700   -0.0025850000    0.0000183100
  -0.0003553900   -0.0035940900    0.0000177000
   0.0012774400   -0.0036243800    0.0000183300
   0.0038524200   -0.0041557400   -0.0000340100
   0.0035646100   -0.0026213600    0.0000180700
   0.0018168900   -0.0020111000    0.0000067700
   0.0004440900   -0.0008777100    0.0000053800
  -0.0004675200   -0.0010256600    0.0000067100
  -0.0025085200   -0.0008221100    0.0000179900
  -0.0047292700   -0.0021056500   -0.0000343200
  -0.0042219000   -0.0057489800    0.0000186400
   0.0021752100   -0.0063753300    0.0000190300
   0.0115956300   -0.0073370500    0.0011326000
   0.0069561000   -0.0029508600    0.0000187800
   0.0028247700   -0.0015698700    0.0000173100
   0.0015489300   -0.0005216600    0.0000059700
   0.0007995200    0.0000592000    0.0000059300
   0.0001512500    0.0002171700    0.0000172900
  -0.0047556000    0.0000225100    0.0000174600
  -0.0176835400   -0.0028832600    0.0011447900
  -0.0017605400   -0.0146688500   -0.0001864000
   0.0704813500   -0.0797784800    0.0002488100
   0.0131925800   -0.0055533400   -0.0002160000
   0.0037673600    0.0000056200    0.0000197800
   0.0020547300    0.0005308300    0.0000167200
   0.0014513900    0.0006030600    0.0000165400
   0.0024011600    0.0036576300    0.0000184600
  -0.0020599500    0.0029008300   -0.0002065800
  -0.0983096200   -0.0247387400   -0.0004109300
  -0.5675278800    1.0633037100    0.2640444300
   0.0320932500    0.0524192300    0.0000801000
   0.0003630900    0.0077066200    0.0011593600
   0.0015488100    0.0016228100   -0.0000385400
   0.0014213000    0.0007179900    0.0000100500
   0.0011774400    0.0014474700    0.0000099500
   0.0037674200    0.0033114000   -0.0000402000
   0.0119279200    0.0138089300    0.0011862400
   0.0689924500    0.0729677000   -0.0007442700
   0.0320177000   -0.0984101200   -0.0015055200
  -0.0607043100   -0.0032062500   -0.0013424800
  -0.0020123000    0.0032259600   -0.0002137900
  -0.0007051900    0.0027375800    0.0000192400
   0.0003964900    0.0012762400    0.0000176000
   0.0016615800    0.0013749700    0.0000063300
   0.0032403800    0.0012341400    0.0000175000
   0.0068894600    0.0019430200    0.0000179600
   0.0135130300   -0.0054444200   -0.0002280900
   0.0006414500   -0.0135199300    0.0012072400
  -0.0018766700   -0.0143638800   -0.0001984000
  -0.0068115000    0.0036166500    0.0011931500
  -0.0014148400    0.0016048800    0.0000180100
  -0.0004629100    0.0009074000    0.0000174700
   0.0005406200   -0.0001561000    0.0000066200
   0.0019963400   -0.0007061300    0.0000065700
   0.0032710600   -0.0011447000    0.0000173400
   0.0036470200   -0.0049488700    0.0000170700
   0.0009398500   -0.0054105800   -0.0000408700
  -0.0010917100   -0.0077772300    0.0000171000
  -0.0010805400   -0.0036934200    0.0000171000
  -0.0019317000   -0.0000657500   -0.0000395000
  -0.0005971500    0.0003126700    0.0000183900
  -0.0006215800   -0.0005289500    0.0000066400
   0.0006646700   -0.0007307800    0.0000057100
   0.0020734300   -0.0019426200    0.0000065800
   0.0015732800   -0.0029017100    0.0000183400
  -0.0005183500    0.0026433700   -0.0000119000
   0.0001097800    0.0031936300   -0.0000125500
   0.0009258200    0.0022915100   -0.0000125700
   0.0007878700    0.0007448600   -0.0000119200
   0.0018325500    0.0016818200   -0.0000078600
   0.0006829400    0.0020978200   -0.0000121600
  -0.0002145300    0.0025043700   -0.0000148800
  -0.0012693200    0.0032809900   -0.0000122200
  -0.0023103900    0.0035547800   -0.0000079100
  -0.0021464200    0.0031668700   -0.0000119000
  -0.0005743300    0.0021304900   -0.0000074100
  -0.0000501300    0.0015098700   -0.0000066200
   0.0003706800    0.0010990000   -0.0000073800
   0.0018515300    0.0013245900   -0.0000118700
   0.0022217100    0.0026087900   -0.0000055900
   0.0008889100    0.0048448100    0.0000198800
  -0.0003179700    0.0055657100    0.0000198500
  -0.0021939900    0.0043744000   -0.0000053900
  -0.0043321100    0.0028876200   -0.0000107300
  -0.0026797400    0.0011006200   -0.0000126500
  -0.0011803000    0.0004796900   -0.0000065600
   0.0000491800    0.0001391100   -0.0000065200
   0.0014624300   -0.0005404600   -0.0000126300
   0.0038781400   -0.0001921400   -0.0000101800
   0.0054240800    0.0045497100   -0.0003442600
   0.0010648200    0.0109353300   -0.0004725700
  -0.0032480600    0.0065787700   -0.0003460300
  -0.0085723500    0.0035576800   -0.0001032300
  -0.0049948500    0.0003856100   -0.0000285000
  -0.0019549000    0.0000271800   -0.0000126200
  -0.0012881700    0.0002183900   -0.0000085800
  -0.0003709300   -0.0008475500   -0.0000125700
   0.0023020900   -0.0029862500   -0.0000275700
   0.0081804800   -0.0048061400   -0.0001077200
   0.0188402200    0.0237154600    0.0052384900
  -0.0046172600    0.0213403300    0.0052222000
  -0.0311990400   -0.0118416000   -0.0041085900
  -0.0074350700   -0.0036898100   -0.0000989300
  -0.0033414700   -0.0014542800   -0.0000125900
  -0.0009180100   -0.0015683200   -0.0000120200
   0.0001976900   -0.0002260700   -0.0000119500
  -0.0015201000   -0.0025725000   -0.0000119300
  -0.0003327100   -0.0092289800   -0.0001019700
   0.0270236100   -0.0441599700   -0.0040251200
   0.0909495400   -0.4912776200   -0.0891741700
   0.0891543500   -0.1661585900   -0.0942428200
   0.0098216400   -0.0113852300    0.0052525000
  -0.0005968300   -0.0031899700   -0.0003450600
  -0.0014665200   -0.0009530500   -0.0000055200
  -0.0014523400   -0.0010711100   -0.0000082600
  -0.0024809300   -0.0013649700   -0.0000053100
  -0.0070663700   -0.0030029900   -0.0003494000
  -0.0308003400   -0.0045237300    0.0053528100
   0.3258546800   -0.2996285000   -0.0984876900
   0.0259260000    0.0205646200   -0.0040097300
   0.0049861800   -0.0130619800    0.0054022900
   0.0012798700   -0.0021191200   -0.0004704000
  -0.0003706500   -0.0014474300    0.0000198000
  -0.0013521100    0.0000810000   -0.0000121400
  -0.0020937400    0.0004784700   -0.0000121100
  -0.0044677200    0.0002633900    0.0000207300
  -0.0098984200    0.0041958700   -0.0004749500
  -0.0164250800    0.0156089900    0.0054875100
   0.0007816300    0.0099398400   -0.0001051900
   0.0075526100    0.0048673200   -0.0001065500
   0.0032440500   -0.0003494500   -0.0003573700
   0.0001072800   -0.0005651100    0.0000205800
   0.0002794100    0.0001233800   -0.0000149000
  -0.0013477400    0.0014388000   -0.0000051200
  -0.0030778300    0.0015269600   -0.0000149000
  -0.0031886400    0.0029705600    0.0000215200
  -0.0043983600    0.0071965800   -0.0003638100
  -0.0014961500    0.0049607600   -0.0000080400
   0.0018946900    0.0038064000   -0.0000267400
   0.0032038100    0.0019021800   -0.0000082300
   0.0011866100    0.0004925100   -0.0000050400
   0.0012057000    0.0011553600   -0.0000122100
   0.0001506700    0.0011248900   -0.0000052200
  -0.0017295900    0.0018095300   -0.0000051900
  -0.0026320700    0.0030842100   -0.0000121900
  -0.0017609000    0.0036039200   -0.0000046000

54   
  0.0234443241590582   0.0000000000000033   0.0187180037590817
  -0.0016320400   -0.0050222400    0.0000402100
  -0.0026006500   -0.0037954200   -0.0000184200
  -0.0022195000    0.0040175300   -0.0000185200
  -0.0006157500    0.0055467300    0.0000366400
   0.0015912500    0.0036496700   -0.0000183400
   0.0018162600    0.0016512900   -0.0000067300
   0.0016938100    0.0006630700   -0.0000057300
   0.0010958000   -0.0006988100   -0.0000066000
   0.0006427100   -0.0030175400   -0.0000183700
   0.0002434900   -0.0029343000   -0.0000113300
  -0.0007547100   -0.0025848100   -0.0000181200
  -0.0012262000   -0.0002909800   -0.0000173200
  -0.0002343900    0.0020070500   -0.0000181100
   0.0003156400    0.0023533800   -0.0000112300
   0.0002751400    0.0014716100   -0.0000065700
   0.0010574000    0.0004709900   -0.0000066900
   0.0003852000   -0.0006452900   -0.0000066900
  -0.0002463000   -0.0018264100   -0.0000064700
  -0.0003035500   -0.0019712200   -0.0000113500
   0.0006802400   -0.0016553800   -0.0000065200
   0.0002963700   -0.0009198000   -0.0000065100
   0.0000604800    0.0010952200   -0.0000064400
   0.0003963300    0.0013732500   -0.0000064200
  -0.0000499900    0.0018097200   -0.0000108400
  -0.0001234400    0.0009660700   -0.0000181200
  -0.0003407300   -0.0004907400   -0.0000176000
  -0.0008210700   -0.0015871600   -0.0000184200
  -0.0010450300   -0.0018423500    0.0000373900
   0.0010439400   -0.0016159200   -0.0000181500
   0.0009300300   -0.0013359200   -0.0000065800
   0.0012267600    0.0000259100   -0.0000051400
   0.0012081500    0.0010118100   -0.0000063200
   0.0015810400    0.0014637200   -0.0000177000
  -0.0008807500    0.0022794300    0.0000345800
  -0.0020301200    0.0010072700   -0.0000170400
  -0.0021397600   -0.0010234100   -0.0000182600
  -0.0063775800   -0.0053457200   -0.0011618200
   0.0019235200   -0.0033509300   -0.0000194600
   0.0025492500   -0.0018175600   -0.0000171800
   0.0023091900   -0.0001585500   -0.0000061200
   0.0023786700    0.0006130400   -0.0000158500
   0.0024182700    0.0028789200   -0.0000156800
  -0.0057621300    0.0042721100   -0.0011652500
  -0.0036346400   -0.0006776500    0.0002036100
  -0.0291166600   -0.0545366200    0.0000505700
   0.0113566000   -0.0090718700    0.0002176600
   0.0057763000   -0.0043153200   -0.0000196100
   0.0040064100   -0.0016759800   -0.0000178900
   0.0026466100   -0.0002370700   -0.0000061500
   0.0023704000    0.0017876800   -0.0000159700
   0.0057095800    0.0040212800   -0.0000151000
   0.0115371400    0.0085089000    0.0001948100
  -0.0281188700    0.0533787400    0.0011844400
  -1.2048742200   -0.0390081500   -0.2639911700
   0.1028920200   -0.0217408800   -0.0003006100
   0.0123835000   -0.0062010200   -0.0011398900
   0.0053832900   -0.0011421100    0.0000359200
   0.0034309300   -0.0001777500   -0.0000110800
   0.0037797600    0.0011698600   -0.0000102100
   0.0053587100    0.0020107400    0.0000363200
   0.0122028800    0.0066855800   -0.0011823100
   0.0999582600    0.0214152100    0.0013311500
  -0.0286388600   -0.0963574600    0.0009099400
  -0.0284176500    0.0971670300    0.0004036100
   0.0116002600    0.0093585100    0.0001929500
   0.0066420000    0.0009256900   -0.0000199100
   0.0039288200    0.0003713300   -0.0000182100
   0.0032199000   -0.0001748700   -0.0000065100
   0.0040665200   -0.0003671900   -0.0000181100
   0.0062706600   -0.0005180200   -0.0000166100
   0.0112057700   -0.0085153200    0.0002214600
  -0.0067844100   -0.0169327300   -0.0011949500
  -0.0043726100   -0.0000121100    0.0002076700
  -0.0055944200    0.0170078200   -0.0011556800
   0.0025893000    0.0069609300   -0.0000194400
   0.0035266400    0.0025870100   -0.0000176100
   0.0023170000    0.0005857200   -0.0000067200
   0.0025279300    0.0000101500   -0.0000066100
   0.0032037700   -0.0020452500   -0.0000174300
   0.0016291500   -0.0061408500   -0.0000170900
   0.0026025900    0.0024273900    0.0000088800
   0.0040146500    0.0002454900    0.0000277800
   0.0015184500   -0.0027617600    0.0000094600
  -0.0013150200   -0.0037449600    0.0000055900
  -0.0011188200   -0.0015993800    0.0000121800
  -0.0018345500   -0.0007648500    0.0000051700
  -0.0015272600   -0.0000587800    0.0000050900
  -0.0012278300    0.0018412300    0.0000122100
  -0.0009428100    0.0034878100    0.0000043400
   0.0001539600    0.0023484400    0.0000118800
   0.0016658700    0.0009506700    0.0000125900
   0.0010775700   -0.0008496000    0.0000125800
  -0.0003559300   -0.0017355900    0.0000118700
  -0.0003509400   -0.0014866700    0.0000079500
  -0.0007857300   -0.0006638400    0.0000121000
  -0.0010923000    0.0003071900    0.0000149600
   0.0001265600    0.0014611000    0.0000122500
  -0.0002605500    0.0024357200    0.0000079700
  -0.0007782300    0.0016700100    0.0000118800
  -0.0004618000    0.0007768100    0.0000074800
  -0.0001298600   -0.0003182100    0.0000066300
  -0.0001132000   -0.0011487800    0.0000073700
  -0.0001855900   -0.0020577700    0.0000116300
   0.0005751400   -0.0020781200    0.0000057200
  -0.0000307600   -0.0008769000   -0.0000208600
   0.0005858900    0.0009817600   -0.0000213200
   0.0007485800    0.0016649000    0.0000047600
   0.0000425700    0.0029506400    0.0000100100
  -0.0016023800    0.0019406400    0.0000126700
  -0.0008899300    0.0005844200    0.0000066600
  -0.0013639100    0.0000347000    0.0000076500
  -0.0012686500   -0.0013105800    0.0000124600
  -0.0000984100   -0.0029449000    0.0000099800
   0.0018526000   -0.0023893700    0.0003428300
   0.0020994900   -0.0004362700    0.0004776000
   0.0023359400    0.0016900200    0.0003581300
  -0.0004669800    0.0096044700    0.0000995400
  -0.0021738800    0.0040090200    0.0000287900
  -0.0028441200    0.0011732700    0.0000124200
  -0.0007839800   -0.0011043500    0.0000087800
  -0.0000614600    0.0000022900    0.0000124600
  -0.0024785800   -0.0030266100    0.0000270300
  -0.0009706500   -0.0080029600    0.0001128000
   0.0142893800    0.0030196000   -0.0052910300
   0.0144742100   -0.0019595500   -0.0053648800
  -0.0047739300    0.0325640600    0.0041494300
  -0.0074504700    0.0058117800    0.0001002700
  -0.0045348800    0.0016110900    0.0000106600
  -0.0031934900    0.0006690800    0.0000117300
  -0.0027219800   -0.0008210700    0.0000111600
  -0.0039101300   -0.0020036600    0.0000098100
  -0.0076551200   -0.0057489700    0.0001100800
  -0.0049118500   -0.0327664200    0.0039075400
   0.1884762000    0.0046470100    0.0943856400
   0.4710275300    0.1663433800    0.0890021100
  -0.0214767800   -0.0066740800   -0.0052230900
  -0.0076152800   -0.0004026800    0.0003450400
  -0.0045109500   -0.0004778300    0.0000059100
  -0.0037674900    0.0002635900    0.0000082400
  -0.0041098800    0.0001921800    0.0000060600
  -0.0074158000   -0.0005751000    0.0003433500
  -0.0212505000    0.0065953600   -0.0053449000
   0.4233420000   -0.1325418900    0.0985734800
   0.0521918800   -0.0002341000    0.0040893100
  -0.0110764000   -0.0285040200   -0.0052783600
  -0.0084684600   -0.0058197100    0.0004692200
  -0.0058838200   -0.0022846900   -0.0000194000
  -0.0031170300   -0.0007084900    0.0000121800
  -0.0036117200    0.0008444300    0.0000120700
  -0.0053779900    0.0015718500   -0.0000215100
  -0.0077052200    0.0058213800    0.0004803000
  -0.0118687800    0.0294349200   -0.0054870200
   0.0078453400    0.0050041200    0.0001011200
   0.0083650000   -0.0054267600    0.0001039500
  -0.0004105400   -0.0076446800    0.0003486100
  -0.0036949600   -0.0038767200   -0.0000196100
  -0.0024509300   -0.0012788500    0.0000148500
  -0.0022644400   -0.0005473600    0.0000051400
  -0.0032583200    0.0009078600    0.0000150200
  -0.0035764900    0.0037159200   -0.0000222100
  -0.0005166600    0.0072499500    0.0003657800

54   
 -0.0234443241590582  -0.0000000000000033  -0.0187180037590817
   0.0001137200    0.0057337900   -0.0000372300
   0.0019097200    0.0043404000    0.0000185100
   0.0023557000   -0.0040508500    0.0000185600
   0.0012300200   -0.0051330300   -0.0000394900
  -0.0002313700   -0.0028834200    0.0000182300
  -0.0009658300   -0.0011422800    0.0000066100
  -0.0011922500    0.0006122200    0.0000057200
  -0.0017229500    0.0020333700    0.0000067000
  -0.0012607800    0.0035270500    0.0000184500
   0.0000056500    0.0022510000    0.0000113200
   0.0002390000    0.0022045200    0.0000182200
   0.0005352300   -0.0003051400    0.0000173300
   0.0009475500   -0.0027501400    0.0000180100
   0.0002093800   -0.0027746000    0.0000112200
  -0.0005325300   -0.0020093400    0.0000064800
   0.0002817500   -0.0007542900    0.0000066800
  -0.0003990000    0.0005463300    0.0000066800
  -0.0010947500    0.0016691300    0.0000065300
  -0.0005884400    0.0016476600    0.0000111000
  -0.0001931300    0.0016918700    0.0000064700
  -0.0004394800    0.0005313600    0.0000065100
  -0.0001868400   -0.0004251100    0.0000064400
  -0.0001596600   -0.0018333100    0.0000064500
  -0.0002719800   -0.0017225800    0.0000110500
   0.0007774200   -0.0012601500    0.0000181800
   0.0011635200   -0.0004951800    0.0000176100
   0.0000768200    0.0006617500    0.0000183700
   0.0005945500    0.0023884600   -0.0000379300
  -0.0009360900    0.0021152900    0.0000179800
  -0.0019601700    0.0007513700    0.0000064500
  -0.0017056700    0.0001980100    0.0000051200
  -0.0007827600   -0.0006824200    0.0000064300
  -0.0003025700   -0.0020563000    0.0000178700
   0.0007454100   -0.0018451100   -0.0000340500
   0.0023317300   -0.0003394300    0.0000178900
   0.0021965400    0.0003369600    0.0000175100
   0.0059648500    0.0036323200    0.0011866300
  -0.0025059200    0.0029779100    0.0000168700
  -0.0031138000    0.0018614100    0.0000171600
  -0.0023244500   -0.0005253200    0.0000060200
  -0.0024650800   -0.0012236500    0.0000159700
  -0.0017887200   -0.0029252700    0.0000182100
   0.0065503600   -0.0046637900    0.0011409300
   0.0037852000   -0.0006423100   -0.0002037500
   0.0274985800    0.0531627300   -0.0013428000
  -0.0112947400    0.0083915600   -0.0002011800
  -0.0065980400    0.0041076000    0.0000169800
  -0.0036240100    0.0014178000    0.0000176200
  -0.0021171500    0.0003342400    0.0000061400
  -0.0028324200   -0.0017248000    0.0000163300
  -0.0062814900   -0.0042550100    0.0000177300
  -0.0106323900   -0.0087820600   -0.0002120200
   0.0296668800   -0.0544545000    0.0001096700
   1.2058415900   -0.0434508800    0.2638898000
  -0.1004917900    0.0210870100   -0.0013678400
  -0.0123111600    0.0062937200    0.0011951900
  -0.0056041700    0.0020856300   -0.0000393200
  -0.0038503900    0.0007316500    0.0000108200
  -0.0036791400    0.0002440800    0.0000104600
  -0.0050489200   -0.0014975600   -0.0000330400
  -0.0122097000   -0.0057403300    0.0011263100
  -0.1030512200   -0.0211708500    0.0003471600
   0.0278246000    0.0980005000   -0.0005255500
   0.0289357500   -0.0966993500   -0.0007782100
  -0.0112200200   -0.0082037800   -0.0002226300
  -0.0059632400   -0.0007892000    0.0000172600
  -0.0039498500    0.0000634500    0.0000180600
  -0.0034620800   -0.0002674000    0.0000065100
  -0.0038222500   -0.0002070700    0.0000182600
  -0.0063216100    0.0009445000    0.0000193700
  -0.0119158400    0.0088124000   -0.0001913300
   0.0056926200    0.0175719700    0.0011633500
   0.0032292300   -0.0000232800   -0.0002076300
   0.0069740000   -0.0171974500    0.0011859700
  -0.0018041300   -0.0063555700    0.0000175700
  -0.0021917900   -0.0016549800    0.0000173600
  -0.0028316600   -0.0004665300    0.0000066100
  -0.0026393100    0.0009034400    0.0000067200
  -0.0025875000    0.0020941600    0.0000177000
  -0.0028769200    0.0071807600    0.0000191000
  -0.0008324300   -0.0035863400   -0.0000092900
  -0.0036564100    0.0002426400   -0.0000277700
  -0.0020092900    0.0032162500   -0.0000090900
  -0.0002706400    0.0026066400   -0.0000047000
   0.0017398100    0.0022468900   -0.0000121600
   0.0012841200    0.0005271700   -0.0000051500
   0.0016165800   -0.0013052800   -0.0000051300
   0.0017006600   -0.0020090700   -0.0000122300
   0.0002161100   -0.0029026400   -0.0000053000
  -0.0001420100   -0.0014818900   -0.0000119200
  -0.0004186300   -0.0007215100   -0.0000126000
  -0.0011648100    0.0009327900   -0.0000125400
  -0.0008428700    0.0020321600   -0.0000118700
   0.0004279800    0.0023064500   -0.0000081100
   0.0002430600    0.0016502600   -0.0000122100
  -0.0001157000    0.0003159800   -0.0000149800
   0.0011898100   -0.0008677700   -0.0000121800
   0.0006031000   -0.0014384400   -0.0000079200
  -0.0000442700   -0.0021275600   -0.0000118200
   0.0001860400   -0.0013943700   -0.0000074600
   0.0002539800   -0.0000493600   -0.0000066500
   0.0000420100    0.0008527500   -0.0000074100
   0.0003923000    0.0014997000   -0.0000117800
   0.0002186900    0.0014724500   -0.0000053200
  -0.0011770200    0.0006244000    0.0000208300
  -0.0005469400   -0.0005269100    0.0000213300
   0.0004437800   -0.0019883900   -0.0000052100
   0.0008906500   -0.0033814500   -0.0000089100
   0.0008707200   -0.0017544600   -0.0000126000
   0.0016334700   -0.0002232300   -0.0000065500
   0.0014508700   -0.0001428700   -0.0000077100
   0.0007079800    0.0016789500   -0.0000125900
   0.0006295500    0.0031165300   -0.0000110000
  -0.0026939300    0.0018561700   -0.0003466100
  -0.0022505400   -0.0004608900   -0.0004775400
  -0.0021664300   -0.0025862600   -0.0003542500
   0.0004355100   -0.0075560400   -0.0001085400
   0.0031707100   -0.0031984700   -0.0000270400
   0.0025267100   -0.0009252200   -0.0000122500
   0.0006791500    0.0011478400   -0.0000088700
   0.0002501000   -0.0000010300   -0.0000130000
   0.0026896600    0.0032580500   -0.0000286300
  -0.0001073500    0.0088827600   -0.0001036400
  -0.0144138900   -0.0015668500    0.0052615200
  -0.0141714700    0.0025967300    0.0053948500
   0.0046629900   -0.0332668900   -0.0039841400
   0.0080877500   -0.0057072500   -0.0001064100
   0.0046922400   -0.0017897600   -0.0000091400
   0.0028275700   -0.0005984700   -0.0000116400
   0.0028250100    0.0001280400   -0.0000113300
   0.0043001000    0.0020081400   -0.0000113200
   0.0074004700    0.0056495400   -0.0001038700
   0.0038050400    0.0331543200   -0.0040748100
  -0.1878130200    0.0046707900   -0.0943907000
  -0.4200475800   -0.1314217900   -0.0984649800
   0.0210151000    0.0070159600    0.0054316900
   0.0077758900   -0.0000805900   -0.0003542600
   0.0042983700   -0.0006325700   -0.0000054900
   0.0033223400    0.0003802300   -0.0000082000
   0.0044885400    0.0003848700   -0.0000064800
   0.0077313100   -0.0005680500   -0.0003344000
   0.0208675200   -0.0071689300    0.0051337700
  -0.4738157000    0.1687761700   -0.0890167700
  -0.0527781300   -0.0001877000   -0.0040865000
   0.0115918400    0.0290121300    0.0054576300
   0.0088099200    0.0067906600   -0.0004789700
   0.0040589900    0.0014130200    0.0000213200
   0.0040119100    0.0002172600   -0.0000121200
   0.0035024100    0.0000947700   -0.0000121600
   0.0045504500   -0.0020335200    0.0000195000
   0.0097372100   -0.0067434100   -0.0004698300
   0.0113672900   -0.0282113800    0.0053013100
  -0.0089614200   -0.0051380000   -0.0001038900
  -0.0084461000    0.0046110700   -0.0001011500
   0.0015557500    0.0075101700   -0.0003618100
   0.0025849600    0.0032770700    0.0000215600
   0.0032617200    0.0015457500   -0.0000149400
   0.0029956800   -0.0004874400   -0.0000051600
   0.0025051400   -0.0018409600   -0.0000150100
   0.0028171600   -0.0034308000    0.0000202100
   0.0016025300   -0.0079554600   -0.0003520100

54   
 -0.0149999999993716   0.0259807621138959   0.0000000000000000
  -0.0025486100    0.0076608100    0.0000000000
   0.0003700600    0.0099558700    0.0000000000
   0.0022885500    0.0043654000    0.0000000000
   0.0032628400    0.0004915900    0.0000000000
   0.0022545500    0.0004588500    0.0000000000
   0.0008690200    0.0009464100    0.0000000000
  -0.0006611400    0.0021323000    0.0000000000
  -0.0025403300    0.0031737100    0.0000000000
  -0.0030833900    0.0046244000    0.0000000000
  -0.0019743700    0.0042633100    0.0000000000
  -0.0011551900    0.0051327500    0.0000000000
   0.0002119100    0.0041024900    0.0000000000
   0.0019471200    0.0017913500    0.0000000000
   0.0022399300    0.0009685200    0.0000000000
   0.0015693300    0.0011786700    0.0000000000
   0.0013325800    0.0021826600    0.0000000000
  -0.0011073000    0.0030870200    0.0000000000
  -0.0028758500    0.0036982900    0.0000000000
  -0.0034021400    0.0039251700    0.0000000000
  -0.0019265300    0.0037297600    0.0000000000
  -0.0008845500    0.0029570300    0.0000000000
   0.0004260200    0.0025038400    0.0000000000
   0.0017788300    0.0012280200    0.0000000000
   0.0026461400    0.0016989300    0.0000000000
   0.0033568300    0.0028409800    0.0000000000
   0.0009637300    0.0039639600    0.0000000000
  -0.0027625900    0.0040652600    0.0000000000
  -0.0055820300    0.0054252900    0.0000000000
  -0.0041263500    0.0036643900    0.0000000000
  -0.0029058700    0.0019990700    0.0000000000
  -0.0009781200    0.0014945600    0.0000000000
   0.0008241300    0.0010101900    0.0000000000
   0.0035414000    0.0006126500    0.0000000000
   0.0063529600    0.0025027300    0.0000000000
   0.0061523300    0.0068688200    0.0000000000
  -0.0030251700    0.0071747700    0.0000000000
  -0.0150391200    0.0088844700    0.0000000000
  -0.0089794200    0.0040021200    0.0000000000
  -0.0044456900    0.0016027100    0.0000000000
  -0.0020772400   -0.0002165100    0.0000000000
   0.0005728600   -0.0010590000    0.0000000000
   0.0061330500   -0.0001175400    0.0000000000
   0.0229616200    0.0034834200    0.0000000000
   0.0027014900    0.0174041600    0.0000000000
  -0.0882919800    0.0967061300    0.0000000000
  -0.0170036700    0.0066381900    0.0000000000
  -0.0054481900    0.0002832600    0.0000000000
  -0.0024916000   -0.0002878800    0.0000000000
  -0.0014493400   -0.0004555700    0.0000000000
  -0.0017500600   -0.0021845700    0.0000000000
  -0.0031451100   -0.0050700400    0.0000000000
   0.0029852400   -0.0045401300    0.0000000000
   0.1256000600    0.0290265700    0.0000000000
   0.8331985000   -1.3079563600    0.0000000000
  -0.0421221100   -0.0656826400    0.0000000000
  -0.0011479400   -0.0096338800    0.0000000000
  -0.0019382900   -0.0018509000    0.0000000000
  -0.0021941900   -0.0007946600    0.0000000000
  -0.0027719600   -0.0009765400    0.0000000000
  -0.0048681900   -0.0042242900    0.0000000000
  -0.0146244800   -0.0172303300    0.0000000000
  -0.0892101100   -0.0937543400    0.0000000000
  -0.0431068400    0.1304191100    0.0000000000
   0.0789634600    0.0017484600    0.0000000000
   0.0024071400   -0.0037383100    0.0000000000
   0.0009227500   -0.0028457600    0.0000000000
  -0.0009441100   -0.0010921000    0.0000000000
  -0.0022707200   -0.0010083300    0.0000000000
  -0.0040329100   -0.0014826100    0.0000000000
  -0.0087851300   -0.0017192700    0.0000000000
  -0.0175702200    0.0071978000    0.0000000000
  -0.0014579700    0.0184752100    0.0000000000
   0.0018655600    0.0181327500    0.0000000000
   0.0097373300   -0.0043843400    0.0000000000
   0.0025501700   -0.0018524900    0.0000000000
   0.0011569400   -0.0004843100    0.0000000000
  -0.0011521400   -0.0000151800    0.0000000000
  -0.0024725200    0.0009967300    0.0000000000
  -0.0039075800    0.0017934700    0.0000000000
  -0.0056719900    0.0070703500    0.0000000000
   0.0019784700   -0.0069123900    0.0000000000
  -0.0023107400   -0.0049697700    0.0000000000
  -0.0036022900   -0.0021576000    0.0000000000
  -0.0029728000   -0.0014348600    0.0000000000
  -0.0006712800   -0.0008727500    0.0000000000
   0.0000095400   -0.0021493300    0.0000000000
   0.0017525500   -0.0035595700    0.0000000000
   0.0030798300   -0.0038351000    0.0000000000
   0.0025357700   -0.0047732400    0.0000000000
   0.0017566000   -0.0036525600    0.0000000000
   0.0006830200   -0.0035539200    0.0000000000
  -0.0015173900   -0.0024522100    0.0000000000
  -0.0025749000   -0.0013870200    0.0000000000
  -0.0018776000   -0.0011718000    0.0000000000
  -0.0015010400   -0.0022081300    0.0000000000
  -0.0003171100   -0.0036899300    0.0000000000
   0.0025260200   -0.0039912600    0.0000000000
   0.0026092800   -0.0036754200    0.0000000000
   0.0022853800   -0.0037521400    0.0000000000
   0.0013758700   -0.0028580500    0.0000000000
   0.0000940700   -0.0018814900    0.0000000000
  -0.0012017200   -0.0012021400    0.0000000000
  -0.0021683900   -0.0012604200    0.0000000000
  -0.0027810500   -0.0028052700    0.0000000000
  -0.0025602700   -0.0057508800    0.0000000000
   0.0011669100   -0.0064725500    0.0000000000
   0.0035340200   -0.0051522900    0.0000000000
   0.0053702900   -0.0043177200    0.0000000000
   0.0028151800   -0.0017705500    0.0000000000
   0.0018369200   -0.0005973500    0.0000000000
   0.0001498800   -0.0004371100    0.0000000000
  -0.0019290100    0.0007192700    0.0000000000
  -0.0041088000    0.0002280600    0.0000000000
  -0.0081292000   -0.0059473600    0.0000000000
  -0.0015202000   -0.0139332700    0.0000000000
   0.0048400900   -0.0091279100    0.0000000000
   0.0113960300   -0.0039711500    0.0000000000
   0.0063252700   -0.0000992200    0.0000000000
   0.0028684000    0.0003201000    0.0000000000
   0.0008121900    0.0010722000    0.0000000000
  -0.0006250100    0.0013877500    0.0000000000
  -0.0023380100    0.0042379100    0.0000000000
  -0.0112682600    0.0066681800    0.0000000000
  -0.0243416200   -0.0295066500    0.0000000000
   0.0061204300   -0.0276576000    0.0000000000
   0.0393810700    0.0151041800    0.0000000000
   0.0102087500    0.0050342400    0.0000000000
   0.0038872400    0.0015430700    0.0000000000
   0.0019901700    0.0008471000    0.0000000000
   0.0017268400    0.0011744700    0.0000000000
   0.0020376400    0.0039428200    0.0000000000
  -0.0001848800    0.0123460300    0.0000000000
  -0.0336970000    0.0588223100    0.0000000000
  -0.1236128400    0.5386089900    0.0000000000
  -0.1246609100    0.2058939500    0.0000000000
  -0.0117348600    0.0147989600    0.0000000000
   0.0010540200    0.0036985100    0.0000000000
   0.0017801900    0.0008605000    0.0000000000
   0.0020707900    0.0012396800    0.0000000000
   0.0039193200    0.0018485500    0.0000000000
   0.0089833700    0.0032864300    0.0000000000
   0.0386539300    0.0053147700    0.0000000000
  -0.5047236700    0.4247481000    0.0000000000
  -0.0344354700   -0.0260984300    0.0000000000
  -0.0062042200    0.0180220000    0.0000000000
  -0.0011230500    0.0030751800    0.0000000000
  -0.0004336200    0.0007884200    0.0000000000
   0.0020271100    0.0000425900    0.0000000000
   0.0029396800    0.0002361000    0.0000000000
   0.0055393200   -0.0013779300    0.0000000000
   0.0136346500   -0.0060942600    0.0000000000
   0.0212557900   -0.0189562500    0.0000000000
  -0.0020929200   -0.0125308100    0.0000000000
  -0.0094394500   -0.0062935800    0.0000000000
  -0.0032787100    0.0012367800    0.0000000000
  -0.0017564100   -0.0000083200    0.0000000000
   0.0006996100   -0.0002819800    0.0000000000
   0.0020497600   -0.0017362500    0.0000000000
   0.0030317300   -0.0027058300    0.0000000000
   0.0049437200   -0.0042496000    0.0000000000
   0.0057239200   -0.0089528000    0.0000000000

54   
  0.0149999999993716  -0.0259807621138959   0.0000000000000000
   0.0010861100   -0.0069219300    0.0000000000
  -0.0010004500   -0.0094711300    0.0000000000
  -0.0021387100   -0.0045853000    0.0000000000
  -0.0026747500   -0.0002254800    0.0000000000
  -0.0009461500    0.0002067200    0.0000000000
  -0.0000675800   -0.0004945600    0.0000000000
   0.0011367700   -0.0008886300    0.0000000000
   0.0019126800   -0.0018489500    0.0000000000
   0.0024874600   -0.0041007200    0.0000000000
   0.0022599600   -0.0049570200    0.0000000000
   0.0006726500   -0.0055416400    0.0000000000
  -0.0008870700   -0.0047825700    0.0000000000
  -0.0012480200   -0.0026373600    0.0000000000
  -0.0017526900   -0.0014836400    0.0000000000
  -0.0018704200   -0.0017957900    0.0000000000
  -0.0000195700   -0.0025320200    0.0000000000
   0.0011028700   -0.0032328900    0.0000000000
   0.0015651300   -0.0038779300    0.0000000000
   0.0025647500   -0.0042764100    0.0000000000
   0.0024439300   -0.0037151400    0.0000000000
   0.0007466600   -0.0033847800    0.0000000000
  -0.0005650600   -0.0018966600    0.0000000000
  -0.0015820700   -0.0017606900    0.0000000000
  -0.0030247700   -0.0016952500    0.0000000000
  -0.0027523400   -0.0032284600    0.0000000000
  -0.0001333600   -0.0050465800    0.0000000000
   0.0020827300   -0.0050513300    0.0000000000
   0.0052629900   -0.0049251400    0.0000000000
   0.0042890600   -0.0031781700    0.0000000000
   0.0018813300   -0.0025980300    0.0000000000
   0.0004698900   -0.0012953700    0.0000000000
  -0.0004416500   -0.0007226900    0.0000000000
  -0.0023475500   -0.0012768500    0.0000000000
  -0.0065851500   -0.0021759800    0.0000000000
  -0.0059319800   -0.0063685500    0.0000000000
   0.0032265200   -0.0080135200    0.0000000000
   0.0151282600   -0.0107251900    0.0000000000
   0.0085137300   -0.0043693300    0.0000000000
   0.0038855100   -0.0015380600    0.0000000000
   0.0020362500   -0.0004764800    0.0000000000
  -0.0007514100    0.0004312100    0.0000000000
  -0.0056921100   -0.0000303900    0.0000000000
  -0.0224663400   -0.0040982900    0.0000000000
  -0.0024814700   -0.0191868900    0.0000000000
   0.0908691300   -0.1024044200    0.0000000000
   0.0171253400   -0.0073260200    0.0000000000
   0.0045628500   -0.0003910200    0.0000000000
   0.0028221600    0.0000748400    0.0000000000
   0.0019436600    0.0005705800    0.0000000000
   0.0012381300    0.0022409500    0.0000000000
   0.0024272300    0.0048055400    0.0000000000
  -0.0025089600    0.0040322800    0.0000000000
  -0.1260628200   -0.0307571000    0.0000000000
  -0.7162727000    1.3739384200    0.0000000000
   0.0405373600    0.0672777000    0.0000000000
   0.0008644400    0.0101099100    0.0000000000
   0.0016025700    0.0028860600    0.0000000000
   0.0017099900    0.0013836500    0.0000000000
   0.0028185200    0.0024115000    0.0000000000
   0.0051226000    0.0047794700    0.0000000000
   0.0145456500    0.0183254700    0.0000000000
   0.0882498200    0.0940211900    0.0000000000
   0.0400219200   -0.1246690200    0.0000000000
  -0.0772283800   -0.0036088100    0.0000000000
  -0.0024682800    0.0046971600    0.0000000000
  -0.0004625100    0.0030388500    0.0000000000
   0.0008242400    0.0015548000    0.0000000000
   0.0019728200    0.0005820700    0.0000000000
   0.0042419400    0.0009357000    0.0000000000
   0.0087107200    0.0022033700    0.0000000000
   0.0168338100   -0.0067402500    0.0000000000
   0.0005131400   -0.0176469700    0.0000000000
  -0.0029944400   -0.0183982700    0.0000000000
  -0.0083232200    0.0037641800    0.0000000000
  -0.0018580100    0.0022712800    0.0000000000
   0.0000824300    0.0013693800    0.0000000000
   0.0005777900    0.0001210700    0.0000000000
   0.0023308600   -0.0000810300    0.0000000000
   0.0045147300   -0.0017205200    0.0000000000
   0.0044426600   -0.0059578400    0.0000000000
  -0.0002769500    0.0057786700    0.0000000000
   0.0026078700    0.0055564100    0.0000000000
   0.0031211800    0.0027300400    0.0000000000
   0.0014367100    0.0004015900    0.0000000000
   0.0013513800    0.0016013500    0.0000000000
  -0.0005181300    0.0019734300    0.0000000000
  -0.0016478900    0.0022364400    0.0000000000
  -0.0026150800    0.0036843900    0.0000000000
  -0.0032963900    0.0053605800    0.0000000000
  -0.0017820300    0.0045409900    0.0000000000
   0.0005327500    0.0038295900    0.0000000000
   0.0014275000    0.0026082900    0.0000000000
   0.0014058700    0.0017653200    0.0000000000
   0.0020017000    0.0020775500    0.0000000000
   0.0009987400    0.0032836600    0.0000000000
  -0.0008802100    0.0043982300    0.0000000000
  -0.0012292800    0.0046388700    0.0000000000
  -0.0022998100    0.0046980000    0.0000000000
  -0.0031500000    0.0033091500    0.0000000000
  -0.0016714700    0.0022591500    0.0000000000
   0.0000361500    0.0015519500    0.0000000000
   0.0011563600    0.0009564100    0.0000000000
   0.0024274700    0.0007749200    0.0000000000
   0.0036327100    0.0023012100    0.0000000000
   0.0013792200    0.0056413000    0.0000000000
  -0.0011678500    0.0070535700    0.0000000000
  -0.0024036400    0.0048762300    0.0000000000
  -0.0045230000    0.0038806800    0.0000000000
  -0.0035737500    0.0019421100    0.0000000000
  -0.0010850400    0.0009635200    0.0000000000
  -0.0000209400    0.0003345100    0.0000000000
   0.0014328700   -0.0003123600    0.0000000000
   0.0047346000    0.0000371100    0.0000000000
   0.0073814500    0.0055821800    0.0000000000
   0.0013396200    0.0133752300    0.0000000000
  -0.0048234700    0.0083405200    0.0000000000
  -0.0116395400    0.0059026000    0.0000000000
  -0.0053705100    0.0008225900    0.0000000000
  -0.0031688300   -0.0001042300    0.0000000000
  -0.0009120400   -0.0010144100    0.0000000000
   0.0008350500   -0.0014148600    0.0000000000
   0.0026874700   -0.0039844200    0.0000000000
   0.0104163100   -0.0056363100    0.0000000000
   0.0243831700    0.0316782600    0.0000000000
  -0.0060621700    0.0288656800    0.0000000000
  -0.0401861300   -0.0170169000    0.0000000000
  -0.0096063100   -0.0051839200    0.0000000000
  -0.0036850700   -0.0018015000    0.0000000000
  -0.0023137400   -0.0008112600    0.0000000000
  -0.0015731000   -0.0018847300    0.0000000000
  -0.0015543100   -0.0039616200    0.0000000000
   0.0001906600   -0.0125195900    0.0000000000
   0.0343370300   -0.0580438200    0.0000000000
   0.1155350600   -0.6487203300    0.0000000000
   0.1161670600   -0.2114258800    0.0000000000
   0.0118849700   -0.0143737100    0.0000000000
  -0.0007239400   -0.0042616200    0.0000000000
  -0.0019080100   -0.0020045700    0.0000000000
  -0.0024575500   -0.0006132400    0.0000000000
  -0.0034840200   -0.0013001100    0.0000000000
  -0.0086022900   -0.0044957000    0.0000000000
  -0.0387964300   -0.0060550200    0.0000000000
   0.4063623400   -0.3772459200    0.0000000000
   0.0329916200    0.0267536600    0.0000000000
   0.0072182900   -0.0170085900    0.0000000000
   0.0017881300   -0.0019405900    0.0000000000
  -0.0012482500   -0.0016292200    0.0000000000
  -0.0010580000   -0.0005266400    0.0000000000
  -0.0030019400    0.0006972500    0.0000000000
  -0.0063335300    0.0008871900    0.0000000000
  -0.0115659200    0.0050920900    0.0000000000
  -0.0217911100    0.0200733200    0.0000000000
   0.0007952300    0.0124547400    0.0000000000
   0.0092643700    0.0056746500    0.0000000000
   0.0044962400   -0.0011959200    0.0000000000
   0.0007618900   -0.0004866700    0.0000000000
   0.0001916600    0.0006008200    0.0000000000
  -0.0012719500    0.0007280300    0.0000000000
  -0.0037631100    0.0017771000    0.0000000000
  -0.0057016700    0.0045119000    0.0000000000
  -0.0046881300    0.0081903700    0.0000000000

64   
  0.0234443241590582   0.0000000000000033   0.0187180037590817
   0.0014263000   -0.0063034600   -0.0000172000
  -0.0066928100   -0.0167695900   -0.0011816600
  -0.0038280900    0.0000855300    0.0002061700
  -0.0059497800    0.0172594400   -0.0011506600
   0.0028683800    0.0070515800   -0.0000191400
   0.0033013200    0.0023665300   -0.0000176900
   0.0028416500    0.0011278100   -0.0000067200
   0.0022762200    0.0001628700   -0.0000066100
   0.0025601100   -0.0018706300   -0.0000174200
   0.0010301900   -0.0036045300   -0.0000182500
  -0.0011905100   -0.0055010100    0.0000382000
  -0.0026548600   -0.0042691500   -0.0000179300
  -0.0019476300    0.0036408700   -0.0000179200
  -0.0006548700    0.0050924900    0.0000353500
   0.0007756300    0.0029885800   -0.0000183400
   0.0020439300    0.0012391400   -0.0000067200
   0.0014161000   -0.0000563500   -0.0000057100
   0.0007063700   -0.0014705600   -0.0000066100
  -0.0000648100   -0.0019101300   -0.0000064900
   0.0003079500   -0.0025533600   -0.0000109900
  -0.0006498300   -0.0025126200   -0.0000177900
  -0.0009682000    0.0003471300   -0.0000171300
  -0.0004597200    0.0020978100   -0.0000179000
  -0.0001006700    0.0026141100   -0.0000109900
   0.0006958100    0.0015925100   -0.0000065600
   0.0007642500    0.0001027200   -0.0000066700
  -0.0000122600   -0.0010752000   -0.0000066700
  -0.0007061300   -0.0008541200   -0.0000183200
   0.0001406900   -0.0015531600   -0.0000111000
  -0.0001370800   -0.0019425800   -0.0000064700
  -0.0000312600   -0.0005249300   -0.0000061600
   0.0004156900    0.0008106100   -0.0000061600
   0.0010115800    0.0013608900   -0.0000064200
  -0.0000039200    0.0020203500   -0.0000108700
  -0.0003659900    0.0014419500   -0.0000182700
  -0.0007385300   -0.0003610000   -0.0000175500
  -0.0023327700   -0.0015092000   -0.0000185500
  -0.0011695300   -0.0022958100    0.0000365700
   0.0006073200   -0.0017704600   -0.0000179300
   0.0011912500   -0.0009581700   -0.0000062000
   0.0011570200    0.0003211200   -0.0000061000
   0.0011974800    0.0017798200   -0.0000177800
  -0.0005715000    0.0019278500    0.0000371300
  -0.0021244900   -0.0000762100   -0.0000177300
  -0.0038207600   -0.0003155100    0.0002064900
  -0.0063549100   -0.0048467900   -0.0011552500
   0.0016905200   -0.0033041700   -0.0000192200
   0.0028988000   -0.0022126100   -0.0000171400
   0.0020628200   -0.0008178800   -0.0000062200
   0.0015682600    0.0009100700   -0.0000061000
   0.0024402700    0.0019879600   -0.0000171300
   0.0026243700    0.0031063000   -0.0000165900
  -0.0060893400    0.0042355600   -0.0011800300
  -0.0275176300    0.0532498700    0.0012512100
  -0.0299268500   -0.0545107800   -0.0000425000
   0.0112658200   -0.0086860000    0.0002152900
   0.0060393900   -0.0037549400   -0.0000192500
   0.0035194100   -0.0012580100   -0.0000180000
   0.0032988200    0.0007097900   -0.0000064500
   0.0038955300    0.0017970300   -0.0000177100
   0.0062188200    0.0047175300   -0.0000166200
   0.0114177500    0.0088303200    0.0001988100
   0.1001146300    0.0220910300    0.0014140400
  -1.2064466300   -0.0408336500   -0.2639102200
   0.1037842800   -0.0208954400   -0.0002598400
   0.0127681200   -0.0062468700   -0.0011383000
   0.0055167700   -0.0014231400    0.0000350500
   0.0037470800   -0.0006226000   -0.0000111000
   0.0039950900    0.0001128700   -0.0000108700
   0.0055229100    0.0018526100    0.0000384600
   0.0120254800    0.0064031400   -0.0011940600
   0.0109121500   -0.0085019100    0.0002206000
  -0.0295104600   -0.0967906400    0.0007808300
  -0.0277847700    0.0971075000    0.0004006500
   0.0118687700    0.0090674200    0.0001906800
   0.0070223300    0.0012765200   -0.0000195300
   0.0037498100    0.0002045500   -0.0000183600
   0.0033491500    0.0004515200   -0.0000065300
   0.0043151400   -0.0001388900   -0.0000182200
   0.0057034400   -0.0003436700   -0.0000167900
  -0.0000653800    0.0069808900    0.0003574700
   0.0086487900    0.0051772800    0.0001032000
   0.0081651000   -0.0047581100    0.0001061200
  -0.0017489900   -0.0080970300    0.0003441400
  -0.0028390500   -0.0032414200   -0.0000197300
  -0.0031503000   -0.0015117000    0.0000149400
  -0.0026003800   -0.0006758000    0.0000051700
  -0.0026359700    0.0013196400    0.0000149700
  -0.0035031400    0.0038608000   -0.0000217000
  -0.0005131000    0.0035995200    0.0000048800
   0.0024061200    0.0030509600    0.0000095800
   0.0038077700    0.0000269300    0.0000279100
   0.0011674500   -0.0028010900    0.0000099300
  -0.0004828600   -0.0027529600    0.0000057900
  -0.0016854100   -0.0014240000    0.0000121800
  -0.0021468200   -0.0003158100    0.0000052100
  -0.0008861900    0.0009384100    0.0000051500
  -0.0012449000    0.0024234100    0.0000121900
  -0.0007854500    0.0016944300    0.0000081800
   0.0000795400    0.0015642400    0.0000118000
   0.0011764000    0.0006051300    0.0000125300
   0.0010781200   -0.0009522300    0.0000125500
   0.0003208600   -0.0021601300    0.0000117900
   0.0000319600   -0.0022246700    0.0000080900
  -0.0010841900   -0.0012778000    0.0000121700
  -0.0004386000    0.0002410000    0.0000149600
   0.0001040100    0.0010075400    0.0000122500
   0.0006710400    0.0016021300    0.0000051100
  -0.0006600900    0.0019813300    0.0000118300
   0.0001723500    0.0011857300    0.0000074900
  -0.0000945000   -0.0000535600    0.0000077300
  -0.0004770200   -0.0008327900    0.0000074400
  -0.0000176000   -0.0018156900    0.0000118200
  -0.0001801300   -0.0020743700    0.0000055500
   0.0005300500   -0.0011541200   -0.0000208200
   0.0006609100    0.0003167300   -0.0000207400
   0.0022778300    0.0031074000    0.0003529800
   0.0001091300    0.0035548200    0.0000103200
  -0.0013587300    0.0018532600    0.0000126100
  -0.0002275800    0.0000373100    0.0000077200
  -0.0000758300   -0.0000255300    0.0000076500
  -0.0010930800   -0.0016325800    0.0000124500
  -0.0009015300   -0.0027602900    0.0000091800
   0.0024021800   -0.0012107800    0.0003491500
   0.0021691100    0.0005029700    0.0004758500
   0.0142921700   -0.0030572900   -0.0053202400
  -0.0000140900    0.0086787800    0.0001001900
  -0.0024262000    0.0035858400    0.0000287600
  -0.0024179000    0.0015696600    0.0000126300
  -0.0019005600   -0.0003506300    0.0000074200
  -0.0020489700   -0.0015425900    0.0000124500
  -0.0026577600   -0.0037482700    0.0000270500
  -0.0007096400   -0.0085578200    0.0001092600
   0.0145285400    0.0014716100   -0.0053502300
   0.1882582200    0.0049026300    0.0943125500
  -0.0046631200    0.0334506300    0.0041329300
  -0.0076455000    0.0055682400    0.0001016500
  -0.0047006200    0.0012129800    0.0000105000
  -0.0035301800    0.0007547400    0.0000118800
  -0.0031228800   -0.0001446500    0.0000117700
  -0.0044469000   -0.0023358300    0.0000090100
  -0.0078420900   -0.0059703500    0.0001077500
  -0.0046076200   -0.0326986000    0.0039687900
   0.4215755300   -0.1320746900    0.0985610000
   0.4732482800    0.1680179100    0.0890353600
  -0.0209797800   -0.0064434400   -0.0052228300
  -0.0086178700   -0.0005506300    0.0003459300
  -0.0040327500   -0.0002068200    0.0000056000
  -0.0037678900    0.0004733600    0.0000081400
  -0.0049076100   -0.0002565700    0.0000051000
  -0.0067480800   -0.0003060400    0.0003554300
  -0.0217239800    0.0072821000   -0.0054349600
  -0.0118944200    0.0287486100   -0.0054212500
   0.0526572900   -0.0007146200    0.0040505400
  -0.0108525500   -0.0285847800   -0.0052391800
  -0.0092688300   -0.0066048600    0.0004703800
  -0.0046085000   -0.0017088900   -0.0000197700
  -0.0032624700   -0.0009408200    0.0000122300
  -0.0040060000   -0.0000302700    0.0000121800
  -0.0053882900    0.0020010100   -0.0000217100
  -0.0081132100    0.0059333200    0.0004805000

81   
  0.0234443241590582   0.0000000000000033   0.0187180037590817
   0.4249838900    0.1340081400    0.0991216900
   0.4707993800   -0.1673372500    0.0885939500
  -0.0219404600    0.0232078400   -0.0055466200
  -0.0076777500    0.0039306500    0.0003705900
  -0.0039655500    0.0012732000    0.0000035400
  -0.0034283500    0.0002154000    0.0000067400
  -0.0043491200   -0.0003361500    0.0000046800
  -0.0081577400   -0.0031254600    0.0003488300
  -0.0219178100   -0.0228244000   -0.0052534800
  -0.0050389500    0.0322986300    0.0040661900
   0.1877940500   -0.0053642100    0.0942354100
  -0.0045822800   -0.0339303000    0.0041632300
  -0.0076980400   -0.0048410800    0.0000982600
  -0.0045731300   -0.0009212400    0.0000070600
  -0.0037041300   -0.0004417500    0.0000109900
  -0.0028952500   -0.0000609600    0.0000109900
  -0.0048249800    0.0005666000    0.0000086100
  -0.0086395000    0.0041353800    0.0001054300
  -0.0008988200    0.0099071700    0.0001083700
   0.0147596400    0.0144212800   -0.0052060500
   0.0140505200   -0.0135096200   -0.0056784200
  -0.0003399100   -0.0097222900    0.0000896600
  -0.0022691600   -0.0039104900    0.0000206700
  -0.0027534700   -0.0011846900    0.0000123700
  -0.0021305200   -0.0001946100    0.0000065100
  -0.0022173100    0.0006369200    0.0000119300
  -0.0030193500    0.0032279500    0.0000269300
  -0.0005818800    0.0044891800    0.0000093700
   0.0023362100    0.0059844500    0.0003301200
   0.0016373800    0.0001506600    0.0004803000
   0.0011677100   -0.0041128000    0.0003804500
   0.0008415300   -0.0030721400    0.0000106100
  -0.0003705100   -0.0025132800    0.0000112700
  -0.0013440500   -0.0004730000    0.0000061000
  -0.0011715700    0.0009436400    0.0000060200
  -0.0011339100    0.0018186000    0.0000118800
  -0.0003942700    0.0014097400    0.0000108400
  -0.0000673800    0.0026368400    0.0000055500
   0.0003395400    0.0017698800   -0.0000218900
   0.0006069700   -0.0006533600   -0.0000227800
  -0.0003121600   -0.0017997400    0.0000106000
   0.0000244600   -0.0010879200    0.0000065300
   0.0001212600   -0.0001673100    0.0000058300
  -0.0002105000    0.0004458100    0.0000065700
   0.0001128800    0.0012615100    0.0000109200
  -0.0003571100    0.0016698500    0.0000067800
  -0.0008660900    0.0013939600    0.0000110300
  -0.0001183400    0.0000945000    0.0000124100
  -0.0006746100   -0.0015318700   -0.0000029500
  -0.0000114100   -0.0022922300    0.0000103900
  -0.0002521300   -0.0016688100    0.0000112200
   0.0014668100   -0.0007859900    0.0000118200
   0.0010651800    0.0004259500    0.0000119400
   0.0021322700    0.0016176700    0.0000090200
  -0.0010260100    0.0019292800    0.0000047400
  -0.0014161900    0.0018371000    0.0000112500
  -0.0015818700    0.0011779000    0.0000046800
  -0.0017812600   -0.0004617900    0.0000081000
  -0.0013593600   -0.0011986500    0.0000111100
  -0.0002919600   -0.0022694900    0.0000014000
   0.0017063500   -0.0015442600    0.0000084200
   0.0039046300    0.0000764400    0.0000278000
   0.0081916400    0.0040441300    0.0001035200
  -0.0009772300    0.0039978400    0.0003475600
  -0.0029900600    0.0035249500   -0.0000204800
  -0.0025275400    0.0014968600    0.0000140400
  -0.0026283000    0.0001930300    0.0000043600
  -0.0029614900   -0.0017188700    0.0000139800
  -0.0030151200   -0.0033694700   -0.0000210300
  -0.0010338700   -0.0039797000    0.0003653500
   0.0080596500   -0.0034903300    0.0001027200
   0.0520319600    0.0002387800    0.0040300400
  -0.0117995300    0.0123516400   -0.0052481600
  -0.0081517300    0.0061952800    0.0004746300
  -0.0047002900    0.0028090700   -0.0000208400
  -0.0030082900    0.0011059800    0.0000113300
  -0.0039074300   -0.0006441400    0.0000111400
  -0.0050627300   -0.0021269600   -0.0000194800
  -0.0083342800   -0.0063584400    0.0004688400
  -0.0120259200   -0.0121695300   -0.0053493200
  -1.2983755500    0.0374399800   -0.1540410100
   0.1104195700   -0.0061832300   -0.0212717500
   0.0154035200    0.0001497100    0.0007996500
   0.0054552500   -0.0005132000   -0.0000638200
   0.0044388200    0.0003842300   -0.0000110200
   0.0038297400   -0.0000818500   -0.0000109200
   0.0062197400   -0.0006122600   -0.0000598800
   0.0155826200    0.0002650500    0.0007158100
   0.1046187600    0.0069708100   -0.0192902200
  -0.0083473000   -0.0730469800   -0.0192632200
  -0.0086814100    0.0742797400   -0.0209382100
   0.0092774700    0.0121856300    0.0011473100
   0.0055427000    0.0039073400   -0.0001559100
   0.0041416100    0.0015241100   -0.0000040600
   0.0032404000    0.0005426100   -0.0000102900
   0.0034865900   -0.0006980700   -0.0000046300
   0.0068322200   -0.0032732200   -0.0001553900
   0.0094449400   -0.0114811800    0.0011114300
  -0.0023171700   -0.0105438100    0.0006783300
  -0.0119220800   -0.0008690800    0.0011470400
  -0.0014950100    0.0094429300    0.0007794400
   0.0020624900    0.0045658100   -0.0001512200
   0.0029872900    0.0020166700   -0.0000028200
   0.0030081500    0.0003871500   -0.0000098000
   0.0020276200   -0.0007399000   -0.0000096700
   0.0029793100   -0.0020533400   -0.0000034200
   0.0032294400   -0.0051212600   -0.0001533200
   0.0002011100   -0.0039485200   -0.0000569300
  -0.0033277400   -0.0018971500   -0.0001518800
  -0.0024286900    0.0010193100   -0.0001502900
  -0.0004669400    0.0003391900   -0.0000798600
   0.0004590900    0.0022748700   -0.0000028500
   0.0015747000    0.0012850700   -0.0000091100
   0.0010203300   -0.0002503200   -0.0000048900
   0.0013577500   -0.0016752800   -0.0000097200
   0.0011819100   -0.0029823200   -0.0000047600
   0.0001713400   -0.0012256300   -0.0000108600
  -0.0000807200   -0.0013373400   -0.0000050700
  -0.0013135100   -0.0004046200   -0.0000014500
   0.0008427800    0.0008262400   -0.0000060400
  -0.0010479000    0.0017079900   -0.0000143400
   0.0006015600    0.0014872100   -0.0000094800
  -0.0001715000    0.0010182700   -0.0000099800
   0.0004519800    0.0002761900   -0.0000095500
   0.0003894500   -0.0011632600   -0.0000102200
  -0.0001006400   -0.0027513400   -0.0000112200
   0.0007495400   -0.0017641600   -0.0000101700
   0.0003565900   -0.0008526800   -0.0000093800
   0.0001035100    0.0009313100   -0.0000054400
   0.0004341300    0.0015384600   -0.0000097100
   0.0003965800    0.0025788200   -0.0000113300
  -0.0006342300    0.0016626400   -0.0000055100
  -0.0013496200    0.0000359000   -0.0000039600
  -0.0002468800   -0.0023226400   -0.0000049200
  -0.0002378200   -0.0040182800   -0.0000585300
   0.0007911900   -0.0025176800   -0.0000045700
   0.0014837200   -0.0016163000   -0.0000097200
   0.0012502800   -0.0005005600   -0.0000056100
   0.0011690700    0.0017833400   -0.0000101200
   0.0013347300    0.0032071900   -0.0000045900
  -0.0000479700    0.0033091000   -0.0000610300
  -0.0031626100    0.0021421800   -0.0001550700
  -0.0028030000   -0.0020707100   -0.0001534600
  -0.0022358700   -0.0095013200    0.0007277800
   0.0029921100   -0.0055397500   -0.0001563800
   0.0031658400   -0.0018584100   -0.0000033400
   0.0016779700   -0.0010559400   -0.0000095300
   0.0030122100    0.0004510800   -0.0000096600
   0.0028687800    0.0029128300   -0.0000040000
   0.0022665400    0.0055175600   -0.0001558700
  -0.0008991700    0.0094113200    0.0007414200
  -0.0122007400    0.0005209700    0.0011364800
  -0.0095483300   -0.0602179400   -0.0203469200
   0.0092933000   -0.0126890800    0.0011480600
   0.0068058500   -0.0031248000   -0.0001564800
   0.0035374400   -0.0011908200   -0.0000043700
   0.0038745900    0.0001750600   -0.0000103000
   0.0043963800    0.0004657400   -0.0000049600
   0.0057186600    0.0026582300   -0.0001533700
   0.0087858300    0.0124094100    0.0011202300
  -0.0081686500    0.0599619200   -0.0199792800

81   
 -0.0234443241590582  -0.0000000000000033  -0.0187180037590817
  -0.4764276400   -0.1695561700   -0.0882450900
  -0.4217753300    0.1318893100   -0.0993631600
   0.0219569100   -0.0230917400    0.0054089700
   0.0082079000   -0.0035449500   -0.0003611000
   0.0052918000   -0.0005390300   -0.0000042800
   0.0042664800    0.0002702200   -0.0000067200
   0.0048657200    0.0015854000   -0.0000039300
   0.0075958600    0.0044409900   -0.0003581200
   0.0214219300    0.0235531100    0.0053895100
   0.0040181200   -0.0340183300   -0.0039989300
  -0.1882773700   -0.0064231600   -0.0942615300
   0.0052226400    0.0322662900   -0.0042246700
   0.0085252900    0.0037907800   -0.0001010200
   0.0050965200    0.0004121500   -0.0000072700
   0.0034308200   -0.0001457500   -0.0000109600
   0.0042227400   -0.0002753100   -0.0000109800
   0.0048061000   -0.0007551400   -0.0000083900
   0.0072050500   -0.0045831400   -0.0001027800
  -0.0001641400   -0.0103034600   -0.0001087500
  -0.0142804800   -0.0135716300    0.0053934600
  -0.0141382700    0.0139875000    0.0054938900
   0.0004293600    0.0103308100   -0.0000901400
   0.0025745400    0.0033604300   -0.0000209700
   0.0024288100    0.0012129600   -0.0000123300
   0.0027535000   -0.0001589100   -0.0000065000
   0.0030164300   -0.0017030400   -0.0000119200
   0.0022304500   -0.0042588400   -0.0000267500
   0.0001428800   -0.0039579300   -0.0000087900
  -0.0022381600   -0.0053707900   -0.0003462300
  -0.0026391200   -0.0004435000   -0.0004813800
  -0.0015516500    0.0044571800   -0.0003652900
  -0.0003752200    0.0034064400   -0.0000113200
   0.0016555000    0.0018983000   -0.0000112400
   0.0011486200    0.0008697700   -0.0000060700
   0.0014007500   -0.0003638600   -0.0000059900
   0.0012139200   -0.0025951200   -0.0000118600
   0.0002107700   -0.0031198100   -0.0000108800
  -0.0004787200   -0.0029674400   -0.0000042400
  -0.0008902100   -0.0016080000    0.0000223000
  -0.0005960800    0.0000924400    0.0000228800
   0.0002361400    0.0012004800   -0.0000105600
   0.0005615200    0.0010428400   -0.0000065000
   0.0004115900   -0.0002282100   -0.0000058100
   0.0003361400   -0.0020292400   -0.0000065400
  -0.0002532500   -0.0021388500   -0.0000109300
   0.0003845700   -0.0022894200   -0.0000068700
   0.0000335200   -0.0015113400   -0.0000111200
   0.0005016600   -0.0002709500   -0.0000124400
   0.0012294100    0.0017074700    0.0000026400
  -0.0004463700    0.0024248500   -0.0000103600
  -0.0002948200    0.0015034200   -0.0000111400
  -0.0005353200    0.0005699400   -0.0000118000
  -0.0010074600   -0.0009947800   -0.0000119100
  -0.0012998800   -0.0023972900   -0.0000086100
   0.0000200800   -0.0026484000   -0.0000040500
   0.0013430900   -0.0016253400   -0.0000112600
   0.0013358700   -0.0001633800   -0.0000046700
   0.0013703700    0.0010826500   -0.0000080800
   0.0014915000    0.0026794700   -0.0000110500
   0.0006474100    0.0028596700   -0.0000020800
  -0.0015645000    0.0026180400   -0.0000087900
  -0.0036231000    0.0001393300   -0.0000277700
  -0.0085273300   -0.0029327400   -0.0001058400
   0.0009265100   -0.0040634800   -0.0003551700
   0.0032277500   -0.0023182200    0.0000210000
   0.0031247200   -0.0012930100   -0.0000140300
   0.0025910800    0.0002893900   -0.0000043500
   0.0027471500    0.0013240300   -0.0000139200
   0.0033324800    0.0028584300    0.0000205000
   0.0010869400    0.0045036600   -0.0003575700
  -0.0086264900    0.0038732300   -0.0001004200
  -0.0530111300    0.0005963500   -0.0040286100
   0.0105676900   -0.0125313100    0.0053010200
   0.0092607900   -0.0063766000   -0.0004770700
   0.0053984700   -0.0022087300    0.0000210300
   0.0043056000   -0.0001652000   -0.0000112300
   0.0033990500    0.0007766500   -0.0000111800
   0.0050162000    0.0030667900    0.0000193300
   0.0091310100    0.0064765500   -0.0004662000
   0.0108915300    0.0133172300    0.0052969200
   1.3003006400    0.0448968900    0.1539319100
  -0.1050705000    0.0071801300    0.0193845200
  -0.0156499800    0.0005217700   -0.0007372500
  -0.0069800100   -0.0005540700    0.0000607700
  -0.0037926600    0.0003083300    0.0000110000
  -0.0043800700   -0.0001093100    0.0000107500
  -0.0061736200   -0.0006795900    0.0000627500
  -0.0153445500   -0.0002402600   -0.0007787700
  -0.1103653100   -0.0059186400    0.0211825600
   0.0093218500    0.0742948200    0.0205871800
   0.0088816400   -0.0737124100    0.0196195900
  -0.0096937900   -0.0119203900   -0.0010832400
  -0.0067664200   -0.0035013900    0.0001534500
  -0.0040498700   -0.0006431600    0.0000044900
  -0.0037670700    0.0005011600    0.0000103300
  -0.0046878400    0.0013987800    0.0000042300
  -0.0054913800    0.0039876400    0.0001582800
  -0.0088032000    0.0126636500   -0.0011777600
   0.0016907200    0.0099476900   -0.0007441600
   0.0116328200   -0.0001543600   -0.0011477600
   0.0013552200   -0.0099879400   -0.0007197500
  -0.0022477700   -0.0048533500    0.0001477900
  -0.0028031300   -0.0025411200    0.0000030800
  -0.0021897800   -0.0009447100    0.0000097500
  -0.0032059800    0.0005683400    0.0000097700
  -0.0029170400    0.0025958600    0.0000030100
  -0.0019521700    0.0048399400    0.0001584400
   0.0007581700    0.0034629100    0.0000610700
   0.0026223500    0.0019410500    0.0001529000
   0.0030928800   -0.0008072000    0.0001497500
   0.0004552900   -0.0004504200    0.0000781800
  -0.0010502900   -0.0019233100    0.0000028200
  -0.0010189800   -0.0011164400    0.0000093800
  -0.0017672400   -0.0002073000    0.0000049000
  -0.0014838400    0.0009379200    0.0000096600
  -0.0010553900    0.0021563300    0.0000042500
  -0.0002804400    0.0031780700    0.0000108000
   0.0010685000    0.0020587800    0.0000048800
   0.0009772300    0.0005568500    0.0000014300
  -0.0009941400   -0.0008756500    0.0000059900
   0.0012700200   -0.0017350100    0.0000141700
  -0.0003836700   -0.0013043100    0.0000097100
  -0.0008048300   -0.0002246700    0.0000101000
  -0.0001510500    0.0016716800    0.0000094900
  -0.0004773100    0.0023103800    0.0000102700
  -0.0005447000    0.0017150300    0.0000111300
  -0.0001115300    0.0017579700    0.0000103100
  -0.0001926000    0.0005974100    0.0000095000
  -0.0004797700   -0.0009334000    0.0000056300
  -0.0003538600   -0.0022994700    0.0000097000
  -0.0000261100   -0.0026564200    0.0000113400
   0.0003833700   -0.0018751500    0.0000057700
   0.0007997600    0.0000103600    0.0000040200
   0.0009008100    0.0011685500    0.0000047200
   0.0003497400    0.0033586800    0.0000602300
  -0.0014338900    0.0029673000    0.0000045400
  -0.0013008000    0.0010714700    0.0000098500
  -0.0014558000   -0.0006614100    0.0000055900
  -0.0016325700   -0.0011914200    0.0000101100
  -0.0009945100   -0.0026944800    0.0000046900
   0.0003284700   -0.0045387300    0.0000595700
   0.0029612000   -0.0026414700    0.0001528400
   0.0033768900    0.0024276900    0.0001557600
   0.0017016800    0.0097059700   -0.0007337000
  -0.0022698800    0.0057302600    0.0001573200
  -0.0026927300    0.0028301000    0.0000034200
  -0.0034591600    0.0001661500    0.0000095200
  -0.0021217000   -0.0009620900    0.0000097200
  -0.0030253100   -0.0020041300    0.0000040200
  -0.0031871900   -0.0060470700    0.0001549100
   0.0027950800   -0.0103982300   -0.0007367000
   0.0115608500    0.0002992900   -0.0011367100
   0.0080348000    0.0594587400    0.0198027600
  -0.0091341500    0.0118513700   -0.0011425700
  -0.0055332500    0.0029898500    0.0001564700
  -0.0045847600    0.0006175900    0.0000046800
  -0.0030469000    0.0001083700    0.0000102700
  -0.0036948100   -0.0014832300    0.0000048000
  -0.0065787800   -0.0035782000    0.0001534200
  -0.0097370400   -0.0122321600   -0.0011250800
   0.0095438900   -0.0614021000    0.0205375100

81   
 -0.0149999999993716   0.0259807621138959   0.0000000000000000
  -0.1156063900    0.2120751300    0.0000000000
  -0.4040121800    0.3774312100    0.0000000000
   0.0218981400   -0.0051120600    0.0000000000
   0.0055318700    0.0015655200    0.0000000000
   0.0035519100    0.0012112100    0.0000000000
   0.0028239800    0.0010367800    0.0000000000
   0.0031541000    0.0025542700    0.0000000000
   0.0044296900    0.0067486700    0.0000000000
   0.0054246100    0.0248248300    0.0000000000
   0.0394523000    0.0157592300    0.0000000000
  -0.1150730100    0.6305978300    0.0000000000
  -0.0345830400    0.0568959400    0.0000000000
  -0.0011693100    0.0111815700    0.0000000000
   0.0013469200    0.0029787600    0.0000000000
   0.0015684200    0.0009971900    0.0000000000
   0.0033105400    0.0009164300    0.0000000000
   0.0048804700    0.0021960500    0.0000000000
   0.0107938200    0.0059172700    0.0000000000
   0.0089832300   -0.0063022000    0.0000000000
  -0.0122516600   -0.0375101500    0.0000000000
  -0.0076439000   -0.0209925500    0.0000000000
  -0.0091989100    0.0066445600    0.0000000000
  -0.0024679500    0.0039216500    0.0000000000
  -0.0002211300    0.0016855800    0.0000000000
   0.0017449200    0.0003055000    0.0000000000
   0.0035050900   -0.0004746600    0.0000000000
   0.0052553500   -0.0011616400    0.0000000000
   0.0033440600   -0.0045696100    0.0000000000
   0.0005456300   -0.0105454900    0.0000000000
  -0.0024517300   -0.0135998200    0.0000000000
  -0.0053463000   -0.0030666600    0.0000000000
  -0.0027190600    0.0007300300    0.0000000000
  -0.0010163300    0.0004472100    0.0000000000
  -0.0001478200    0.0000367300    0.0000000000
   0.0015584400   -0.0007645200    0.0000000000
   0.0028557200   -0.0025720900    0.0000000000
   0.0021619400   -0.0046377700    0.0000000000
   0.0014364000   -0.0056734400    0.0000000000
  -0.0000886000   -0.0069004000    0.0000000000
  -0.0013254400   -0.0059110100    0.0000000000
  -0.0017024500   -0.0002686000    0.0000000000
  -0.0009657900   -0.0009805500    0.0000000000
   0.0002775900   -0.0020835500    0.0000000000
   0.0015185300   -0.0035142200    0.0000000000
   0.0019627400   -0.0044055200    0.0000000000
   0.0023539200   -0.0044217700    0.0000000000
   0.0011299400   -0.0042563500    0.0000000000
   0.0006093500   -0.0037080800    0.0000000000
  -0.0005853000   -0.0026945900    0.0000000000
  -0.0010231600   -0.0020262500    0.0000000000
  -0.0026272700   -0.0019682800    0.0000000000
  -0.0012359900   -0.0029175300    0.0000000000
   0.0003708000   -0.0039690100    0.0000000000
   0.0027032600   -0.0061022700    0.0000000000
   0.0033639200   -0.0047806500    0.0000000000
   0.0029876600   -0.0033914300    0.0000000000
   0.0016139700   -0.0022719100    0.0000000000
   0.0001250900   -0.0019139800    0.0000000000
  -0.0010702400   -0.0009856600    0.0000000000
  -0.0027955300   -0.0015562700    0.0000000000
  -0.0043612800   -0.0027241000    0.0000000000
  -0.0021812600   -0.0052733900    0.0000000000
   0.0002963400   -0.0108899300    0.0000000000
   0.0089339300   -0.0062528500    0.0000000000
   0.0060554300   -0.0032957500    0.0000000000
   0.0036844400   -0.0021320900    0.0000000000
   0.0016929700   -0.0010981300    0.0000000000
   0.0002076100   -0.0008820100    0.0000000000
  -0.0017954800   -0.0006902100    0.0000000000
  -0.0077637400   -0.0010230700    0.0000000000
  -0.0109626700   -0.0069307100    0.0000000000
  -0.0324574900   -0.0262856000    0.0000000000
   0.0378344000   -0.0089724700    0.0000000000
   0.0131086300   -0.0056585000    0.0000000000
   0.0056501400   -0.0013242400    0.0000000000
   0.0034681700   -0.0000364300    0.0000000000
   0.0015904300    0.0003223000    0.0000000000
   0.0010835900    0.0018861400    0.0000000000
  -0.0012182200    0.0023098600    0.0000000000
  -0.0257363200    0.0072244200    0.0000000000
   0.7698636000   -1.4575117000    0.0000000000
  -0.0614069100   -0.0465239300    0.0000000000
  -0.0099261800   -0.0081107000    0.0000000000
  -0.0047210400   -0.0032500600    0.0000000000
  -0.0022866100   -0.0008221900    0.0000000000
  -0.0028162800   -0.0012006000    0.0000000000
  -0.0038186900   -0.0032718400    0.0000000000
  -0.0097346100   -0.0086890900    0.0000000000
  -0.0766590300   -0.0566029500    0.0000000000
  -0.0622959600    0.1258654600    0.0000000000
   0.0746539200    0.0295428900    0.0000000000
   0.0078906300   -0.0124892100    0.0000000000
  -0.0010978200   -0.0047090300    0.0000000000
  -0.0014689000   -0.0013639900    0.0000000000
  -0.0024056900   -0.0000957300    0.0000000000
  -0.0041217900   -0.0000034800    0.0000000000
  -0.0065447300    0.0001393100    0.0000000000
  -0.0191056800    0.0029245200    0.0000000000
  -0.0092991600    0.0167400800    0.0000000000
   0.0078232000    0.0172104500    0.0000000000
   0.0129644100    0.0044773300    0.0000000000
   0.0044353500   -0.0018738300    0.0000000000
   0.0009844800   -0.0015348300    0.0000000000
  -0.0004158200   -0.0003840100    0.0000000000
  -0.0028530800    0.0006958200    0.0000000000
  -0.0043173400    0.0020859300    0.0000000000
  -0.0070380000    0.0042837500    0.0000000000
  -0.0031086700    0.0064325000    0.0000000000
  -0.0003995700    0.0084616800    0.0000000000
   0.0052150800    0.0066481200    0.0000000000
   0.0051662100   -0.0002844000    0.0000000000
   0.0020495000    0.0004677900    0.0000000000
   0.0009874300    0.0008496400    0.0000000000
  -0.0011631600    0.0013837800    0.0000000000
  -0.0023329900    0.0021210400    0.0000000000
  -0.0034948300    0.0033578400    0.0000000000
  -0.0024889600    0.0053669600    0.0000000000
  -0.0008070700    0.0051933200    0.0000000000
   0.0008656600    0.0046559300    0.0000000000
   0.0016793000    0.0041138400    0.0000000000
  -0.0005776400    0.0001240500    0.0000000000
   0.0019311300    0.0013168400    0.0000000000
   0.0001867300    0.0028272900    0.0000000000
  -0.0006808800    0.0043144500    0.0000000000
  -0.0021307100    0.0043911400    0.0000000000
  -0.0028119000    0.0039399800    0.0000000000
  -0.0017972200    0.0036916900    0.0000000000
  -0.0008909900    0.0029782200    0.0000000000
   0.0001023200    0.0024780000    0.0000000000
   0.0013661300    0.0014705400    0.0000000000
   0.0021272500    0.0021516300    0.0000000000
   0.0020049800    0.0029127900    0.0000000000
   0.0004355500    0.0048455800    0.0000000000
  -0.0010290700    0.0045781100    0.0000000000
  -0.0038239100    0.0064206700    0.0000000000
  -0.0038654700    0.0040592500    0.0000000000
  -0.0022911000    0.0021455600    0.0000000000
  -0.0011339700    0.0010475900    0.0000000000
   0.0001508200    0.0012867600    0.0000000000
   0.0022125000    0.0008876200    0.0000000000
   0.0043826500    0.0017306600    0.0000000000
   0.0036847900    0.0060461200    0.0000000000
   0.0003402300    0.0092419400    0.0000000000
  -0.0103350800    0.0166469000    0.0000000000
  -0.0068446800    0.0049302800    0.0000000000
  -0.0042353100    0.0022602200    0.0000000000
  -0.0033288500    0.0003206600    0.0000000000
  -0.0005483300   -0.0002185800    0.0000000000
   0.0005963800   -0.0005724700    0.0000000000
   0.0034211000   -0.0024107100    0.0000000000
   0.0135090000    0.0042978300    0.0000000000
   0.0069717900    0.0183020200    0.0000000000
  -0.0749277000    0.1099490900    0.0000000000
  -0.0191509400    0.0023144800    0.0000000000
  -0.0073489300   -0.0006683200    0.0000000000
  -0.0043124800   -0.0007670700    0.0000000000
  -0.0018078700   -0.0004272200    0.0000000000
  -0.0010306200   -0.0020623200    0.0000000000
  -0.0002136000   -0.0048621900    0.0000000000
   0.0073806500   -0.0128152200    0.0000000000
   0.0874876700    0.0376778600    0.0000000000

81   
  0.0149999999993716  -0.0259807621138959   0.0000000000000000
   0.1247345500   -0.2051258800    0.0000000000
   0.5010393600   -0.4211076400    0.0000000000
  -0.0221256200    0.0051041100    0.0000000000
  -0.0050994300   -0.0011433100    0.0000000000
  -0.0023172200   -0.0004512200    0.0000000000
  -0.0020814900   -0.0005401900    0.0000000000
  -0.0027729200   -0.0012927700    0.0000000000
  -0.0052826000   -0.0054574700    0.0000000000
  -0.0072504200   -0.0249162800    0.0000000000
  -0.0386774200   -0.0138984200    0.0000000000
   0.1248822100   -0.5260464500    0.0000000000
   0.0333808200   -0.0578721100    0.0000000000
   0.0016345300   -0.0119252800    0.0000000000
  -0.0009573600   -0.0034195800    0.0000000000
  -0.0019280200   -0.0015529000    0.0000000000
  -0.0020546000   -0.0012017800    0.0000000000
  -0.0049623500   -0.0022348900    0.0000000000
  -0.0121590200   -0.0057207600    0.0000000000
  -0.0095863700    0.0062388200    0.0000000000
   0.0124632400    0.0371648300    0.0000000000
   0.0074047900    0.0202680700    0.0000000000
   0.0090083600   -0.0062304700    0.0000000000
   0.0025969200   -0.0044623700    0.0000000000
  -0.0002008500   -0.0016402200    0.0000000000
  -0.0011708000   -0.0006266700    0.0000000000
  -0.0027079600   -0.0005031200    0.0000000000
  -0.0059324600    0.0003518900    0.0000000000
  -0.0036589300    0.0051338200    0.0000000000
  -0.0003670200    0.0109582000    0.0000000000
   0.0014449700    0.0127418300    0.0000000000
   0.0047959800    0.0031911100    0.0000000000
   0.0031112800   -0.0004844800    0.0000000000
   0.0022180100   -0.0011083200    0.0000000000
  -0.0000879700    0.0003487500    0.0000000000
  -0.0013261700    0.0013660400    0.0000000000
  -0.0027209000    0.0018507200    0.0000000000
  -0.0022892200    0.0029180900    0.0000000000
  -0.0019318300    0.0052695800    0.0000000000
  -0.0004520100    0.0068548000    0.0000000000
   0.0012966100    0.0051248200    0.0000000000
   0.0015719700   -0.0003776900    0.0000000000
   0.0015213400    0.0008811600    0.0000000000
   0.0002671600    0.0016578500    0.0000000000
  -0.0013537300    0.0019250400    0.0000000000
  -0.0020507900    0.0035070300    0.0000000000
  -0.0022962100    0.0037640200    0.0000000000
  -0.0019575600    0.0040540900    0.0000000000
  -0.0002474600    0.0034066000    0.0000000000
   0.0010687400    0.0027152100    0.0000000000
   0.0005542100    0.0020018800    0.0000000000
   0.0020391900    0.0016906900    0.0000000000
   0.0021973100    0.0026149900    0.0000000000
  -0.0002465400    0.0033563300    0.0000000000
  -0.0017616000    0.0053033300    0.0000000000
  -0.0043414500    0.0040468100    0.0000000000
  -0.0030683400    0.0035690000    0.0000000000
  -0.0018953000    0.0032147800    0.0000000000
  -0.0006113100    0.0024180600    0.0000000000
   0.0011007000    0.0023182200    0.0000000000
   0.0030740100    0.0019733500    0.0000000000
   0.0045162000    0.0036289300    0.0000000000
   0.0026233000    0.0053815500    0.0000000000
  -0.0001713900    0.0119987300    0.0000000000
  -0.0089866100    0.0061987600    0.0000000000
  -0.0058504100    0.0045180200    0.0000000000
  -0.0031348500    0.0023129900    0.0000000000
  -0.0018118600    0.0015180800    0.0000000000
  -0.0005632500    0.0003749600    0.0000000000
   0.0018914400   -0.0000061900    0.0000000000
   0.0076314700    0.0012761200    0.0000000000
   0.0106535300    0.0069881200    0.0000000000
   0.0340051800    0.0260014700    0.0000000000
  -0.0394885400    0.0085855700    0.0000000000
  -0.0120831900    0.0055669000    0.0000000000
  -0.0050115700    0.0019443500    0.0000000000
  -0.0022508800    0.0009649900    0.0000000000
  -0.0022238900   -0.0002337800    0.0000000000
  -0.0013790900   -0.0010608500    0.0000000000
   0.0014102000   -0.0025325700    0.0000000000
   0.0234082000   -0.0069935500    0.0000000000
  -0.8866856300    1.3895635300    0.0000000000
   0.0627168100    0.0481657300    0.0000000000
   0.0096719500    0.0085973600    0.0000000000
   0.0032833500    0.0021303700    0.0000000000
   0.0030230300    0.0014882600    0.0000000000
   0.0023793100    0.0009690700    0.0000000000
   0.0040662400    0.0018701800    0.0000000000
   0.0106039900    0.0083196700    0.0000000000
   0.0760939400    0.0555344600    0.0000000000
   0.0574601900   -0.1182668500    0.0000000000
  -0.0720289300   -0.0291159800    0.0000000000
  -0.0075913700    0.0128342700    0.0000000000
   0.0000745800    0.0050798200    0.0000000000
   0.0016654600    0.0022236300    0.0000000000
   0.0019582600    0.0011063900    0.0000000000
   0.0029926400    0.0006139200    0.0000000000
   0.0079223700    0.0003244700    0.0000000000
   0.0193222500   -0.0023819600    0.0000000000
   0.0080819100   -0.0170101800    0.0000000000
  -0.0080751800   -0.0174867900    0.0000000000
  -0.0127459700   -0.0046811700    0.0000000000
  -0.0044007600    0.0016985900    0.0000000000
  -0.0006674000    0.0010440600    0.0000000000
   0.0013058900   -0.0001691000    0.0000000000
   0.0017061100   -0.0008975100    0.0000000000
   0.0043478700   -0.0016214100    0.0000000000
   0.0080964900   -0.0046681200    0.0000000000
   0.0039106600   -0.0068303000    0.0000000000
  -0.0004156900   -0.0081563300    0.0000000000
  -0.0044323000   -0.0061528300    0.0000000000
  -0.0050209900    0.0001714900    0.0000000000
  -0.0025429900   -0.0000369300    0.0000000000
  -0.0003695900   -0.0006277200    0.0000000000
   0.0004369500   -0.0018184900    0.0000000000
   0.0021825600   -0.0028631500    0.0000000000
   0.0035333800   -0.0041900200    0.0000000000
   0.0023144600   -0.0033747900    0.0000000000
   0.0017387600   -0.0043703500    0.0000000000
  -0.0011853400   -0.0043489500    0.0000000000
  -0.0017335000   -0.0039813700    0.0000000000
   0.0007327800   -0.0000836600    0.0000000000
  -0.0016529200   -0.0010501400    0.0000000000
  -0.0011504800   -0.0019603200    0.0000000000
   0.0009559000   -0.0023299400    0.0000000000
   0.0019927800   -0.0032264700    0.0000000000
   0.0021229700   -0.0049604200    0.0000000000
   0.0024095800   -0.0036560600    0.0000000000
   0.0010577900   -0.0031512400    0.0000000000
  -0.0004387000   -0.0023509400    0.0000000000
  -0.0012244400   -0.0020824600    0.0000000000
  -0.0017089400   -0.0020500800    0.0000000000
  -0.0022503600   -0.0029774500    0.0000000000
  -0.0010396200   -0.0047075600    0.0000000000
   0.0016186700   -0.0057061800    0.0000000000
   0.0038818800   -0.0071171700    0.0000000000
   0.0032113000   -0.0036149800    0.0000000000
   0.0024908100   -0.0026591000    0.0000000000
   0.0009767600   -0.0021373200    0.0000000000
  -0.0005284600   -0.0005764300    0.0000000000
  -0.0017684200   -0.0001946000    0.0000000000
  -0.0040471000   -0.0027105100    0.0000000000
  -0.0039804700   -0.0063105000    0.0000000000
   0.0000694300   -0.0088467900    0.0000000000
   0.0097286200   -0.0167937300    0.0000000000
   0.0075842100   -0.0048073300    0.0000000000
   0.0047436300   -0.0013004000    0.0000000000
   0.0016070300   -0.0011901500    0.0000000000
   0.0015420800   -0.0002396200    0.0000000000
  -0.0005787100    0.0015972200    0.0000000000
  -0.0041111900    0.0021783200    0.0000000000
  -0.0115580800   -0.0047049200    0.0000000000
  -0.0081067700   -0.0171534400    0.0000000000
   0.0772948400   -0.1175804400    0.0000000000
   0.0194794400   -0.0031756700    0.0000000000
   0.0086838500    0.0004894700    0.0000000000
   0.0033327700    0.0001738300    0.0000000000
   0.0027323300    0.0007084200    0.0000000000
   0.0019011800    0.0010491500    0.0000000000
  -0.0002819500    0.0039841900    0.0000000000
  -0.0075668100    0.0134793000    0.0000000000
  -0.0878100000   -0.0373351000    0.0000000000

82   
  0.0234443241590582   0.0000000000000033   0.0187180037590817
  -0.0225721200   -0.0227697500   -0.0052951600
   0.4266435300    0.1347349700    0.0992392800
   0.4750731400   -0.1698068700    0.0885001000
  -0.0217582400    0.0235306400   -0.0055051500
  -0.0072909700    0.0041009400    0.0003660200
  -0.0042162000    0.0011342500    0.0000036600
  -0.0035965400    0.0006064900    0.0000067000
  -0.0049182100   -0.0002740900    0.0000046100
  -0.0081862100   -0.0034979600    0.0003520900
  -0.0078494200    0.0039398000    0.0001030700
  -0.0052712400    0.0325843800    0.0040972300
   0.1877564600   -0.0055640300    0.0940880900
  -0.0035315200   -0.0341495000    0.0041067700
  -0.0076449300   -0.0047489300    0.0001001300
  -0.0049506500   -0.0010284100    0.0000077800
  -0.0028700300   -0.0003257000    0.0000109800
  -0.0035365600    0.0000488100    0.0000110100
  -0.0054699800    0.0005784500    0.0000081100
  -0.0029747400    0.0036212100    0.0000265200
  -0.0000039700    0.0101530100    0.0001154500
   0.0148135300    0.0142151300   -0.0052674600
   0.0143581200   -0.0132802100   -0.0056364500
   0.0002573400   -0.0101687800    0.0001094200
  -0.0026030700   -0.0038485300    0.0000251500
  -0.0022088600   -0.0014234700    0.0000121200
  -0.0019810000   -0.0005446200    0.0000065100
  -0.0029186200    0.0007101300    0.0000119300
  -0.0012848500    0.0024783800    0.0000117900
  -0.0001820600    0.0044748900    0.0000095800
   0.0019291900    0.0053744700    0.0003110300
   0.0020549900    0.0005097900    0.0004233700
   0.0033375000   -0.0042567100    0.0003179700
   0.0006162800   -0.0045237600    0.0000042300
  -0.0010903000   -0.0020545100    0.0000116900
  -0.0010787400   -0.0003941600    0.0000060100
  -0.0011706400    0.0002727400    0.0000060100
  -0.0002912900    0.0003685300    0.0000065700
  -0.0004940400    0.0020680700    0.0000106900
   0.0000101600    0.0028659700    0.0000058600
   0.0005431200    0.0015712200   -0.0000134400
   0.0001285300   -0.0026508900    0.0000130700
   0.0001106300   -0.0021798900    0.0000113000
   0.0000850800   -0.0014060400    0.0000064900
  -0.0000074700   -0.0007915400    0.0000060200
   0.0010335400    0.0002651700    0.0000119000
   0.0002495600    0.0013661300    0.0000108900
  -0.0007508000    0.0018495100    0.0000066400
  -0.0002538700    0.0012181900    0.0000096700
  -0.0004390300    0.0000143200   -0.0000012100
  -0.0005088100   -0.0014196900    0.0000050900
  -0.0007130600   -0.0018443100    0.0000064800
   0.0006843200   -0.0017331500    0.0000108200
   0.0011301600   -0.0009761900    0.0000119000
   0.0042624000   -0.0003917000    0.0000277700
   0.0012628100    0.0016553100    0.0000091800
  -0.0005433900    0.0023761900    0.0000047400
  -0.0015143100    0.0021890500    0.0000113000
  -0.0017587500    0.0008954300    0.0000067700
  -0.0014821900    0.0000396300    0.0000044700
  -0.0011919500   -0.0015067300    0.0000108300
  -0.0004887600   -0.0017320300    0.0000031200
   0.0018924700   -0.0019079200    0.0000087600
   0.0083086400   -0.0030363400    0.0001051200
   0.0084007700    0.0035221400    0.0001041800
  -0.0008236400    0.0046667500    0.0003464200
  -0.0028413800    0.0030236300   -0.0000200800
  -0.0028861400    0.0016120400    0.0000133700
  -0.0027553600   -0.0002376500    0.0000044700
  -0.0027258400   -0.0017144800    0.0000137000
  -0.0031209700   -0.0027230600   -0.0000198100
  -0.0012837700   -0.0039167400    0.0003592600
  -0.0118259500   -0.0122616400   -0.0052937900
   0.0522333000   -0.0000831900    0.0039940800
  -0.0106912500    0.0124625400   -0.0052166200
  -0.0084643500    0.0066433200    0.0004695300
  -0.0044394800    0.0029795400   -0.0000197200
  -0.0039407500    0.0006976500    0.0000112000
  -0.0037189900   -0.0002228200    0.0000110900
  -0.0047179600   -0.0025042100   -0.0000194700
  -0.0093025300   -0.0058184800    0.0004672200
   0.1061122300    0.0058795400   -0.0193823800
  -1.3042206100    0.0402012900   -0.1540023700
   0.1101097900   -0.0058224800   -0.0213339100
   0.0148539100   -0.0005941500    0.0007999800
   0.0065643100    0.0003996000   -0.0000633200
   0.0038471500   -0.0000509400   -0.0000107700
   0.0041492800   -0.0006657000   -0.0000109000
   0.0064245400   -0.0000626800   -0.0000601600
   0.0150316000    0.0005427600    0.0007274400
   0.0093121200   -0.0115991900    0.0011172400
  -0.0079821500   -0.0734699200   -0.0192122100
  -0.0096991600    0.0741527500   -0.0206873600
   0.0083987900    0.0123458400    0.0011874700
   0.0062120100    0.0041875600   -0.0001593700
   0.0038041000    0.0016465400   -0.0000038500
   0.0028736500    0.0003622000   -0.0000103000
   0.0047202300   -0.0007528900   -0.0000043100
   0.0063407600   -0.0031479200   -0.0001568100
   0.0020523400   -0.0051991100   -0.0001537800
  -0.0023202400   -0.0105751700    0.0006488300
  -0.0119673400   -0.0005969100    0.0011524600
  -0.0027297000    0.0095257200    0.0006800500
   0.0024303600    0.0046782900   -0.0001644000
   0.0032194700    0.0020853800   -0.0000016300
   0.0019544900    0.0005985500   -0.0000098900
   0.0025801100   -0.0003924900   -0.0000097000
   0.0034602400   -0.0024791000   -0.0000029400
   0.0014618300   -0.0027702400   -0.0000045300
  -0.0007891700   -0.0036023600   -0.0000578500
  -0.0027032500   -0.0017572500   -0.0001392600
  -0.0036494900    0.0000423800   -0.0000737200
  -0.0010399900    0.0033746300   -0.0000464900
   0.0011201900    0.0025613000   -0.0000042800
   0.0009114700    0.0010560400   -0.0000096400
   0.0012708200   -0.0003675000   -0.0000048000
   0.0013922900   -0.0017072600   -0.0000096900
   0.0002936900   -0.0007338600   -0.0000102100
   0.0006069800   -0.0017881900   -0.0000106600
  -0.0008660000   -0.0016383900   -0.0000037600
   0.0000759100   -0.0008782300   -0.0000181800
  -0.0005188200    0.0017475900   -0.0000227500
   0.0001986900    0.0020476600   -0.0000086500
  -0.0001706700    0.0020530400   -0.0000104700
   0.0003644300    0.0016435400   -0.0000097200
   0.0001794900   -0.0001098300   -0.0000097900
  -0.0009590900   -0.0022626300   -0.0000049300
   0.0004916000   -0.0022085400   -0.0000116400
   0.0004921800   -0.0018228300   -0.0000102300
   0.0001846300   -0.0004959800   -0.0000048800
   0.0003609600    0.0003229800   -0.0000078000
   0.0006466300    0.0017765600   -0.0000090100
   0.0000844700    0.0020690300   -0.0000112400
  -0.0009070000    0.0017565500   -0.0000046900
  -0.0008335300   -0.0005781600   -0.0000037500
  -0.0031068700   -0.0026207700   -0.0001541500
  -0.0006477200   -0.0034863100   -0.0000577500
   0.0012024900   -0.0030050200   -0.0000048800
   0.0013193200   -0.0018737900   -0.0000097500
   0.0011979300    0.0003432400   -0.0000049600
   0.0016218300    0.0016655800   -0.0000101300
   0.0013031600    0.0021931400   -0.0000058900
  -0.0003894900    0.0034940600   -0.0000603100
  -0.0028816100    0.0024908400   -0.0001567000
  -0.0122603700    0.0000982500    0.0011465500
  -0.0016463300   -0.0096074300    0.0007232000
   0.0028864800   -0.0051977600   -0.0001553800
   0.0020680800   -0.0027829200   -0.0000040000
   0.0030577000   -0.0008624500   -0.0000096600
   0.0025377000    0.0011357800   -0.0000096200
   0.0025240100    0.0021352100   -0.0000038800
   0.0036223200    0.0052294700   -0.0001544200
  -0.0023010100    0.0102193700    0.0007367300
  -0.0094164000    0.0602203900   -0.0199299900
  -0.0091085400   -0.0610088300   -0.0203855800
   0.0099419900   -0.0124618100    0.0011405700
   0.0056967600   -0.0033345200   -0.0001549600
   0.0045053700   -0.0007504700   -0.0000045800
   0.0038464400   -0.0004855100   -0.0000102500
   0.0036757100    0.0004786200   -0.0000049400
   0.0057490800    0.0032178400   -0.0001539700
   0.0097305700    0.0119282500    0.0011222000

82   
 -0.0234443241590582  -0.0000000000000033  -0.0187180037590817
   0.0211949600    0.0237016500    0.0054306100
  -0.4775091300   -0.1706072900   -0.0883052700
  -0.4248937100    0.1335061500   -0.0993814800
   0.0222279100   -0.0228966900    0.0053687300
   0.0085791200   -0.0033585800   -0.0003566400
   0.0050403500   -0.0006525600   -0.0000043800
   0.0040990100    0.0006469000   -0.0000067100
   0.0043195800    0.0015820700   -0.0000039000
   0.0076411200    0.0039847000   -0.0003614300
   0.0080003400   -0.0049174800   -0.0001002900
   0.0034590800   -0.0340110300   -0.0040290200
  -0.1884390600   -0.0062695900   -0.0941052000
   0.0055652500    0.0323555100   -0.0041723600
   0.0082736500    0.0040301800   -0.0001029100
   0.0046924600    0.0004032500   -0.0000079600
   0.0042036700   -0.0000105400   -0.0000109700
   0.0035308400   -0.0002005500   -0.0000110200
   0.0041335100   -0.0008227200   -0.0000079100
   0.0020374200   -0.0040351300   -0.0000263200
   0.0003082900   -0.0101793800   -0.0001159500
  -0.0149692200   -0.0138038300    0.0054533900
  -0.0144578000    0.0147814800    0.0054511700
   0.0001733900    0.0096469700   -0.0001085900
   0.0023369600    0.0038431000   -0.0000253200
   0.0028572200    0.0010588000   -0.0000120900
   0.0028044700   -0.0005104600   -0.0000065100
   0.0021843500   -0.0017062300   -0.0000119400
   0.0008744200   -0.0019710800   -0.0000118100
   0.0002644300   -0.0039744100   -0.0000089900
  -0.0029860700   -0.0058385500   -0.0003271600
  -0.0024819200   -0.0000513700   -0.0004249900
  -0.0029079800    0.0046853700   -0.0003036900
   0.0006916100    0.0039390100   -0.0000048700
   0.0009190600    0.0024542200   -0.0000116700
   0.0013303100    0.0009748900   -0.0000060000
   0.0012767000   -0.0010487800   -0.0000059900
   0.0001222900   -0.0020892200   -0.0000065800
  -0.0000518800   -0.0024321000   -0.0000107400
  -0.0005830900   -0.0027672700   -0.0000046000
  -0.0005626900   -0.0021658700    0.0000138600
  -0.0002055600    0.0020787900   -0.0000141300
   0.0004879800    0.0021449400   -0.0000112800
   0.0004652700    0.0010129600   -0.0000064700
   0.0001511500   -0.0007935700   -0.0000060000
  -0.0011598400   -0.0011442900   -0.0000119000
  -0.0002192200   -0.0019949400   -0.0000109500
  -0.0000918300   -0.0019845800   -0.0000067500
   0.0006163300   -0.0014098500   -0.0000097500
   0.0009876100    0.0001753800    0.0000013400
   0.0000380100    0.0015727300   -0.0000052000
   0.0001702400    0.0016858000   -0.0000063800
   0.0002606500    0.0015184900   -0.0000107800
  -0.0010540100    0.0004072400   -0.0000118800
  -0.0034043000   -0.0003828600   -0.0000277600
  -0.0022624500   -0.0023705400   -0.0000088200
   0.0004646400   -0.0021636700   -0.0000040600
   0.0012503800   -0.0011780600   -0.0000113400
   0.0013291900   -0.0002738300   -0.0000067700
   0.0015968600    0.0014453500   -0.0000044500
   0.0015411600    0.0020981200   -0.0000106800
   0.0006366100    0.0028018300   -0.0000037800
  -0.0015861800    0.0021179200   -0.0000091400
  -0.0085426400    0.0041470900   -0.0001028400
  -0.0084548700   -0.0035662800   -0.0001064700
   0.0010698000   -0.0034410100   -0.0003541700
   0.0034098300   -0.0028093300    0.0000206000
   0.0028214500   -0.0011263800   -0.0000134200
   0.0025136400   -0.0001589000   -0.0000044500
   0.0030148400    0.0011945900   -0.0000136600
   0.0031817400    0.0032293500    0.0000192200
   0.0007113800    0.0042779800   -0.0003515200
   0.0109274500    0.0129736900    0.0052395200
  -0.0533790200    0.0000219100   -0.0039936200
   0.0118731600   -0.0125727500    0.0052713400
   0.0090617600   -0.0059945100   -0.0004721100
   0.0056928000   -0.0020257600    0.0000199300
   0.0034050400   -0.0005647200   -0.0000111100
   0.0036298200    0.0011510400   -0.0000111700
   0.0054166100    0.0025757600    0.0000192700
   0.0082422500    0.0069001300   -0.0004644600
  -0.1093758800   -0.0065609500    0.0212747400
   1.3047325600    0.0439398700    0.1539529100
  -0.1055649600    0.0067582200    0.0194432900
  -0.0162002600   -0.0003466100   -0.0007369400
  -0.0058892300    0.0003208100    0.0000606400
  -0.0043842300   -0.0001395200    0.0000109700
  -0.0040747700   -0.0006511400    0.0000106900
  -0.0060081500   -0.0000333300    0.0000629400
  -0.0160013200    0.0002366700   -0.0007905900
  -0.0089874200    0.0126446300   -0.0011834500
   0.0102268600    0.0740834800    0.0205312600
   0.0085744100   -0.0736998400    0.0193734700
  -0.0099153000   -0.0118781700   -0.0011216200
  -0.0061576600   -0.0032554500    0.0001566000
  -0.0043388400   -0.0005895300    0.0000042700
  -0.0040827400    0.0003267100    0.0000103000
  -0.0034148500    0.0014169200    0.0000038800
  -0.0059784400    0.0042561700    0.0001596600
  -0.0027810400    0.0047635000    0.0001589300
   0.0022479300    0.0098146500   -0.0007136200
   0.0120740300   -0.0001509200   -0.0011522900
   0.0024462100   -0.0099794100   -0.0006183300
  -0.0023322100   -0.0052182600    0.0001593800
  -0.0024370200   -0.0026393700    0.0000020600
  -0.0031547700   -0.0007701100    0.0000098100
  -0.0025512700    0.0009303200    0.0000098000
  -0.0022635900    0.0022105600    0.0000025200
  -0.0005294300    0.0023310300    0.0000038900
   0.0001042300    0.0037280700    0.0000616900
   0.0034771300    0.0019981000    0.0001404000
   0.0036738900   -0.0001654400    0.0000759800
   0.0004331600   -0.0030636600    0.0000431100
  -0.0005915500   -0.0024022000    0.0000048600
  -0.0016820400   -0.0015151900    0.0000096800
  -0.0014213300   -0.0003678800    0.0000047500
  -0.0012967400    0.0008919200    0.0000097400
  -0.0004158000    0.0027005500    0.0000102700
   0.0003857600    0.0025362700    0.0000104700
   0.0005686400    0.0018214700    0.0000036000
  -0.0002306500    0.0008441900    0.0000178100
   0.0007539000   -0.0017987200    0.0000225300
   0.0000084600   -0.0018742100    0.0000088500
  -0.0008241900   -0.0012613000    0.0000105000
  -0.0000828800    0.0003050900    0.0000098600
  -0.0002868900    0.0012607600    0.0000096600
   0.0003029800    0.0012245800    0.0000046800
   0.0001467400    0.0022065300    0.0000114600
  -0.0003135900    0.0015754900    0.0000103400
  -0.0005396000    0.0004905800    0.0000049100
  -0.0002667400   -0.0010896300    0.0000076300
  -0.0002772300   -0.0018591500    0.0000089800
  -0.0003460700   -0.0022782000    0.0000113600
   0.0003376400   -0.0017070900    0.0000049700
   0.0014676700   -0.0005771300    0.0000037200
   0.0032060100    0.0019454800    0.0001564500
   0.0000010700    0.0039248300    0.0000593900
  -0.0010075500    0.0024528900    0.0000047900
  -0.0015050500    0.0007103300    0.0000099200
  -0.0016416500    0.0002506500    0.0000050100
  -0.0012698000   -0.0011452100    0.0000100400
  -0.0010273100   -0.0034113800    0.0000060300
   0.0001753800   -0.0039755400    0.0000587300
   0.0034166900   -0.0021323500    0.0001544200
   0.0116816100    0.0000458000   -0.0011466700
   0.0023487600    0.0097704900   -0.0007294400
  -0.0023923800    0.0061304800    0.0001563900
  -0.0038216000    0.0018837800    0.0000040100
  -0.0021415300    0.0003520600    0.0000096300
  -0.0026673800   -0.0002172700    0.0000096600
  -0.0034244200   -0.0026254100    0.0000038500
  -0.0017453200   -0.0061886800    0.0001533400
   0.0016123000   -0.0093348700   -0.0007311800
   0.0085417600   -0.0609846800    0.0204842200
   0.0087847300    0.0595684300    0.0198377300
  -0.0085990500    0.0121963600   -0.0011355800
  -0.0066827700    0.0027559600    0.0001549900
  -0.0036474600    0.0010375100    0.0000047500
  -0.0031153300   -0.0005339400    0.0000102300
  -0.0044765100   -0.0013924900    0.0000047300
  -0.0066336900   -0.0029123200    0.0001539700
  -0.0088399600   -0.0127645000   -0.0011267900

82   
 -0.0149999999993716   0.0259807621138959   0.0000000000000000
   0.0049659100    0.0248278200    0.0000000000
  -0.1149407000    0.2119007000    0.0000000000
  -0.4082668400    0.3798533300    0.0000000000
   0.0220190100   -0.0048177100    0.0000000000
   0.0058456500    0.0017571000    0.0000000000
   0.0032805500    0.0010518800    0.0000000000
   0.0026506000    0.0013752300    0.0000000000
   0.0026036800    0.0025642400    0.0000000000
   0.0044583600    0.0063220900    0.0000000000
   0.0117343500    0.0056884200    0.0000000000
   0.0392210400    0.0156813500    0.0000000000
  -0.1150393100    0.6248437900    0.0000000000
  -0.0340738500    0.0568572500    0.0000000000
  -0.0013905300    0.0114320900    0.0000000000
   0.0009189800    0.0029085400    0.0000000000
   0.0023688500    0.0010828300    0.0000000000
   0.0026534300    0.0009746900    0.0000000000
   0.0042578600    0.0021633600    0.0000000000
   0.0051012100   -0.0009542300    0.0000000000
   0.0093876800   -0.0063425100    0.0000000000
  -0.0133169600   -0.0370142100    0.0000000000
  -0.0066749800   -0.0194399700    0.0000000000
  -0.0089885800    0.0062259300    0.0000000000
  -0.0028248800    0.0042253600    0.0000000000
   0.0002871600    0.0014396900    0.0000000000
   0.0018599600   -0.0000936900    0.0000000000
   0.0027242000   -0.0004838300    0.0000000000
   0.0025285100   -0.0019517000    0.0000000000
   0.0034117600   -0.0045724600    0.0000000000
  -0.0003822500   -0.0108870200    0.0000000000
  -0.0041110900   -0.0103090000    0.0000000000
  -0.0022944200   -0.0023054900    0.0000000000
  -0.0025986800    0.0002176700    0.0000000000
  -0.0016040200    0.0008261800    0.0000000000
   0.0001246000    0.0000615500    0.0000000000
   0.0014854800   -0.0014712500    0.0000000000
   0.0013337000   -0.0035544900    0.0000000000
   0.0019063200   -0.0038618400    0.0000000000
   0.0013082700   -0.0051321000    0.0000000000
   0.0002413800   -0.0059546700    0.0000000000
  -0.0017979300   -0.0008689500    0.0000000000
  -0.0017023700   -0.0006283800    0.0000000000
  -0.0009753400   -0.0013085000    0.0000000000
   0.0000885800   -0.0026945200    0.0000000000
   0.0002473800   -0.0040710200    0.0000000000
   0.0020149700   -0.0042012600    0.0000000000
   0.0019267200   -0.0039985600    0.0000000000
   0.0019566200   -0.0039169200    0.0000000000
  -0.0001360500   -0.0041485800    0.0000000000
   0.0000691800   -0.0030528900    0.0000000000
  -0.0023460400   -0.0016855000    0.0000000000
  -0.0018860600   -0.0019142300    0.0000000000
  -0.0016770400   -0.0030455400    0.0000000000
  -0.0019412400   -0.0056928700    0.0000000000
   0.0017370500   -0.0060061800    0.0000000000
   0.0038280300   -0.0042374700    0.0000000000
   0.0029568200   -0.0029386300    0.0000000000
   0.0013395000   -0.0027800500    0.0000000000
   0.0003727500   -0.0016795200    0.0000000000
  -0.0008605600   -0.0014584100    0.0000000000
  -0.0032046200   -0.0010694400    0.0000000000
  -0.0042935900   -0.0030706900    0.0000000000
  -0.0108055000   -0.0064586900    0.0000000000
   0.0002968800   -0.0113921700    0.0000000000
   0.0090728100   -0.0055726500    0.0000000000
   0.0062307800   -0.0037861900    0.0000000000
   0.0033257600   -0.0020883700    0.0000000000
   0.0015605000   -0.0016963200    0.0000000000
   0.0004033300   -0.0009933900    0.0000000000
  -0.0019701400   -0.0001469000    0.0000000000
  -0.0081332900   -0.0010061100    0.0000000000
  -0.0254351600    0.0071279400    0.0000000000
  -0.0328885500   -0.0265824400    0.0000000000
   0.0390812400   -0.0088986300    0.0000000000
   0.0128443900   -0.0052394200    0.0000000000
   0.0059028300   -0.0011760700    0.0000000000
   0.0025342600   -0.0005119900    0.0000000000
   0.0017758800    0.0006589100    0.0000000000
   0.0014254000    0.0014496800    0.0000000000
  -0.0021645200    0.0028061900    0.0000000000
  -0.0753247300   -0.0569851700    0.0000000000
   0.7743132900   -1.4541048400    0.0000000000
  -0.0617799000   -0.0467653300    0.0000000000
  -0.0104055500   -0.0089553000    0.0000000000
  -0.0035963600   -0.0023293000    0.0000000000
  -0.0028686900   -0.0012195200    0.0000000000
  -0.0025005400   -0.0017272300    0.0000000000
  -0.0036450600   -0.0026576500    0.0000000000
  -0.0103320600   -0.0082830300    0.0000000000
  -0.0195459000    0.0030412200    0.0000000000
  -0.0618649500    0.1255997100    0.0000000000
   0.0738187000    0.0281691100    0.0000000000
   0.0073799800   -0.0122642300    0.0000000000
  -0.0004144900   -0.0044395200    0.0000000000
  -0.0017687600   -0.0012209100    0.0000000000
  -0.0027505600   -0.0002264300    0.0000000000
  -0.0028825300    0.0000193500    0.0000000000
  -0.0071069800    0.0004165800    0.0000000000
  -0.0078790500    0.0042011600    0.0000000000
  -0.0085745700    0.0164269900    0.0000000000
   0.0090171100    0.0161792600    0.0000000000
   0.0111689900    0.0037456800    0.0000000000
   0.0048949600   -0.0021787500    0.0000000000
   0.0013026000   -0.0014313600    0.0000000000
  -0.0014431100   -0.0001325700    0.0000000000
  -0.0022483800    0.0010810300    0.0000000000
  -0.0037100900    0.0017066000    0.0000000000
  -0.0029459300    0.0034731400    0.0000000000
  -0.0035940200    0.0064887900    0.0000000000
   0.0009587100    0.0074250600    0.0000000000
   0.0052471300    0.0005291100    0.0000000000
   0.0035095700    0.0015995700    0.0000000000
   0.0025366400    0.0004817400    0.0000000000
   0.0002673100    0.0005885700    0.0000000000
  -0.0008767300    0.0012543800    0.0000000000
  -0.0021764900    0.0020628700    0.0000000000
  -0.0020919400    0.0047206400    0.0000000000
  -0.0018554500    0.0045544300    0.0000000000
  -0.0013838100    0.0042912300    0.0000000000
   0.0021151300    0.0043326200    0.0000000000
  -0.0013932200    0.0010500900    0.0000000000
   0.0025472600    0.0011089200    0.0000000000
   0.0012522800    0.0019300400    0.0000000000
   0.0007538500    0.0034201100    0.0000000000
  -0.0008738200    0.0038779200    0.0000000000
  -0.0016502800    0.0045728700    0.0000000000
  -0.0021459800    0.0043683900    0.0000000000
  -0.0020841000    0.0034519400    0.0000000000
  -0.0011999000    0.0035430200    0.0000000000
   0.0004339000    0.0022801200    0.0000000000
   0.0015879300    0.0021970000    0.0000000000
   0.0021896800    0.0015807200    0.0000000000
   0.0018744300    0.0029745700    0.0000000000
   0.0010525900    0.0041769800    0.0000000000
   0.0001547800    0.0086473100    0.0000000000
  -0.0041851100    0.0069366100    0.0000000000
  -0.0034806000    0.0035397200    0.0000000000
  -0.0025418900    0.0019937500    0.0000000000
  -0.0012112300    0.0021167000    0.0000000000
   0.0006892500    0.0012992200    0.0000000000
   0.0023335300    0.0000504900    0.0000000000
   0.0042008400    0.0019317800    0.0000000000
   0.0040826900    0.0063671200    0.0000000000
   0.0070888300    0.0177688200    0.0000000000
  -0.0096883600    0.0166575800    0.0000000000
  -0.0069614100    0.0052979700    0.0000000000
  -0.0053643400    0.0013694300    0.0000000000
  -0.0019757400    0.0005971700    0.0000000000
  -0.0009871000    0.0005743100    0.0000000000
   0.0003106600   -0.0012715600    0.0000000000
   0.0048843200   -0.0026429900    0.0000000000
   0.0122429200    0.0051466300    0.0000000000
   0.0864067500    0.0376597400    0.0000000000
  -0.0743883700    0.1099634100    0.0000000000
  -0.0185561100    0.0025681900    0.0000000000
  -0.0084619400   -0.0008934700    0.0000000000
  -0.0033502300   -0.0002956000    0.0000000000
  -0.0018334700   -0.0010243200    0.0000000000
  -0.0017460200   -0.0019869100    0.0000000000
  -0.0001999200   -0.0042478500    0.0000000000
   0.0082841400   -0.0132838100    0.0000000000

82   
  0.0149999999993716  -0.0259807621138959   0.0000000000000000
  -0.0076899200   -0.0247258200    0.0000000000
   0.1249307000   -0.2050541400    0.0000000000
   0.5067694600   -0.4243026900    0.0000000000
  -0.0217981600    0.0053258500    0.0000000000
  -0.0046580900   -0.0009791900    0.0000000000
  -0.0025492300   -0.0005461900    0.0000000000
  -0.0022443000   -0.0001121500    0.0000000000
  -0.0033381900   -0.0012437800    0.0000000000
  -0.0052963800   -0.0058604200    0.0000000000
  -0.0115072400   -0.0060175700    0.0000000000
  -0.0392294800   -0.0135499200    0.0000000000
   0.1244698200   -0.5212522100    0.0000000000
   0.0342739300   -0.0579823100    0.0000000000
   0.0016596600   -0.0118479400    0.0000000000
  -0.0013114400   -0.0034691900    0.0000000000
  -0.0011207100   -0.0013893400    0.0000000000
  -0.0027297900   -0.0010764100    0.0000000000
  -0.0056554700   -0.0022569100    0.0000000000
  -0.0059266000    0.0007577700    0.0000000000
  -0.0086371900    0.0066304300    0.0000000000
   0.0128777700    0.0362783200    0.0000000000
   0.0064666500    0.0197776800    0.0000000000
   0.0091607800   -0.0069403700    0.0000000000
   0.0023810900   -0.0042296700    0.0000000000
   0.0002677700   -0.0017911600    0.0000000000
  -0.0010831800   -0.0009306800    0.0000000000
  -0.0034592100   -0.0004244000    0.0000000000
  -0.0028856700    0.0025130100    0.0000000000
  -0.0032118100    0.0051038500    0.0000000000
  -0.0006033700    0.0102320000    0.0000000000
   0.0036128200    0.0103271200    0.0000000000
   0.0027038700    0.0025255300    0.0000000000
   0.0038051300   -0.0009271100    0.0000000000
   0.0013546000   -0.0004776700    0.0000000000
   0.0000900200    0.0005056300    0.0000000000
  -0.0013751000    0.0007161700    0.0000000000
  -0.0014635000    0.0018294700    0.0000000000
  -0.0023982900    0.0034917600    0.0000000000
  -0.0018338700    0.0051702200    0.0000000000
  -0.0002506300    0.0052058600    0.0000000000
   0.0016652600    0.0002027100    0.0000000000
   0.0022413200    0.0005041600    0.0000000000
   0.0014995200    0.0008526800    0.0000000000
   0.0000693700    0.0010787300    0.0000000000
  -0.0003060900    0.0031515600    0.0000000000
  -0.0019329700    0.0035550700    0.0000000000
  -0.0027390700    0.0038318700    0.0000000000
  -0.0015817100    0.0036536200    0.0000000000
   0.0006308400    0.0041926900    0.0000000000
  -0.0005449600    0.0030412700    0.0000000000
   0.0017299700    0.0014069100    0.0000000000
   0.0027991400    0.0015897400    0.0000000000
   0.0017871100    0.0023929300    0.0000000000
   0.0029626300    0.0048171200    0.0000000000
  -0.0026282700    0.0052768400    0.0000000000
  -0.0038797200    0.0044396300    0.0000000000
  -0.0032272700    0.0039184900    0.0000000000
  -0.0018115800    0.0033209700    0.0000000000
  -0.0003310500    0.0030463600    0.0000000000
   0.0011173100    0.0019057500    0.0000000000
   0.0032658500    0.0019861800    0.0000000000
   0.0046196700    0.0031188700    0.0000000000
   0.0108375000    0.0072539300    0.0000000000
   0.0001086000    0.0113561200    0.0000000000
  -0.0088342600    0.0068150300    0.0000000000
  -0.0056973400    0.0040180500    0.0000000000
  -0.0034401600    0.0025489900    0.0000000000
  -0.0018856200    0.0012335300    0.0000000000
  -0.0002565900    0.0003628100    0.0000000000
   0.0018122300    0.0004747900    0.0000000000
   0.0073813100    0.0011069600    0.0000000000
   0.0233589200   -0.0073238600    0.0000000000
   0.0342795200    0.0254146700    0.0000000000
  -0.0383437700    0.0085845600    0.0000000000
  -0.0123357200    0.0059795500    0.0000000000
  -0.0047114700    0.0021489800    0.0000000000
  -0.0031516900    0.0006307800    0.0000000000
  -0.0019916200    0.0002246000    0.0000000000
  -0.0009776500   -0.0014912500    0.0000000000
   0.0004988900   -0.0020638600    0.0000000000
   0.0772454100    0.0542158900    0.0000000000
  -0.8930258600    1.3887167600    0.0000000000
   0.0623056900    0.0483487700    0.0000000000
   0.0090555800    0.0078323200    0.0000000000
   0.0043613100    0.0029996400    0.0000000000
   0.0024226400    0.0010042200    0.0000000000
   0.0026887000    0.0003701300    0.0000000000
   0.0042641300    0.0024504600    0.0000000000
   0.0099966700    0.0086664000    0.0000000000
   0.0194296300   -0.0026154600    0.0000000000
   0.0582586400   -0.1186817400    0.0000000000
  -0.0725329900   -0.0279234100    0.0000000000
  -0.0081927000    0.0128252300    0.0000000000
   0.0006716000    0.0053380300    0.0000000000
   0.0013390000    0.0022597500    0.0000000000
   0.0016197200    0.0008832700    0.0000000000
   0.0042593100    0.0005547100    0.0000000000
   0.0075039500    0.0004436100    0.0000000000
   0.0069349400   -0.0047369500    0.0000000000
   0.0079284000   -0.0168774100    0.0000000000
  -0.0088413100   -0.0162337600    0.0000000000
  -0.0111842400   -0.0038816200    0.0000000000
  -0.0045627600    0.0017545500    0.0000000000
  -0.0003899700    0.0009169400    0.0000000000
   0.0003121900   -0.0000326500    0.0000000000
   0.0023074000   -0.0005727100    0.0000000000
   0.0048740600   -0.0020516800    0.0000000000
   0.0037944300   -0.0039206300    0.0000000000
   0.0027645000   -0.0062851100    0.0000000000
  -0.0002724200   -0.0069696400    0.0000000000
  -0.0051238200   -0.0006186500    0.0000000000
  -0.0040166500   -0.0011462700    0.0000000000
  -0.0019101200   -0.0002283900    0.0000000000
  -0.0009773600   -0.0009911500    0.0000000000
   0.0007450500   -0.0019669200    0.0000000000
   0.0022481700   -0.0028836500    0.0000000000
   0.0019211300   -0.0027395600    0.0000000000
   0.0027856900   -0.0037736200    0.0000000000
   0.0010327200   -0.0040318200    0.0000000000
  -0.0021843500   -0.0042325300    0.0000000000
   0.0015542900   -0.0010049500    0.0000000000
  -0.0022612800   -0.0008325100    0.0000000000
  -0.0021958100   -0.0010375700    0.0000000000
  -0.0004649300   -0.0013980900    0.0000000000
   0.0007398700   -0.0026926100    0.0000000000
   0.0009305900   -0.0055895500    0.0000000000
   0.0027422900   -0.0043587600    0.0000000000
   0.0022363700   -0.0036622200    0.0000000000
   0.0008469400   -0.0034497800    0.0000000000
  -0.0003007700   -0.0029217500    0.0000000000
  -0.0011558500   -0.0021207400    0.0000000000
  -0.0023926600   -0.0016446200    0.0000000000
  -0.0024424500   -0.0027831900    0.0000000000
  -0.0004741500   -0.0052458400    0.0000000000
  -0.0002206300   -0.0092932100    0.0000000000
   0.0034872900   -0.0065406700    0.0000000000
   0.0036646700   -0.0040994300    0.0000000000
   0.0023720900   -0.0031217700    0.0000000000
   0.0008179500   -0.0014472600    0.0000000000
  -0.0002479300   -0.0006634900    0.0000000000
  -0.0019509900   -0.0010939900    0.0000000000
  -0.0043638000   -0.0021783900    0.0000000000
  -0.0036451700   -0.0057839300    0.0000000000
  -0.0081642700   -0.0173103500    0.0000000000
   0.0103253700   -0.0168558200    0.0000000000
   0.0074768500   -0.0044348200    0.0000000000
   0.0036476200   -0.0022796900    0.0000000000
   0.0029521900   -0.0010855500    0.0000000000
   0.0009637100    0.0003975800    0.0000000000
  -0.0010342000    0.0008942900    0.0000000000
  -0.0027789600    0.0019772800    0.0000000000
  -0.0128845700   -0.0036930100    0.0000000000
  -0.0889756800   -0.0366592700    0.0000000000
   0.0779866200   -0.1183279800    0.0000000000
   0.0200768200   -0.0028549900    0.0000000000
   0.0075420900    0.0002712200    0.0000000000
   0.0042773600    0.0005640100    0.0000000000
   0.0026632500    0.0000037200    0.0000000000
   0.0011164200    0.0010762600    0.0000000000
  -0.0003176200    0.0045945300    0.0000000000
  -0.0066287400    0.0129396000    0.0000000000

85   
  0.0234443241590582   0.0000000000000033   0.0187180037590817
  -0.0045874300    0.0003372300    0.0000067000
  -0.0049681300   -0.0006968000    0.0000039800
  -0.0078296000   -0.0037844200    0.0003625400
  -0.0214521200   -0.0227058500   -0.0053861400
   0.4199042800    0.1307128200    0.0993022200
   0.4731748200   -0.1679502800    0.0882913000
  -0.0211929300    0.0238192800   -0.0053728600
  -0.0081446800    0.0044171400    0.0003569900
  -0.0048937000    0.0011683200    0.0000038600
  -0.0034390100   -0.0004913600    0.0000109900
  -0.0038278200   -0.0001014800    0.0000109900
  -0.0052572900    0.0002978600    0.0000073600
  -0.0078971800    0.0037991400    0.0000997200
  -0.0055887700    0.0322299100    0.0042068600
   0.1880511100   -0.0064540500    0.0943058900
  -0.0033861700   -0.0336124400    0.0039959400
  -0.0078691400   -0.0044875000    0.0001031600
  -0.0054723800   -0.0007834900    0.0000085800
  -0.0030813300   -0.0013633700    0.0000118700
  -0.0022376900   -0.0000131100    0.0000064900
  -0.0026513200    0.0008740500    0.0000121200
  -0.0028269200    0.0040383100    0.0000273300
  -0.0009427600    0.0097496900    0.0000890100
   0.0140763800    0.0144774000   -0.0054601500
   0.0147322700   -0.0136626900   -0.0053835600
   0.0000487200   -0.0106260100    0.0001059600
  -0.0030121000   -0.0042212000    0.0000271600
  -0.0013985800   -0.0019576700    0.0000118800
  -0.0012536900   -0.0004351300    0.0000059700
  -0.0018008400    0.0003295800    0.0000059400
  -0.0008959300    0.0017363400    0.0000113800
  -0.0011523500    0.0035301100    0.0000104700
   0.0026642700    0.0053460600    0.0003847500
   0.0019900100    0.0002040500    0.0004812400
   0.0023688300   -0.0052975800    0.0003547100
  -0.0003332800   -0.0046034900    0.0000085900
  -0.0004141200   -0.0031258100    0.0000109500
  -0.0005708400   -0.0014494800    0.0000065300
  -0.0004574400   -0.0000938000    0.0000058500
  -0.0002240800    0.0003435700    0.0000061200
   0.0000199400    0.0019988700   -0.0000009400
   0.0007881900    0.0011873300   -0.0000247800
   0.0008024100   -0.0016372100   -0.0000209400
   0.0002340900   -0.0035485200    0.0000039300
  -0.0004699600   -0.0024157500    0.0000068300
   0.0001678100   -0.0020233600    0.0000110000
   0.0005775000   -0.0007941700    0.0000117500
   0.0010803900    0.0005608900    0.0000113000
   0.0009225300    0.0021033000    0.0000101100
  -0.0010337400    0.0022772200    0.0000073200
  -0.0006920300    0.0010857800    0.0000114700
  -0.0000065600   -0.0002165900    0.0000143700
  -0.0004781600   -0.0017074300    0.0000112900
  -0.0009861900   -0.0021279400    0.0000113000
  -0.0010504000   -0.0026526200    0.0000037500
   0.0016386200   -0.0019096700    0.0000080900
   0.0035863200    0.0005709300    0.0000277800
   0.0015250100    0.0026208000    0.0000082900
  -0.0005649400    0.0032943500    0.0000019200
  -0.0013592900    0.0021792900    0.0000113600
  -0.0014325700    0.0011027300    0.0000043600
  -0.0013753300   -0.0005880900    0.0000044900
  -0.0029772000   -0.0008844700    0.0000142200
  -0.0031154700   -0.0029642900   -0.0000213500
  -0.0008738300   -0.0034243600    0.0003602500
   0.0086341400   -0.0033529100    0.0001039500
   0.0082726200    0.0040387000    0.0000980700
  -0.0012688600    0.0041312800    0.0003674700
  -0.0030748000    0.0028371200   -0.0000217000
  -0.0028568000    0.0016795800    0.0000140900
  -0.0029144700    0.0001393400    0.0000045100
  -0.0041390400   -0.0003742300    0.0000113000
  -0.0055842400   -0.0026562700   -0.0000216600
  -0.0079688000   -0.0063430800    0.0004791300
  -0.0109017700   -0.0121301200   -0.0053587900
   0.0529571700    0.0008171900    0.0040779800
  -0.0118046700    0.0129495000   -0.0053713000
  -0.0087809400    0.0068880100    0.0004699400
  -0.0047031900    0.0025765700   -0.0000198200
  -0.0042548600    0.0011656100    0.0000112600
   0.0049819500   -0.0005670600   -0.0000110300
   0.0063883500    0.0003053200   -0.0000606100
   0.0151822200    0.0005513100    0.0007277500
   0.1042202700    0.0065794200   -0.0192946400
  -1.2939473200    0.0454936900   -0.1540094000
   0.1093259900   -0.0065913200   -0.0210993500
   0.0155053100   -0.0009069400    0.0007710100
   0.0064057100   -0.0000805300   -0.0000622500
   0.0037263800    0.0003217800   -0.0000106900
   0.0035174600    0.0004632700   -0.0000103100
   0.0047002900   -0.0009357300   -0.0000046900
   0.0063051200   -0.0035539300   -0.0001515900
   0.0092437900   -0.0119852500    0.0010671700
  -0.0082276900   -0.0733975300   -0.0196458000
  -0.0094966000    0.0742421400   -0.0206329200
   0.0083788800    0.0124748100    0.0011687300
   0.0067845000    0.0039563400   -0.0001567100
   0.0042567700    0.0015813100   -0.0000045100
   0.0022305500    0.0004596000   -0.0000097700
   0.0025095100   -0.0009067200   -0.0000094800
   0.0027817400   -0.0023978700   -0.0000055700
   0.0033855000   -0.0050201100   -0.0001432300
  -0.0014912300   -0.0104805400    0.0007199900
  -0.0112903500   -0.0003184600    0.0011365500
  -0.0025987100    0.0100509000    0.0007592700
   0.0026322600    0.0052510600   -0.0001575000
   0.0035561100    0.0021948000   -0.0000035200
   0.0018980400    0.0011120700   -0.0000096800
   0.0010402600    0.0001615700   -0.0000048900
   0.0016747600   -0.0008589600   -0.0000087500
   0.0014844200   -0.0000957500   -0.0000124700
  -0.0001733400   -0.0031753400   -0.0000610400
  -0.0025440300   -0.0014357400   -0.0001572000
  -0.0033580300    0.0014824500   -0.0001550700
  -0.0003250700    0.0032966300   -0.0000620500
   0.0011906900    0.0021639300   -0.0000043400
   0.0003989500    0.0027324100   -0.0000103000
   0.0008424300    0.0011166100   -0.0000094900
   0.0002504100   -0.0003188600   -0.0000099400
  -0.0011119400   -0.0011455000   -0.0000099700
   0.0012866200   -0.0020631900   -0.0000119500
  -0.0003289100   -0.0011625700   -0.0000040300
  -0.0014683700    0.0005240100   -0.0000029100
  -0.0003563000    0.0025961600   -0.0000043900
   0.0002081700    0.0027675500   -0.0000108000
  -0.0000765500    0.0017199900   -0.0000110000
  -0.0002218000    0.0017545800   -0.0000045400
  -0.0009335200   -0.0001490500   -0.0000039800
  -0.0007607900   -0.0021418700   -0.0000056700
   0.0003096700   -0.0028172100   -0.0000111300
   0.0006475100   -0.0019982200   -0.0000103200
   0.0002054000   -0.0006661600   -0.0000096400
   0.0000755000    0.0007490900   -0.0000097600
   0.0007924600    0.0011845600   -0.0000103600
   0.0011852400    0.0024169400   -0.0000044400
  -0.0005879000    0.0039100600   -0.0000613200
  -0.0029456400    0.0019583700   -0.0001551700
  -0.0031156800   -0.0031261300   -0.0001522200
  -0.0004170400   -0.0036850200   -0.0000613500
   0.0013664900   -0.0026705300   -0.0000046000
   0.0015488500   -0.0020052600   -0.0000096500
   0.0013154700   -0.0001951800   -0.0000047400
   0.0017113300    0.0015601200   -0.0000098100
   0.0026464800    0.0024805500   -0.0000031300
   0.0029783600    0.0056941400   -0.0001572300
  -0.0016804400    0.0100782700    0.0007423400
  -0.0127232200   -0.0006646200    0.0011236500
  -0.0013106800   -0.0102687700    0.0007454500
   0.0026990700   -0.0053354300   -0.0001552500
   0.0025112300   -0.0026457700   -0.0000036000
   0.0035460500   -0.0010981000   -0.0000097200
   0.0022647000    0.0011315600   -0.0000097200
   0.0034572200    0.0009117500   -0.0000044200
   0.0061135300    0.0026859300   -0.0001571000
   0.0097264600    0.0120183300    0.0011407700
  -0.0089175400    0.0591457900   -0.0198207800
  -0.0084700500   -0.0608668500   -0.0205580200
   0.0096307800   -0.0128066100    0.0011271600
   0.0057366200   -0.0035557200   -0.0001538000
   0.0036401000   -0.0007816400   -0.0000046100
   0.0039871100   -0.0003503200   -0.0000102900

85   
 -0.0234443241590582  -0.0000000000000033  -0.0187180037590817
   0.0031033900    0.0003431300   -0.0000066900
   0.0043020900    0.0011431400   -0.0000032200
   0.0080030300    0.0036604700   -0.0003720500
   0.0221333700    0.0233274200    0.0055242000
  -0.4679737700   -0.1656998900   -0.0886132000
  -0.4227163100    0.1324056900   -0.0990773300
   0.0216013100   -0.0223240500    0.0052362000
   0.0074824800   -0.0031023600   -0.0003477000
   0.0042836300   -0.0006900600   -0.0000045700
   0.0037143400   -0.0002412900   -0.0000109800
   0.0033223400   -0.0003400000   -0.0000110100
   0.0045462600   -0.0010076800   -0.0000071900
   0.0084700500   -0.0048441900   -0.0000968200
   0.0047711700   -0.0336944600   -0.0041457200
  -0.1883495500   -0.0056910800   -0.0942874500
   0.0060042400    0.0322875300   -0.0040624800
   0.0079784300    0.0040985200   -0.0001057100
   0.0041694600    0.0005407700   -0.0000087800
   0.0022474100    0.0009819200   -0.0000118600
   0.0027435500    0.0000048100   -0.0000064900
   0.0024858900   -0.0013223000   -0.0000121400
   0.0026068900   -0.0034587700   -0.0000273300
   0.0009258500   -0.0102720500   -0.0000881300
  -0.0144748300   -0.0135152000    0.0056479400
  -0.0140770800    0.0141802200    0.0051964500
   0.0009829200    0.0095409700   -0.0001058700
   0.0023820400    0.0031897900   -0.0000273100
   0.0010629800    0.0024642300   -0.0000118600
   0.0014097900    0.0009091400   -0.0000059800
   0.0007708700   -0.0009346700   -0.0000059300
   0.0003782800   -0.0015316600   -0.0000114900
   0.0014722800   -0.0031918100   -0.0000103400
  -0.0014872500   -0.0057995800   -0.0004022200
  -0.0022062300    0.0005108400   -0.0004806700
  -0.0020771200    0.0060188500   -0.0003383000
   0.0005180600    0.0038522900   -0.0000091600
   0.0002970900    0.0014169100   -0.0000109000
   0.0000757400    0.0010764300   -0.0000065300
  -0.0000849900    0.0001515700   -0.0000058300
   0.0001987600   -0.0010223000   -0.0000061100
  -0.0001657700   -0.0025254900    0.0000026600
  -0.0002443500   -0.0011130300    0.0000249900
  -0.0002591100    0.0013502500    0.0000205900
  -0.0000559400    0.0020103300   -0.0000052500
   0.0003808700    0.0015492600   -0.0000067100
  -0.0000890600    0.0013968200   -0.0000109500
  -0.0013830400    0.0006525600   -0.0000117300
  -0.0007061500   -0.0007715000   -0.0000113000
  -0.0003985300   -0.0019540800   -0.0000101500
   0.0005436600   -0.0021503500   -0.0000074900
   0.0000992400   -0.0012244800   -0.0000115700
   0.0009252300    0.0000443400   -0.0000143900
   0.0005626800    0.0011685200   -0.0000111500
   0.0018719000    0.0013447300   -0.0000112700
   0.0001098100    0.0019352500   -0.0000044100
  -0.0016573700    0.0021288400   -0.0000084700
  -0.0038219800    0.0004538600   -0.0000278100
  -0.0019700800   -0.0019982400   -0.0000079300
   0.0006379800   -0.0018139600   -0.0000011800
   0.0016582800   -0.0015914200   -0.0000114200
   0.0015368800   -0.0000292200   -0.0000043700
   0.0016660300    0.0007979100   -0.0000044800
   0.0027210500    0.0019450100   -0.0000142000
   0.0031685500    0.0028807900    0.0000208600
   0.0012164400    0.0046519300   -0.0003527000
  -0.0079559300    0.0036107100   -0.0001015800
  -0.0083632500   -0.0035011800   -0.0001004300
   0.0009807800   -0.0044978900   -0.0003752300
   0.0032816600   -0.0033484100    0.0000222100
   0.0028358300   -0.0011846700   -0.0000141300
   0.0022952600    0.0001908200   -0.0000045100
   0.0031733800    0.0009577300   -0.0000113800
   0.0044975700    0.0023567700    0.0000215000
   0.0093905800    0.0061626900   -0.0004767500
   0.0117486300    0.0128532700    0.0053077700
  -0.0516455800    0.0003781400   -0.0040796100
   0.0111987500   -0.0126892700    0.0054221200
   0.0085252400   -0.0059008800   -0.0004724300
   0.0052900300   -0.0025062700    0.0000199900
   0.0030251500   -0.0001449800   -0.0000111900
  -0.0032497800   -0.0005276200    0.0000108400
  -0.0060647300    0.0002931300    0.0000633500
  -0.0158517100    0.0001174000   -0.0007903900
  -0.1107608900   -0.0072403300    0.0211781100
   1.2943287700    0.0383443700    0.1541036300
  -0.1048742400    0.0068376500    0.0192112400
  -0.0152124800   -0.0002631300   -0.0007082500
  -0.0059162800   -0.0000159900    0.0000595700
  -0.0044715700    0.0003079300    0.0000108700
  -0.0035259100    0.0004519000    0.0000103000
  -0.0034546200    0.0012329400    0.0000043100
  -0.0063360400    0.0037534400    0.0001540300
  -0.0100850700    0.0124631400   -0.0011311800
   0.0093569400    0.0745550700    0.0209781900
   0.0079954800   -0.0728639200    0.0193043000
  -0.0099032100   -0.0116471300   -0.0011025100
  -0.0055263100   -0.0032408100    0.0001538500
  -0.0039449400   -0.0005223600    0.0000049100
  -0.0030903400   -0.0008854000    0.0000097100
  -0.0027867200    0.0003185700    0.0000095300
  -0.0026115800    0.0020618200    0.0000054000
  -0.0032948300    0.0047325300    0.0001470600
   0.0019775000    0.0097524600   -0.0007852100
   0.0121207600   -0.0006808400   -0.0011363200
   0.0011800600   -0.0103930500   -0.0006926100
  -0.0027367200   -0.0047205700    0.0001524200
  -0.0024448200   -0.0024623600    0.0000039300
  -0.0010403200   -0.0015419200    0.0000097100
  -0.0017956800    0.0000191300    0.0000048500
  -0.0009113400    0.0012143100    0.0000086500
  -0.0013144100    0.0000002100    0.0000124600
  -0.0002696100    0.0034638400    0.0000650000
   0.0031933000    0.0014540300    0.0001580600
   0.0025545100   -0.0020813800    0.0001540700
   0.0000946400   -0.0040907800    0.0000577100
  -0.0011723500   -0.0029901000    0.0000050700
  -0.0005764600   -0.0007676000    0.0000103200
   0.0001034700   -0.0003554900    0.0000096200
  -0.0005681100    0.0005340900    0.0000098600
   0.0009862800    0.0011746000    0.0000098800
  -0.0010549800    0.0019794800    0.0000115900
   0.0006252000    0.0012904100    0.0000037500
   0.0005072200    0.0002050800    0.0000029300
   0.0006124000   -0.0006910500    0.0000046500
  -0.0003651900   -0.0016347400    0.0000110000
  -0.0006272500   -0.0027574700    0.0000111400
   0.0008128500   -0.0017616000    0.0000047900
   0.0010842500   -0.0001031100    0.0000039300
   0.0004071100    0.0021452700    0.0000054500
  -0.0001802600    0.0020624500    0.0000110700
  -0.0002282000    0.0019272800    0.0000103800
  -0.0004241000    0.0004451400    0.0000097500
  -0.0006374500   -0.0007088200    0.0000096700
  -0.0001857700   -0.0023403600    0.0000102400
  -0.0011391800   -0.0030649900    0.0000044900
  -0.0001209600   -0.0034729100    0.0000597300
   0.0030869000   -0.0025421700    0.0001529300
   0.0029265400    0.0019249500    0.0001544400
   0.0000017500    0.0042602100    0.0000627600
  -0.0009619600    0.0031850200    0.0000045700
  -0.0012186800    0.0007980600    0.0000097400
  -0.0014988900   -0.0002655300    0.0000047500
  -0.0011784700   -0.0011660200    0.0000097400
  -0.0032684100   -0.0022092800    0.0000030700
  -0.0023858800   -0.0055037000    0.0001563300
   0.0020651300   -0.0091748300   -0.0007369500
   0.0109272600   -0.0003699000   -0.0011235000
   0.0022561100    0.0096833300   -0.0007497800
  -0.0027534600    0.0062067400    0.0001561900
  -0.0033298600    0.0021572500    0.0000036000
  -0.0015928000    0.0001893100    0.0000096600
  -0.0029214700   -0.0001699000    0.0000097700
  -0.0046766800   -0.0009337600    0.0000042300
  -0.0062125100   -0.0033965500    0.0001571600
  -0.0087114600   -0.0122774900   -0.0011462500
   0.0081700700   -0.0604568700    0.0203664600
   0.0089628600    0.0604127000    0.0199994700
  -0.0087396700    0.0116605200   -0.0011220600
  -0.0064173400    0.0026371900    0.0001537100
  -0.0044025500    0.0010936400    0.0000048100
  -0.0029350600   -0.0003512200    0.0000103000

85   
 -0.0149999999993716   0.0259807621138959   0.0000000000000000
   0.0016594700    0.0011387700    0.0000000000
   0.0025656600    0.0022166100    0.0000000000
   0.0047453200    0.0060135800    0.0000000000
   0.0058218100    0.0244378200    0.0000000000
  -0.1145196200    0.2116540300    0.0000000000
  -0.4052440800    0.3784989300    0.0000000000
   0.0211729900   -0.0039562700    0.0000000000
   0.0047734500    0.0019644300    0.0000000000
   0.0025498200    0.0009946100    0.0000000000
   0.0019558000    0.0008742100    0.0000000000
   0.0024856100    0.0009105200    0.0000000000
   0.0046334000    0.0020180200    0.0000000000
   0.0121433200    0.0057143800    0.0000000000
   0.0409850400    0.0164799900    0.0000000000
  -0.1145368900    0.6381198900    0.0000000000
  -0.0327363800    0.0570797700    0.0000000000
  -0.0014318700    0.0112944600    0.0000000000
   0.0005109400    0.0029831300    0.0000000000
  -0.0002282000    0.0013532900    0.0000000000
   0.0019043800    0.0004955200    0.0000000000
   0.0030953600    0.0000312800    0.0000000000
   0.0057540000   -0.0003311000    0.0000000000
   0.0111155800   -0.0062685400    0.0000000000
  -0.0115818200   -0.0391804800    0.0000000000
  -0.0061328700   -0.0202519300    0.0000000000
  -0.0085926100    0.0061569700    0.0000000000
  -0.0026738400    0.0035450600    0.0000000000
  -0.0015377300    0.0008510200    0.0000000000
   0.0002520200    0.0000359400    0.0000000000
   0.0011379200   -0.0012215500    0.0000000000
   0.0019679200   -0.0012259100    0.0000000000
   0.0057091500   -0.0035776400    0.0000000000
   0.0021108500   -0.0116750700    0.0000000000
  -0.0011226100   -0.0132208200    0.0000000000
  -0.0034627500   -0.0033998400    0.0000000000
  -0.0031072400    0.0001028200    0.0000000000
  -0.0019742000   -0.0018334100    0.0000000000
  -0.0013667400   -0.0013441000    0.0000000000
  -0.0001144200   -0.0016430200    0.0000000000
   0.0012196800   -0.0017404500    0.0000000000
   0.0020437300   -0.0061486100    0.0000000000
   0.0010274400   -0.0071733400    0.0000000000
  -0.0007664200   -0.0053733400    0.0000000000
  -0.0019618100   -0.0028703000    0.0000000000
  -0.0019366300   -0.0021570500    0.0000000000
  -0.0022334100   -0.0022050200    0.0000000000
  -0.0020246800   -0.0029055500    0.0000000000
   0.0007518400   -0.0037802100    0.0000000000
   0.0007421600   -0.0046300700    0.0000000000
   0.0022738400   -0.0044297700    0.0000000000
   0.0010788800   -0.0040982800    0.0000000000
   0.0007539200   -0.0039123600    0.0000000000
  -0.0009010200   -0.0028582500    0.0000000000
  -0.0008251200   -0.0018123100    0.0000000000
  -0.0036820200   -0.0019877900    0.0000000000
  -0.0044374600   -0.0031716000    0.0000000000
  -0.0024249100   -0.0050510400    0.0000000000
   0.0017833100   -0.0060440900    0.0000000000
   0.0038725200   -0.0042889500    0.0000000000
   0.0031281700   -0.0036121300    0.0000000000
   0.0015549300   -0.0022796300    0.0000000000
   0.0003397300   -0.0018953900    0.0000000000
   0.0000460500    0.0000333700    0.0000000000
  -0.0020250700   -0.0003415900    0.0000000000
  -0.0076267700   -0.0006416400    0.0000000000
  -0.0105130600   -0.0071658500    0.0000000000
   0.0003202800   -0.0116744700    0.0000000000
   0.0089707900   -0.0068939700    0.0000000000
   0.0059543500   -0.0045303100    0.0000000000
   0.0032056200   -0.0021316000    0.0000000000
   0.0012345100   -0.0011167600    0.0000000000
   0.0012693600    0.0006217400    0.0000000000
   0.0004614300    0.0013505400    0.0000000000
  -0.0010198700    0.0021281700    0.0000000000
  -0.0245378700    0.0069436600    0.0000000000
  -0.0319389800   -0.0266257900    0.0000000000
   0.0388630100   -0.0093532400    0.0000000000
   0.0121965700   -0.0052447100    0.0000000000
   0.0054089100   -0.0017138900    0.0000000000
   0.0020881800   -0.0000287900    0.0000000000
  -0.0016684900   -0.0016879500    0.0000000000
  -0.0036762900   -0.0024013600    0.0000000000
  -0.0101086600   -0.0083794300    0.0000000000
  -0.0765212800   -0.0577485600    0.0000000000
   0.7741501800   -1.4663163400    0.0000000000
  -0.0605358300   -0.0474137000    0.0000000000
  -0.0093571800   -0.0088129800    0.0000000000
  -0.0036496100   -0.0026161500    0.0000000000
  -0.0029590000   -0.0007998300    0.0000000000
  -0.0022460800   -0.0001747400    0.0000000000
  -0.0029290800   -0.0002707800    0.0000000000
  -0.0073957800   -0.0001461600    0.0000000000
  -0.0208214100    0.0027059100    0.0000000000
  -0.0641101500    0.1280711100    0.0000000000
   0.0715984100    0.0286555000    0.0000000000
   0.0070447100   -0.0124806400    0.0000000000
   0.0000903200   -0.0044233700    0.0000000000
  -0.0014500900   -0.0011551100    0.0000000000
  -0.0014576000   -0.0002842700    0.0000000000
  -0.0025709000    0.0003294100    0.0000000000
  -0.0039713400    0.0014720400    0.0000000000
  -0.0093106000    0.0044399600    0.0000000000
  -0.0101799600    0.0174514700    0.0000000000
   0.0077147300    0.0173904600    0.0000000000
   0.0109657900    0.0039256100    0.0000000000
   0.0043852000   -0.0015722600    0.0000000000
   0.0012029200   -0.0012496200    0.0000000000
   0.0009302500    0.0006312700    0.0000000000
  -0.0013144200    0.0016148400    0.0000000000
  -0.0018787400    0.0021784200    0.0000000000
  -0.0046114400   -0.0004871300    0.0000000000
  -0.0048505600    0.0069462300    0.0000000000
  -0.0007386800    0.0087569100    0.0000000000
   0.0037621600    0.0061049300    0.0000000000
   0.0039734400    0.0017043300    0.0000000000
   0.0022170100    0.0001648400    0.0000000000
   0.0014705200    0.0026651500    0.0000000000
   0.0008675700    0.0028171300    0.0000000000
  -0.0013167600    0.0028648200    0.0000000000
   0.0018277000    0.0020665600    0.0000000000
  -0.0027989000    0.0054552300    0.0000000000
  -0.0018347300    0.0049867600    0.0000000000
  -0.0000429000    0.0049482400    0.0000000000
   0.0022448400    0.0038903700    0.0000000000
   0.0021324200    0.0022883300    0.0000000000
   0.0018751700    0.0012166700    0.0000000000
   0.0023615000    0.0030334000    0.0000000000
   0.0006818300    0.0048057200    0.0000000000
  -0.0012224500    0.0060686200    0.0000000000
  -0.0021737100    0.0045781700    0.0000000000
  -0.0017023100    0.0040318200    0.0000000000
  -0.0009911900    0.0030339600    0.0000000000
   0.0002352000    0.0023512700    0.0000000000
   0.0018845100    0.0010177800    0.0000000000
   0.0021638500    0.0001406500    0.0000000000
   0.0038898900    0.0024388800    0.0000000000
   0.0038246000    0.0061256000    0.0000000000
  -0.0000755600    0.0090393500    0.0000000000
  -0.0040900400    0.0075579100    0.0000000000
  -0.0031987200    0.0045366100    0.0000000000
  -0.0019665800    0.0020026900    0.0000000000
  -0.0008746100    0.0013258400    0.0000000000
   0.0008407900    0.0009584400    0.0000000000
   0.0004807200   -0.0010059800    0.0000000000
   0.0042242600   -0.0020495400    0.0000000000
   0.0127236700    0.0052132400    0.0000000000
   0.0065114800    0.0178346500    0.0000000000
  -0.0097716800    0.0168190600    0.0000000000
  -0.0071957900    0.0055274500    0.0000000000
  -0.0046732400    0.0017080800    0.0000000000
  -0.0012498400    0.0003522300    0.0000000000
  -0.0011420200    0.0004272700    0.0000000000
  -0.0019069300   -0.0016424800    0.0000000000
   0.0002444000   -0.0047714800    0.0000000000
   0.0083881700   -0.0127977000    0.0000000000
   0.0858703400    0.0374280300    0.0000000000
  -0.0742845100    0.1117019600    0.0000000000
  -0.0186828200    0.0019471700    0.0000000000
  -0.0080946000   -0.0009364100    0.0000000000
  -0.0040133500   -0.0002233800    0.0000000000
  -0.0015821800   -0.0009257300    0.0000000000

85   
  0.0149999999993716  -0.0259807621138959   0.0000000000000000
  -0.0032381700   -0.0004461700    0.0000000000
  -0.0033687300   -0.0017541600    0.0000000000
  -0.0048702900   -0.0061608900    0.0000000000
  -0.0064884900   -0.0246387900    0.0000000000
   0.1262034000   -0.2048624800    0.0000000000
   0.5042322100   -0.4225392400    0.0000000000
  -0.0210102800    0.0053143900    0.0000000000
  -0.0055307300   -0.0006165300    0.0000000000
  -0.0032486600   -0.0004925800    0.0000000000
  -0.0017615200   -0.0015748500    0.0000000000
  -0.0030587900   -0.0012985200    0.0000000000
  -0.0054082300   -0.0025753200    0.0000000000
  -0.0115025900   -0.0061140500    0.0000000000
  -0.0399640600   -0.0143533900    0.0000000000
   0.1244290600   -0.5324183000    0.0000000000
   0.0335598500   -0.0577095700    0.0000000000
   0.0012005300   -0.0113872200    0.0000000000
  -0.0019404500   -0.0031617300    0.0000000000
  -0.0006938500   -0.0017197600    0.0000000000
  -0.0014388800   -0.0004690400    0.0000000000
  -0.0032533300   -0.0003873500    0.0000000000
  -0.0058565300    0.0011340200    0.0000000000
  -0.0106265000    0.0060831100    0.0000000000
   0.0109524200    0.0388454000    0.0000000000
   0.0066674700    0.0195840400    0.0000000000
   0.0093418500   -0.0074153000    0.0000000000
   0.0018700000   -0.0045699300    0.0000000000
   0.0011213400   -0.0003921600    0.0000000000
  -0.0001287200    0.0004277200    0.0000000000
  -0.0021535000    0.0006429800    0.0000000000
  -0.0024168900    0.0014811300    0.0000000000
  -0.0052380100    0.0039427000    0.0000000000
  -0.0008247600    0.0109833100    0.0000000000
   0.0009370400    0.0133520900    0.0000000000
   0.0036601600    0.0038457600    0.0000000000
   0.0031771200   -0.0009759600    0.0000000000
   0.0017934900    0.0000209900    0.0000000000
   0.0008456900    0.0009056000    0.0000000000
  -0.0004106700    0.0016721700    0.0000000000
  -0.0012072000    0.0010730100    0.0000000000
  -0.0021268500    0.0055074000    0.0000000000
  -0.0004549900    0.0070094400    0.0000000000
   0.0012801800    0.0048448500    0.0000000000
   0.0020682100    0.0011739000    0.0000000000
   0.0017791900    0.0011593200    0.0000000000
   0.0022789900    0.0014630500    0.0000000000
   0.0012524200    0.0026757900    0.0000000000
  -0.0003095800    0.0035230900    0.0000000000
  -0.0001858600    0.0047485000    0.0000000000
  -0.0027451900    0.0045166000    0.0000000000
  -0.0016662300    0.0038649100    0.0000000000
   0.0001364000    0.0035939100    0.0000000000
   0.0009236000    0.0021738000    0.0000000000
   0.0016060600    0.0008975800    0.0000000000
   0.0026542000    0.0011150400    0.0000000000
   0.0044338600    0.0032243300    0.0000000000
   0.0023496600    0.0059685700    0.0000000000
  -0.0021230100    0.0066446600    0.0000000000
  -0.0037738800    0.0057477600    0.0000000000
  -0.0028412400    0.0041582400    0.0000000000
  -0.0014917700    0.0032743900    0.0000000000
  -0.0001258500    0.0019968800    0.0000000000
  -0.0004473500    0.0009241500    0.0000000000
   0.0018553900    0.0000842100    0.0000000000
   0.0077834600    0.0016076800    0.0000000000
   0.0114455100    0.0071034100    0.0000000000
   0.0000468800    0.0122130300    0.0000000000
  -0.0092655300    0.0065389200    0.0000000000
  -0.0057820000    0.0040284300    0.0000000000
  -0.0032775000    0.0025989800    0.0000000000
  -0.0019394400    0.0013856200    0.0000000000
  -0.0023631900   -0.0000786900    0.0000000000
  -0.0018023200   -0.0017597700    0.0000000000
   0.0018338300   -0.0026446000    0.0000000000
   0.0241941700   -0.0071343200    0.0000000000
   0.0357554000    0.0267142800    0.0000000000
  -0.0398973900    0.0094218000    0.0000000000
  -0.0125333100    0.0063153700    0.0000000000
  -0.0048824200    0.0018000700    0.0000000000
  -0.0033993300    0.0010364100    0.0000000000
   0.0035136900    0.0005486800    0.0000000000
   0.0042046400    0.0028847600    0.0000000000
   0.0100784100    0.0086517900    0.0000000000
   0.0752012300    0.0549821400    0.0000000000
  -0.8920171300    1.3993588800    0.0000000000
   0.0609147200    0.0482725400    0.0000000000
   0.0096361100    0.0074647600    0.0000000000
   0.0042234100    0.0024700100    0.0000000000
   0.0023022100    0.0014023900    0.0000000000
   0.0023118600    0.0010537400    0.0000000000
   0.0042439400    0.0004715300    0.0000000000
   0.0074057200    0.0000915500    0.0000000000
   0.0195406800   -0.0028732000    0.0000000000
   0.0593782000   -0.1204331300    0.0000000000
  -0.0707810200   -0.0274212300    0.0000000000
  -0.0078893900    0.0133672400    0.0000000000
   0.0013614500    0.0050996500    0.0000000000
   0.0018615800    0.0021932300    0.0000000000
   0.0006620400   -0.0001384300    0.0000000000
   0.0023173300   -0.0009524600    0.0000000000
   0.0041017200   -0.0018871300    0.0000000000
   0.0091515500   -0.0048183900    0.0000000000
   0.0100139200   -0.0178001400    0.0000000000
  -0.0068515400   -0.0176185500    0.0000000000
  -0.0120758700   -0.0039340300    0.0000000000
  -0.0042566600    0.0022163000    0.0000000000
   0.0000330700    0.0010181200    0.0000000000
  -0.0000128700   -0.0010032200    0.0000000000
   0.0005717200   -0.0014117300    0.0000000000
   0.0026071600   -0.0018297200    0.0000000000
   0.0046613700    0.0003741900    0.0000000000
   0.0042269100   -0.0065439200    0.0000000000
   0.0012476100   -0.0084431800    0.0000000000
  -0.0044751100   -0.0064037300    0.0000000000
  -0.0040726300   -0.0023228900    0.0000000000
  -0.0020909800   -0.0008900000    0.0000000000
  -0.0015976900   -0.0005917600    0.0000000000
   0.0000825900   -0.0019795000    0.0000000000
   0.0009646800   -0.0026187800    0.0000000000
  -0.0019517900   -0.0020488100    0.0000000000
   0.0029982200   -0.0054491200    0.0000000000
   0.0020522600   -0.0047311500    0.0000000000
  -0.0009181500   -0.0040417400    0.0000000000
  -0.0019194800   -0.0018216700    0.0000000000
  -0.0022102100   -0.0010208300    0.0000000000
  -0.0025197300   -0.0021048000    0.0000000000
  -0.0017678300   -0.0028935600    0.0000000000
  -0.0005863100   -0.0049656000    0.0000000000
   0.0008100300   -0.0060308500    0.0000000000
   0.0022660400   -0.0053101700    0.0000000000
   0.0020993300   -0.0040572900    0.0000000000
   0.0007775200   -0.0031625300    0.0000000000
  -0.0007475500   -0.0021908900    0.0000000000
  -0.0012042000   -0.0020379500    0.0000000000
  -0.0020113900   -0.0006227800    0.0000000000
  -0.0045454300   -0.0017664000    0.0000000000
  -0.0037763200   -0.0064783700    0.0000000000
  -0.0002771900   -0.0102028900    0.0000000000
   0.0036231700   -0.0070171300    0.0000000000
   0.0035959700   -0.0040203100    0.0000000000
   0.0023187000   -0.0031737600    0.0000000000
   0.0007477800   -0.0017170300    0.0000000000
  -0.0002146500   -0.0004579100    0.0000000000
  -0.0009239700    0.0013855800    0.0000000000
  -0.0034001100    0.0025288800    0.0000000000
  -0.0122857400   -0.0037406600    0.0000000000
  -0.0087950100   -0.0185448400    0.0000000000
   0.0106446400   -0.0177574400    0.0000000000
   0.0071614000   -0.0047176000    0.0000000000
   0.0038925400   -0.0022044500    0.0000000000
   0.0032669000   -0.0012406200    0.0000000000
   0.0005949400    0.0005823500    0.0000000000
   0.0008607700    0.0016193000    0.0000000000
   0.0000273200    0.0040997600    0.0000000000
  -0.0066039500    0.0130205300    0.0000000000
  -0.0882925500   -0.0369922400    0.0000000000
   0.0786507200   -0.1190380400    0.0000000000
   0.0197402300   -0.0031085900    0.0000000000
   0.0074759600   -0.0000236000    0.0000000000
   0.0033196200    0.0005170100    0.0000000000
   0.0027338800    0.0002197100    0.0000000000

86   
  0.0234443241590582   0.0000000000000033   0.0187180037590817
  -0.0053397300    0.0012350700    0.0000036200
  -0.0041858900    0.0002131600    0.0000066900
  -0.0045443100   -0.0009690600    0.0000040200
  -0.0075729200   -0.0034873300    0.0003593900
  -0.0208183800   -0.0224083600   -0.0053317400
   0.4186158700    0.1298809400    0.0992331800
   0.4694610700   -0.1655757600    0.0884010400
  -0.0215886700    0.0237045600   -0.0053794100
  -0.0081163300    0.0039450100    0.0003591400
  -0.0047050700   -0.0010657400    0.0000083600
  -0.0038421900   -0.0003618400    0.0000110400
  -0.0039341100   -0.0002166100    0.0000109300
  -0.0045693400    0.0002710700    0.0000075100
  -0.0080061600    0.0039563000    0.0001018200
  -0.0059101700    0.0320624700    0.0041573000
   0.1888574800   -0.0062274700    0.0942838800
  -0.0042340900   -0.0333255100    0.0040110900
  -0.0085633900   -0.0045008900    0.0001022700
  -0.0031532300   -0.0039292000    0.0000275700
  -0.0024592100   -0.0012064100    0.0000117900
  -0.0025896400   -0.0002576200    0.0000063700
  -0.0027345600    0.0014937900    0.0000114400
  -0.0030173600    0.0034166700    0.0000282200
  -0.0009962800    0.0102199200    0.0000970000
   0.0145610100    0.0142492400   -0.0053561200
   0.0147766200   -0.0140025000   -0.0054073200
  -0.0007916200   -0.0106076000    0.0001034800
  -0.0006161500   -0.0039918000    0.0000081600
  -0.0011934000   -0.0020080400    0.0000117900
  -0.0018932400   -0.0010092000    0.0000058900
  -0.0014371000    0.0005246400    0.0000051300
  -0.0016540300    0.0019118200    0.0000106400
  -0.0000606100    0.0040306600    0.0000070300
   0.0020029700    0.0059386100    0.0003685200
   0.0022225400    0.0003816300    0.0004754000
   0.0022963900   -0.0059800000    0.0003629700
   0.0000668700   -0.0036149700    0.0000032800
  -0.0006298300   -0.0024750700    0.0000110600
  -0.0006219400   -0.0012967100    0.0000063800
  -0.0001263900   -0.0006220000    0.0000051400
  -0.0005074200    0.0018750900    0.0000108500
   0.0003270200    0.0027364200    0.0000024000
   0.0007629300    0.0011802500   -0.0000223600
   0.0005983100   -0.0021701200   -0.0000207900
  -0.0005962100   -0.0018327600    0.0000113800
  -0.0004166100   -0.0022892200    0.0000067700
  -0.0003078800   -0.0017880900    0.0000109700
   0.0011228300   -0.0008382100    0.0000114500
   0.0014465400    0.0009414700    0.0000106300
  -0.0004463000    0.0020143500    0.0000108500
  -0.0006890400    0.0017718600    0.0000061500
  -0.0000937700    0.0012147100    0.0000115000
  -0.0004766900   -0.0003136800    0.0000142900
  -0.0011243700   -0.0010508600    0.0000045100
  -0.0019372800   -0.0020805000    0.0000113900
  -0.0006360000   -0.0021916600    0.0000033000
   0.0014867800   -0.0015350600    0.0000072100
   0.0035382000    0.0004491700    0.0000282200
   0.0016560000    0.0029919700    0.0000069900
  -0.0005744900    0.0027812000    0.0000019800
  -0.0013966200    0.0022252600    0.0000115100
  -0.0014151700    0.0006888300    0.0000043900
  -0.0027713500    0.0005023200    0.0000045100
  -0.0028571700   -0.0014442700    0.0000143100
  -0.0030081500   -0.0023129500   -0.0000218800
  -0.0008084100   -0.0039510600    0.0003679100
   0.0082760700   -0.0032366500    0.0001017700
   0.0081325600    0.0035947800    0.0000955600
  -0.0010942600    0.0040305500    0.0003731100
  -0.0032245200    0.0032373400   -0.0000222100
  -0.0031758500    0.0015346200    0.0000142600
  -0.0041406600    0.0009210800    0.0000113500
  -0.0042193300   -0.0008152400    0.0000113500
  -0.0043693300   -0.0025907600   -0.0000217100
  -0.0082114800   -0.0059056100    0.0004797100
  -0.0108045500   -0.0120735900   -0.0054258200
   0.0518753600    0.0003803700    0.0041282500
  -0.0116650100    0.0133624200   -0.0054222200
  -0.0083736500    0.0063597000    0.0004737500
  -0.0056274300    0.0029910900   -0.0000205100
   0.0049773000   -0.0005229600   -0.0000107200
   0.0042915600    0.0002738700   -0.0000109300
   0.0059689200    0.0002509600   -0.0000601800
   0.0145794600   -0.0002214200    0.0007164200
   0.1049294000    0.0076179700   -0.0192135200
  -1.2896203500    0.0431868400   -0.1541544700
   0.1093003900   -0.0074023000   -0.0210319000
   0.0156397500   -0.0003188400    0.0007681000
   0.0058020500    0.0003213100   -0.0000624000
   0.0041186900    0.0015401100   -0.0000047300
   0.0041390700    0.0001519300   -0.0000102700
   0.0041023400   -0.0010007700   -0.0000048300
   0.0058450900   -0.0034962800   -0.0001507600
   0.0096624800   -0.0117097100    0.0010716400
  -0.0084076300   -0.0731661600   -0.0195707000
  -0.0097030800    0.0741294700   -0.0207312200
   0.0096839800    0.0124775200    0.0011579400
   0.0063274800    0.0041683600   -0.0001550700
   0.0026147700    0.0021503700   -0.0000041400
   0.0025699600    0.0004136600   -0.0000097600
   0.0026217500   -0.0007855600   -0.0000091500
   0.0034337200   -0.0024432300   -0.0000054700
   0.0031433000   -0.0053592700   -0.0001478900
  -0.0011997400   -0.0105869800    0.0007178100
  -0.0123072400   -0.0002301300    0.0011288100
  -0.0019308500    0.0104020700    0.0007702400
   0.0032683600    0.0048789300   -0.0001562300
   0.0016399300    0.0023797500   -0.0000046200
   0.0011259700    0.0014587900   -0.0000097000
   0.0018385800    0.0002910100   -0.0000044800
   0.0018979900    0.0000069700   -0.0000105400
   0.0012050500   -0.0023260200   -0.0000061400
   0.0002750400   -0.0036073700   -0.0000609700
  -0.0032802500   -0.0019041900   -0.0001560000
  -0.0030751500    0.0012807600   -0.0001555300
  -0.0001899400    0.0032573200   -0.0000630900
   0.0002184800    0.0031770600   -0.0000107200
   0.0009976300    0.0021529200   -0.0000102700
   0.0002577100    0.0009568300   -0.0000091300
  -0.0006607400   -0.0002569400   -0.0000104900
   0.0010638800   -0.0019479700   -0.0000110600
   0.0005193200   -0.0019887200   -0.0000106100
  -0.0009072600   -0.0011334400   -0.0000042900
  -0.0008307200    0.0009989800   -0.0000032100
  -0.0005499100    0.0021636900   -0.0000043900
   0.0001621000    0.0012243500   -0.0000103300
   0.0005995300    0.0022390100   -0.0000108700
  -0.0004141800    0.0016510300   -0.0000045400
  -0.0012080300   -0.0001960000   -0.0000053200
  -0.0003866900   -0.0023237500   -0.0000059600
   0.0005320300   -0.0024633700   -0.0000105200
   0.0003877000   -0.0017943900   -0.0000101600
   0.0001115200   -0.0005819100   -0.0000096700
   0.0006938300    0.0001077500   -0.0000098100
   0.0015046400    0.0010220100   -0.0000098000
   0.0008419400    0.0029546600   -0.0000042600
  -0.0001196200    0.0034261000   -0.0000624300
  -0.0030861000    0.0016563700   -0.0001532100
  -0.0032506700   -0.0022357600   -0.0001490300
   0.0000528900   -0.0036674700   -0.0000625100
   0.0013463600   -0.0034238300   -0.0000042100
   0.0013686900   -0.0015373700   -0.0000097000
   0.0017332400    0.0002277300   -0.0000047200
   0.0023190400    0.0007839300   -0.0000097300
   0.0032879600    0.0024320100   -0.0000030100
   0.0029194600    0.0060403300   -0.0001573400
  -0.0026980500    0.0092195100    0.0007494300
  -0.0113861900   -0.0004668100    0.0011047200
  -0.0017347200   -0.0095406700    0.0007485700
   0.0023392100   -0.0059388600   -0.0001558900
   0.0039382300   -0.0027842300   -0.0000032300
   0.0022860600   -0.0001305500   -0.0000097500
   0.0028754700   -0.0000000600   -0.0000102900
   0.0040459500    0.0005525000   -0.0000044000
   0.0066896700    0.0029376800   -0.0001568500
   0.0086058400    0.0117033700    0.0011381400
  -0.0077834800    0.0597099400   -0.0198617600
  -0.0083084500   -0.0613695600   -0.0205232100
   0.0088402000   -0.0126431400    0.0011306500
   0.0057157400   -0.0028800100   -0.0001549700
   0.0045733000   -0.0012502100   -0.0000044100

86   
 -0.0234443241590582  -0.0000000000000033  -0.0187180037590817
   0.0038422000   -0.0005585600   -0.0000043600
   0.0035062100    0.0002379900   -0.0000067200
   0.0046804900    0.0008389600   -0.0000032900
   0.0082002500    0.0038735500   -0.0003688600
   0.0222509600    0.0233823600    0.0054699000
  -0.4669750000   -0.1650483600   -0.0885904800
  -0.4196918400    0.1310320400   -0.0990848100
   0.0208853300   -0.0221568600    0.0052420400
   0.0074713400   -0.0034615900   -0.0003498300
   0.0049950500    0.0002969100   -0.0000085800
   0.0033439100   -0.0000791100   -0.0000110400
   0.0032386800   -0.0004553700   -0.0000109700
   0.0052474900   -0.0011101700   -0.0000073600
   0.0083850700   -0.0046654700   -0.0000990100
   0.0043223500   -0.0336462300   -0.0040949400
  -0.1875387900   -0.0058044400   -0.0942761700
   0.0055220200    0.0321789200   -0.0040764200
   0.0073573200    0.0040571800   -0.0001048400
   0.0023778500    0.0035120600   -0.0000277000
   0.0029923000    0.0011874900   -0.0000118100
   0.0024522100   -0.0001787700   -0.0000064100
   0.0025746700   -0.0008811800   -0.0000114900
   0.0031409000   -0.0039640900   -0.0000282600
   0.0004147300   -0.0102025400   -0.0000964700
  -0.0139844000   -0.0136890500    0.0055439500
  -0.0139166800    0.0138330600    0.0052204000
   0.0002955100    0.0095900600   -0.0001036500
   0.0003130800    0.0045241500   -0.0000087700
   0.0013795100    0.0024826100   -0.0000118000
   0.0008892600    0.0004045300   -0.0000059300
   0.0009454000   -0.0003216700   -0.0000051500
   0.0020152500   -0.0016007600   -0.0000106500
   0.0012226000   -0.0046123400   -0.0000065300
  -0.0022756900   -0.0053859000   -0.0003857400
  -0.0019868100    0.0005184100   -0.0004751600
  -0.0021245800    0.0053477000   -0.0003463700
  -0.0001812100    0.0019407400   -0.0000047000
   0.0001516000    0.0021137600   -0.0000110200
   0.0001006000    0.0013583900   -0.0000064000
   0.0001178600   -0.0000518000   -0.0000051300
   0.0003631900   -0.0024405700   -0.0000109700
   0.0001945900   -0.0027235900   -0.0000008900
  -0.0002509700   -0.0014613400    0.0000226000
  -0.0004414500    0.0006949300    0.0000204500
   0.0004978700    0.0009854500   -0.0000112900
   0.0004995200    0.0016725300   -0.0000066900
  -0.0004820100    0.0016482200   -0.0000109400
  -0.0007285000    0.0006267200   -0.0000114800
  -0.0009151900   -0.0007968800   -0.0000106500
  -0.0000425700   -0.0018985500   -0.0000109500
   0.0000849100   -0.0019279100   -0.0000063600
   0.0009919400   -0.0013985500   -0.0000116600
   0.0005411600   -0.0002088800   -0.0000143000
   0.0019922100    0.0002722300   -0.0000045400
   0.0009908900    0.0013630000   -0.0000114000
   0.0006235000    0.0024066300   -0.0000040000
  -0.0016949500    0.0025537500   -0.0000076400
  -0.0039586400    0.0001776800   -0.0000282800
  -0.0015783000   -0.0015094100   -0.0000065700
   0.0008663100   -0.0021939400   -0.0000013000
   0.0014819900   -0.0011551300   -0.0000115900
   0.0016840100   -0.0004778200   -0.0000044100
   0.0024869300    0.0005563500   -0.0000045300
   0.0028808800    0.0013509400   -0.0000142900
   0.0033570600    0.0035213600    0.0000213600
   0.0014821100    0.0041855700   -0.0003604000
  -0.0082591500    0.0037748900   -0.0000992700
  -0.0084291300   -0.0039389500   -0.0000981000
   0.0013071400   -0.0045241800   -0.0003808500
   0.0031737900   -0.0027328300    0.0000226900
   0.0025285700   -0.0012019200   -0.0000143300
   0.0031474500   -0.0003375900   -0.0000113000
   0.0030887500    0.0005035900   -0.0000114700
   0.0056902500    0.0023627600    0.0000215200
   0.0091203700    0.0065540500   -0.0004773700
   0.0122072900    0.0131474100    0.0053763000
  -0.0523978600    0.0000059300   -0.0041294500
   0.0114743500   -0.0123082900    0.0054718800
   0.0088620100   -0.0062427000   -0.0004761300
   0.0043553400   -0.0019589300    0.0000206400
  -0.0032330500   -0.0005738100    0.0000109700
  -0.0039401600    0.0002958900    0.0000110100
  -0.0064628700    0.0002912500    0.0000631100
  -0.0163495600   -0.0007256000   -0.0007785100
  -0.1092711500   -0.0064848700    0.0210964200
   1.2890901000    0.0396693300    0.1541959000
  -0.1042310200    0.0065324100    0.0191491600
  -0.0149794900    0.0003427200   -0.0007058100
  -0.0065197300    0.0003333800    0.0000596000
  -0.0041367400   -0.0006141000    0.0000051200
  -0.0029029800    0.0001310400    0.0000102500
  -0.0041713200    0.0011493100    0.0000044300
  -0.0069777500    0.0039011300    0.0001532200
  -0.0092325600    0.0127148100   -0.0011364000
   0.0088952400    0.0745103100    0.0209063600
   0.0075100100   -0.0731139500    0.0193981400
  -0.0087029600   -0.0116856800   -0.0010921100
  -0.0060517900   -0.0030586100    0.0001522900
  -0.0035112700   -0.0025727900    0.0000045300
  -0.0028719900   -0.0010033400    0.0000096700
  -0.0024882400    0.0004456400    0.0000091900
  -0.0034384500    0.0021741400    0.0000051700
  -0.0027714900    0.0048151100    0.0001522400
   0.0022784400    0.0098385300   -0.0007840600
   0.0111180400   -0.0003882200   -0.0011288000
   0.0017118100   -0.0100398100   -0.0007032600
  -0.0022423700   -0.0051611200    0.0001512700
  -0.0008168700   -0.0028219900    0.0000052200
  -0.0019093800   -0.0012820400    0.0000097300
  -0.0011024200    0.0000641400    0.0000045000
  -0.0017696800   -0.0001028400    0.0000102200
  -0.0016792900    0.0026662700    0.0000055200
   0.0003973800    0.0037085400    0.0000653200
   0.0025992100    0.0012962000    0.0001568700
   0.0028635600   -0.0021621100    0.0001544900
   0.0001778400   -0.0041324600    0.0000588400
  -0.0004113800   -0.0012278800    0.0000109100
  -0.0000744600   -0.0013967900    0.0000102400
  -0.0005983300   -0.0007462600    0.0000092200
   0.0005331700    0.0002774200    0.0000104200
  -0.0008401100    0.0018861100    0.0000111100
  -0.0002211000    0.0021420700    0.0000103600
  -0.0000156100    0.0018781100    0.0000040300
   0.0011232600    0.0008826200    0.0000032100
   0.0003948600   -0.0010591300    0.0000045900
  -0.0008664600   -0.0022673200    0.0000102300
  -0.0000205400   -0.0022451000    0.0000110000
   0.0005434800   -0.0019019600    0.0000047300
   0.0008361700    0.0001991300    0.0000053400
   0.0005074600    0.0015673100    0.0000056900
  -0.0001103600    0.0023955900    0.0000104100
  -0.0005902400    0.0015788400    0.0000102200
  -0.0006480800    0.0006194400    0.0000098100
  -0.0000725900   -0.0012729700    0.0000096400
  -0.0014466100   -0.0016642000    0.0000096800
  -0.0015547700   -0.0025070500    0.0000042800
   0.0002476800   -0.0039924900    0.0000608300
   0.0028569400   -0.0028587000    0.0001509700
   0.0028243700    0.0027923200    0.0001511900
   0.0003492600    0.0041705700    0.0000640100
  -0.0010026600    0.0022082300    0.0000041300
  -0.0015309600    0.0010740300    0.0000097800
  -0.0011800200    0.0001657100    0.0000047200
  -0.0029134200   -0.0005047200    0.0000097400
  -0.0026733500   -0.0022039000    0.0000029500
  -0.0025544600   -0.0051083500    0.0001564600
   0.0008567600   -0.0101873700   -0.0007446200
   0.0122877100   -0.0001904100   -0.0011045700
   0.0016607000    0.0103843000   -0.0007527800
  -0.0031353900    0.0054113500    0.0001567900
  -0.0019571800    0.0018654200    0.0000032300
  -0.0029168700    0.0010909100    0.0000096800
  -0.0040651500   -0.0000265200    0.0000102800
  -0.0040836400   -0.0012595900    0.0000041500
  -0.0056025100   -0.0030736000    0.0001569100
  -0.0098487700   -0.0124048600   -0.0011437100
   0.0089469200   -0.0601625100    0.0204097400
   0.0086981200    0.0596131600    0.0199675700
  -0.0094500600    0.0116029900   -0.0011253000
  -0.0064194400    0.0031865100    0.0001548300
  -0.0034920400    0.0005501000    0.0000045800

87   
 -0.0117221620790471   0.0203033802966008   0.0187180037590592
   0.0032367600    0.0014061200    0.0003626300
   0.0018964900    0.0008306600    0.0000034400
   0.0019511600    0.0005283200    0.0000067500
   0.0025919800    0.0016806100    0.0000030400
   0.0044082300    0.0050909600    0.0003675000
   0.0049072400    0.0193555800   -0.0054408300
  -0.0886528800    0.1664885500    0.0943737200
  -0.3218030300    0.2979915100    0.0991559600
   0.0160283400   -0.0032899200   -0.0053688000
  -0.0010075300    0.0085280900    0.0001032900
   0.0006378400    0.0021957300    0.0000078600
   0.0010533200    0.0005992600    0.0000110300
   0.0024900300    0.0003938900    0.0000110400
   0.0042189000    0.0015166700    0.0000077600
   0.0089689300    0.0044045900    0.0001018600
   0.0318538100    0.0129046800    0.0040418800
  -0.0905757100    0.4908876700    0.0883714800
  -0.0268316600    0.0448318500    0.0040766000
  -0.0077314200    0.0051159400    0.0000994500
  -0.0016886900    0.0031759800    0.0000278800
  -0.0000322800    0.0009942800    0.0000116800
   0.0011499700    0.0005995600    0.0000062700
   0.0028876700   -0.0001945900    0.0000116800
   0.0046076300   -0.0004938700    0.0000278400
   0.0082877500   -0.0048724100    0.0000992000
  -0.0087630200   -0.0307945200   -0.0054317400
  -0.0056121600   -0.0167929200   -0.0053385200
  -0.0031989600   -0.0028305100    0.0003608600
  -0.0026044900    0.0005615200    0.0000081300
  -0.0017270400    0.0001415500    0.0000116400
  -0.0004117100    0.0001920600    0.0000056600
   0.0019270100   -0.0003076800    0.0000056600
   0.0032180600   -0.0021161200    0.0000116400
   0.0031049200   -0.0037356600    0.0000078600
   0.0009364300   -0.0084466400    0.0003692600
  -0.0009929000   -0.0110974300    0.0004711800
  -0.0010091900   -0.0051149200   -0.0000208300
  -0.0019758300   -0.0019288400    0.0000033200
  -0.0018948600   -0.0008134600    0.0000110500
  -0.0010510000   -0.0012383500    0.0000058000
   0.0013437400   -0.0025123600    0.0000058100
   0.0023394500   -0.0031622400    0.0000110600
   0.0018780000   -0.0046895800    0.0000026100
   0.0004835000   -0.0064294200   -0.0000209700
   0.0001900700   -0.0036375000    0.0000142100
  -0.0007307500   -0.0024622600    0.0000114000
  -0.0019031200   -0.0014599300    0.0000062700
  -0.0015162900   -0.0015204800    0.0000110100
  -0.0013707700   -0.0023982800    0.0000112000
   0.0005969000   -0.0032096400    0.0000112000
   0.0013433400   -0.0031626900    0.0000110400
   0.0024181800   -0.0034299200    0.0000063300
   0.0013319500   -0.0037948200    0.0000115100
   0.0017386500   -0.0026886600    0.0000044800
  -0.0002613500   -0.0020393100    0.0000044800
  -0.0009496600   -0.0010681100    0.0000114500
  -0.0025437200   -0.0008003800    0.0000036000
  -0.0037558100   -0.0024911400    0.0000068300
  -0.0017558500   -0.0039285200    0.0000282400
   0.0022020400   -0.0046070500    0.0000066300
   0.0031141100   -0.0030434900    0.0000032700
   0.0025130200   -0.0027479100    0.0000114700
   0.0024396000   -0.0012665300    0.0000143500
   0.0012922700   -0.0010877400    0.0000045200
   0.0003791300    0.0001513100    0.0000143400
  -0.0011665100   -0.0001697900   -0.0000221200
  -0.0060387600   -0.0007988500    0.0003655600
  -0.0086236800   -0.0061249100    0.0000972600
   0.0005896500   -0.0097190000    0.0000985200
   0.0071855800   -0.0048647800    0.0003691700
   0.0042927000   -0.0029736300   -0.0000223400
   0.0035274300   -0.0009929000   -0.0000214600
   0.0015849100   -0.0005685200    0.0000113900
   0.0020644300    0.0000966800    0.0000114600
   0.0012786000    0.0014274300   -0.0000214100
  -0.0004910200    0.0022280000    0.0004777700
  -0.0197866600    0.0051706100   -0.0053614600
  -0.0253156000   -0.0209207800    0.0041821000
   0.0309582000   -0.0073836900   -0.0053828700
   0.0089687200   -0.0038417200    0.0004785600
  -0.0021663100   -0.0025590100   -0.0000619700
  -0.0018542200   -0.0005654200   -0.0000107900
  -0.0022454600   -0.0005646000   -0.0000107900
  -0.0038537100   -0.0025582700   -0.0000634900
  -0.0075030600   -0.0063955200    0.0007727000
  -0.0595452800   -0.0449257800   -0.0207314100
   0.6078579300   -1.1407843500   -0.1541965500
  -0.0468787300   -0.0369876400   -0.0197970100
  -0.0077240900   -0.0060602600    0.0007417400
  -0.0004094900   -0.0032794500   -0.0001537400
  -0.0005921700   -0.0011380100   -0.0000047500
  -0.0017772200   -0.0003510300   -0.0000102400
  -0.0035036300   -0.0000264300   -0.0000045500
  -0.0057426800    0.0002828300   -0.0001550000
  -0.0154972900    0.0022937200    0.0011472100
  -0.0497931900    0.0987650900   -0.0211218000
   0.0573473900    0.0229704500   -0.0204345900
   0.0061789400   -0.0096376600    0.0011151400
   0.0031845400   -0.0016172000   -0.0001510700
   0.0004593000   -0.0011601800   -0.0000048200
  -0.0004998000   -0.0001830200   -0.0000095500
  -0.0022324400    0.0005186300   -0.0000095500
  -0.0036212400    0.0012294000   -0.0000046800
  -0.0060306900    0.0033231300   -0.0001533400
  -0.0082850700    0.0135278500    0.0007749700
   0.0058892200    0.0143699100    0.0011274600
   0.0099549200    0.0032478900    0.0007410700
   0.0038228000    0.0015293100   -0.0000610900
   0.0015183300    0.0006054200   -0.0000055100
   0.0009036300    0.0008523000   -0.0000096100
  -0.0008550600   -0.0004687500   -0.0000059100
  -0.0024100300    0.0021787200   -0.0000095900
  -0.0029089600    0.0031982700   -0.0000051500
  -0.0036175700    0.0051842300   -0.0000631900
  -0.0005937800    0.0065004600   -0.0001553400
   0.0035208800    0.0047937600   -0.0001548300
   0.0017085000    0.0034132200   -0.0000044400
   0.0023198400    0.0017864500   -0.0000106800
   0.0011530700    0.0013786200   -0.0000101100
   0.0014252900    0.0018792000   -0.0000102000
  -0.0016201000    0.0028262200   -0.0000101300
  -0.0017630200    0.0031174800   -0.0000101300
  -0.0026705700    0.0039664000   -0.0000105500
  -0.0011701200    0.0049672100   -0.0000043000
   0.0004366900    0.0043303500   -0.0000033700
   0.0000743200    0.0014344500   -0.0000096900
   0.0015666700    0.0013186900   -0.0000102500
   0.0018140400    0.0012603600   -0.0000108900
   0.0014591700    0.0026546800   -0.0000055000
   0.0005114900    0.0037817000   -0.0000064900
  -0.0010443500    0.0044199700   -0.0000054100
  -0.0021672700    0.0034776500   -0.0000107800
  -0.0020457500    0.0030426900   -0.0000103000
  -0.0004648800    0.0020184800   -0.0000097500
  -0.0006782900    0.0009514100   -0.0000047100
   0.0000496100    0.0008934900   -0.0000097000
   0.0016813700    0.0001374000   -0.0000042400
   0.0031358100    0.0012531200   -0.0000606600
   0.0027406100    0.0055781600   -0.0001469700
   0.0001321800    0.0078665400   -0.0001480200
  -0.0029261300    0.0049349800   -0.0000614000
  -0.0028755300    0.0028602600   -0.0000042100
  -0.0015614200    0.0021564100   -0.0000097400
  -0.0021305000    0.0007552300   -0.0000097700
  -0.0003993100    0.0001218200   -0.0000097900
   0.0007285000   -0.0003532600   -0.0000030000
   0.0020459100   -0.0021073600   -0.0001564600
   0.0101630200    0.0035153600    0.0007167800
   0.0057184700    0.0150499000    0.0010595900
  -0.0084482900    0.0130814000    0.0007191500
  -0.0046591300    0.0033690700   -0.0001568100
  -0.0037480800    0.0018996500   -0.0000030500
  -0.0034800000   -0.0003369300   -0.0000043200
  -0.0017101700   -0.0007789500   -0.0000103300
  -0.0005057100   -0.0012735300   -0.0000042000
  -0.0004493700   -0.0036940300   -0.0001565900
   0.0063909200   -0.0098730900    0.0011361900
   0.0680719900    0.0292270200   -0.0195150300
  -0.0591277900    0.0869182100   -0.0192638900
  -0.0152788900    0.0020239600    0.0011325700
  -0.0055422300   -0.0007841700   -0.0001564900

87   
  0.0117221620790471  -0.0203033802966008  -0.0187180037590592
  -0.0048014300   -0.0007100100   -0.0003552300
  -0.0026347000   -0.0003684700   -0.0000040900
  -0.0018847400   -0.0006468500   -0.0000066100
  -0.0020893200   -0.0012897600   -0.0000044600
  -0.0032223300   -0.0043669100   -0.0003506600
  -0.0048434700   -0.0192642600    0.0052530300
   0.0992521400   -0.1594223700   -0.0943629600
   0.3767067100   -0.3215168300   -0.0885092100
  -0.0167973100    0.0037816100    0.0053192000
   0.0011766600   -0.0092352300   -0.0001008300
  -0.0011985300   -0.0026162800   -0.0000082300
  -0.0017908200   -0.0012458100   -0.0000109800
  -0.0018381100   -0.0011580300   -0.0000109700
  -0.0037751500   -0.0019129900   -0.0000083200
  -0.0093149400   -0.0047576500   -0.0001020600
  -0.0302917400   -0.0115916200   -0.0041065100
   0.0969221600   -0.4302671600   -0.0990892100
   0.0252784300   -0.0451512300   -0.0040773500
   0.0068232200   -0.0055610200   -0.0001018800
   0.0021454900   -0.0031957600   -0.0000278700
  -0.0001431500   -0.0014212000   -0.0000116800
  -0.0013098900    0.0000489100   -0.0000062700
  -0.0026913300   -0.0002534900   -0.0000116700
  -0.0049496700    0.0006582400   -0.0000278900
  -0.0074988200    0.0047679500   -0.0001019400
   0.0094316500    0.0295604600    0.0052940600
   0.0048211000    0.0156748200    0.0053877800
   0.0027924600    0.0032634700   -0.0003683300
   0.0027177200   -0.0001355900   -0.0000077400
   0.0006841100   -0.0007707700   -0.0000116500
  -0.0000870700    0.0000118000   -0.0000056700
  -0.0015192500    0.0006352400   -0.0000056700
  -0.0019638000    0.0015408700   -0.0000116500
  -0.0032726200    0.0041807900   -0.0000080100
  -0.0006698000    0.0089878000   -0.0003598500
   0.0011213400    0.0101530300   -0.0004736300
   0.0008449300    0.0033027100    0.0000213200
   0.0014360900    0.0014814000   -0.0000026400
   0.0013317200    0.0008125800   -0.0000111000
   0.0010326300    0.0005263300   -0.0000058200
  -0.0014314400    0.0019091700   -0.0000058100
  -0.0017562600    0.0031146800   -0.0000110800
  -0.0013318000    0.0042696000   -0.0000033700
  -0.0003369000    0.0047642400    0.0000211700
  -0.0003259800    0.0026802700   -0.0000142600
   0.0007561200    0.0017473700   -0.0000114600
   0.0010598200    0.0012302600   -0.0000064100
   0.0018923200    0.0012246500   -0.0000110700
   0.0019142700    0.0024608400   -0.0000111900
  -0.0010240800    0.0032763900   -0.0000111900
  -0.0018970900    0.0029680500   -0.0000110500
  -0.0014931900    0.0031805600   -0.0000063400
  -0.0012730900    0.0031701600   -0.0000114300
  -0.0009108600    0.0018401600   -0.0000044900
  -0.0007534800    0.0012374700   -0.0000044900
   0.0008542600    0.0011822800   -0.0000115800
   0.0022693600    0.0016976600   -0.0000021300
   0.0033442000    0.0029747700   -0.0000062800
   0.0019587500    0.0053094000   -0.0000282900
  -0.0018157800    0.0051566100   -0.0000065100
  -0.0029988200    0.0040816600   -0.0000024900
  -0.0022537000    0.0029101100   -0.0000115600
  -0.0027693700    0.0022958200   -0.0000143200
  -0.0013466800    0.0009402300   -0.0000045300
  -0.0001571800    0.0009688500   -0.0000143400
   0.0016866500    0.0002589200    0.0000224400
   0.0059007300    0.0011204500   -0.0003826500
   0.0085298300    0.0055188000   -0.0000968200
  -0.0000413900    0.0091842100   -0.0000955400
  -0.0072017400    0.0053672700   -0.0003786400
  -0.0049645500    0.0033038900    0.0000221400
  -0.0045753300    0.0015860200    0.0000209600
  -0.0027845900    0.0002415900   -0.0000113700
  -0.0008677900   -0.0003684600   -0.0000113500
  -0.0006426800   -0.0009042700    0.0000210800
   0.0015271200   -0.0014612500   -0.0004775700
   0.0185124500   -0.0055354100    0.0055486800
   0.0267420300    0.0212137000   -0.0041197400
  -0.0305588900    0.0073954400    0.0055207700
  -0.0103261300    0.0049423100   -0.0004760700
   0.0039727100    0.0014459700    0.0000605800
   0.0022702900    0.0011141900    0.0000110200
   0.0018540500    0.0010495500    0.0000110800
   0.0024009600    0.0014070100    0.0000592000
   0.0084106400    0.0069473700   -0.0007055000
   0.0592037700    0.0436956700    0.0193990900
  -0.6797109700    1.0976945000    0.1542681300
   0.0477955000    0.0375042700    0.0203448500
   0.0070788800    0.0066798500   -0.0007367400
   0.0004783000    0.0041964600    0.0001515600
   0.0018836100    0.0014104100    0.0000049900
   0.0017486100    0.0004608300    0.0000102200
   0.0023794300    0.0003142400    0.0000051800
   0.0059114600    0.0004551800    0.0001501600
   0.0149951700   -0.0016255600   -0.0010818100
   0.0456938500   -0.0939969400    0.0192326100
  -0.0552442900   -0.0222539300    0.0198816200
  -0.0057163700    0.0107480100   -0.0011150500
  -0.0039762600    0.0012397100    0.0001532300
  -0.0007026100    0.0005890900    0.0000048300
   0.0006611900   -0.0001570000    0.0000096500
   0.0022025700   -0.0008099200    0.0000096200
   0.0038690200   -0.0018112600    0.0000049900
   0.0068123100   -0.0039661000    0.0001507400
   0.0068489700   -0.0136064800   -0.0007122900
  -0.0058431100   -0.0136379900   -0.0011221100
  -0.0087392700   -0.0034405800   -0.0007454300
  -0.0029046000   -0.0018866800    0.0000625400
  -0.0022401700   -0.0003693600    0.0000052500
  -0.0001412500   -0.0004597700    0.0000095000
   0.0009655600    0.0003616800    0.0000059000
   0.0018734700   -0.0018181200    0.0000095100
   0.0034679900   -0.0030365000    0.0000056300
   0.0028160300   -0.0056192400    0.0000604000
   0.0004011000   -0.0071437400    0.0001552300
  -0.0034204800   -0.0055051900    0.0001558100
  -0.0018322300   -0.0013585900    0.0000044200
  -0.0013381900   -0.0009427900    0.0000105800
  -0.0014661300   -0.0010935200    0.0000101100
  -0.0015170600   -0.0018067500    0.0000100400
   0.0018035400   -0.0028275200    0.0000100800
   0.0019970900   -0.0029164300    0.0000100800
   0.0016866700   -0.0031447800    0.0000105900
   0.0014444000   -0.0029627900    0.0000045200
  -0.0005469500   -0.0030975700    0.0000033400
  -0.0007231900   -0.0023862500    0.0000097700
  -0.0009246100   -0.0012243000    0.0000103400
  -0.0016401000   -0.0013961600    0.0000106500
  -0.0018281400   -0.0025235600    0.0000049100
  -0.0004369900   -0.0044467800    0.0000060900
   0.0014103700   -0.0044462700    0.0000050000
   0.0019239400   -0.0036553400    0.0000107400
   0.0014956700   -0.0029458300    0.0000103100
   0.0011115400   -0.0031024300    0.0000096700
   0.0007937200   -0.0015333000    0.0000046900
  -0.0006803900   -0.0003562500    0.0000098100
  -0.0014714600   -0.0005696500    0.0000039700
  -0.0033195900   -0.0022583400    0.0000649600
  -0.0032453500   -0.0048206300    0.0001515400
   0.0001483400   -0.0073029700    0.0001503700
   0.0032169200   -0.0061542700    0.0000641500
   0.0027055300   -0.0033112400    0.0000039900
   0.0021405900   -0.0017248500    0.0000097600
   0.0015970400   -0.0004541800    0.0000096700
   0.0011158500    0.0001539400    0.0000096500
  -0.0002125000    0.0014020900    0.0000030200
  -0.0037317200    0.0013728000    0.0001573900
  -0.0092263100   -0.0037039000   -0.0007833200
  -0.0061338600   -0.0139073200   -0.0011239600
   0.0075509300   -0.0138070200   -0.0007815400
   0.0066468400   -0.0043368000    0.0001568500
   0.0031518500   -0.0009404400    0.0000030000
   0.0023507600    0.0003032000    0.0000043600
   0.0017644900    0.0000681900    0.0000101900
   0.0017723700    0.0011429300    0.0000044800
  -0.0004593400    0.0031401800    0.0001556400
  -0.0051816600    0.0103733400   -0.0011362800
  -0.0681132300   -0.0295384700    0.0208473400
   0.0604460600   -0.0923749800    0.0211487300
   0.0146736300   -0.0017956000   -0.0011381500
   0.0066851700    0.0000583800    0.0001556200

90   
  0.0234443241590582   0.0000000000000033   0.0187180037590817
   0.0515706800    0.0003114800    0.0039833900
  -0.0111732800    0.0124442400   -0.0051809200
  -0.0086994200    0.0061966100    0.0004784800
  -0.0048164800    0.0027375700   -0.0000220000
  -0.0030407500    0.0010558000    0.0000112900
  -0.0032938700   -0.0004161100    0.0000111600
  -0.0048577100   -0.0019404300   -0.0000188700
  -0.0091279100   -0.0057724900    0.0004600100
  -0.0118745000   -0.0125195700   -0.0052966600
   0.4306633100    0.1359145900    0.0989819800
   0.4668734600   -0.1656930600    0.0886469400
  -0.0228848400    0.0229798300   -0.0056882400
  -0.0076651300    0.0033799900    0.0003818400
  -0.0044171300    0.0007389000    0.0000030900
  -0.0040572600   -0.0002546200    0.0000068100
  -0.0040143600   -0.0010726000    0.0000043400
  -0.0079635100   -0.0038382700    0.0003491800
  -0.0225565300   -0.0232856100   -0.0051979900
  -0.0054156800    0.0327007800    0.0040146200
   0.1881350900   -0.0049519800    0.0942206700
  -0.0055824700   -0.0335556700    0.0043339200
  -0.0082269900   -0.0041752100    0.0000930900
  -0.0046301800   -0.0007640400    0.0000066200
  -0.0038165800   -0.0000445700    0.0000106600
  -0.0033243100   -0.0000053200    0.0000110100
  -0.0044682200    0.0001786600    0.0000088700
  -0.0083134100    0.0038872500    0.0001058400
  -0.0006976200    0.0103246800    0.0001070700
   0.0144409600    0.0145983400   -0.0051078400
   0.0134596200   -0.0136804500   -0.0059103900
  -0.0025322200   -0.0082586300    0.0000306000
  -0.0013816100   -0.0026814500   -0.0000019600
  -0.0020226500   -0.0013876900    0.0000113800
  -0.0026223600    0.0002582900    0.0000066500
  -0.0025674300    0.0015020300    0.0000119100
  -0.0026422700    0.0033620700    0.0000272200
  -0.0005165100    0.0033777700    0.0000097400
   0.0019590300    0.0056086500    0.0003288600
   0.0018972400    0.0008205700    0.0004881900
   0.0021620200   -0.0044843300    0.0004576600
  -0.0010257000   -0.0014660200    0.0000101100
  -0.0010674100   -0.0004407700    0.0000061300
  -0.0011077100    0.0005185400    0.0000059000
  -0.0011755100    0.0014311200    0.0000118800
  -0.0004182700    0.0018250400    0.0000108200
   0.0001884100    0.0024994000    0.0000054900
   0.0001925000    0.0015624400   -0.0000210000
   0.0009927500   -0.0009808300   -0.0000249800
  -0.0002036900   -0.0030168300   -0.0000071600
   0.0003321900   -0.0027218700    0.0000090500
  -0.0007695800   -0.0012322200    0.0000067300
   0.0002132700   -0.0000869400    0.0000060500
  -0.0003128400    0.0009479900    0.0000065900
   0.0005641400    0.0012832900    0.0000108900
  -0.0008910600    0.0016131800    0.0000068200
  -0.0005018100    0.0015684000    0.0000111300
  -0.0004914500    0.0006507000    0.0000138600
  -0.0007963000   -0.0012897900    0.0000089500
  -0.0003370000   -0.0015682000    0.0000089600
   0.0004455800   -0.0017660700    0.0000105700
   0.0009810000   -0.0002408100    0.0000117600
   0.0011025200    0.0007764300    0.0000118700
   0.0015315200    0.0024829200    0.0000093800
  -0.0005395100    0.0022102500    0.0000049200
  -0.0012549100    0.0023220600    0.0000112400
  -0.0011928400    0.0007708200    0.0000045600
  -0.0015511200   -0.0004484400    0.0000049700
  -0.0015633700   -0.0021206100    0.0000112200
  -0.0004635000   -0.0028162100    0.0000023100
   0.0016852100   -0.0019762200    0.0000086200
   0.0033962600    0.0000701800    0.0000277400
   0.0077625900    0.0037075900    0.0001057000
  -0.0014689400    0.0038043100    0.0003412200
  -0.0024804300    0.0027804100   -0.0000206300
  -0.0024881900    0.0017057100    0.0000142000
  -0.0019911900    0.0004679900    0.0000045200
  -0.0031524800   -0.0014051900    0.0000139100
  -0.0032665600   -0.0026281300   -0.0000197200
  -0.0007788100   -0.0042262400    0.0003636500
   0.0077645400   -0.0031835800    0.0001043900
  -0.0081125600   -0.0599883700   -0.0202027300
   0.0094128300   -0.0120890600    0.0011529300
   0.0060037100   -0.0028311500   -0.0001580200
   0.0033308300   -0.0015042800   -0.0000041700
   0.0038410700    0.0003147400   -0.0000102400
   0.0038401700    0.0008240800   -0.0000050300
   0.0062660100    0.0024384800   -0.0001525800
   0.0095935800    0.0122888000    0.0011015000
  -0.0089970200    0.0606616000   -0.0200372300
  -1.3005000600    0.0321716500   -0.1539763200
   0.1117185000   -0.0064260700   -0.0212841000
   0.0156984200    0.0000571100    0.0008141600
   0.0056231000    0.0001678300   -0.0000647700
   0.0042291600    0.0003889800   -0.0000108300
   0.0039156500    0.0004729800   -0.0000108000
   0.0056621300    0.0003364100   -0.0000604100
   0.0161792400    0.0005738800    0.0007183900
   0.1056745500    0.0071034200   -0.0193271400
  -0.0089063100   -0.0734711300   -0.0190235400
  -0.0092392700    0.0738195800   -0.0210949100
   0.0109137500    0.0117922400    0.0010517900
   0.0056855000    0.0034535500   -0.0001348800
   0.0042564900    0.0006750300   -0.0000050300
   0.0039911100   -0.0003358400   -0.0000103700
   0.0035642800   -0.0011780000   -0.0000047900
   0.0062271000   -0.0033694800   -0.0001548700
   0.0097391300   -0.0121431600    0.0011053200
  -0.0013777500   -0.0105883000    0.0006784100
  -0.0118232700   -0.0007010400    0.0011374200
  -0.0011148900    0.0093510300    0.0007799200
   0.0032631700    0.0002780900   -0.0000812200
   0.0024801700    0.0020077500   -0.0000096700
   0.0029228300    0.0006122800   -0.0000090200
   0.0023127400   -0.0009330700   -0.0000097100
   0.0029416600   -0.0027120500   -0.0000038200
   0.0027175100   -0.0054022200   -0.0001518700
  -0.0002682200   -0.0027660400   -0.0000569100
  -0.0024970000   -0.0016429800   -0.0001550900
  -0.0032065400    0.0008053900   -0.0001589500
   0.0013116500    0.0029146900   -0.0000785200
  -0.0013322000    0.0014681800   -0.0000201200
   0.0016887000    0.0008998000   -0.0000066300
   0.0010553300    0.0003092000   -0.0000050700
   0.0016499900   -0.0003436100   -0.0000097100
   0.0011352200   -0.0020022500   -0.0000050700
  -0.0000516900   -0.0027168100   -0.0000111000
  -0.0002029600   -0.0016867700   -0.0000043400
  -0.0010115800   -0.0003448900   -0.0000024300
  -0.0008108800    0.0019387000   -0.0000032500
   0.0002150600    0.0020679200   -0.0000054100
   0.0005822600    0.0022684300   -0.0000099500
   0.0003014500    0.0006093600   -0.0000099800
   0.0001087800   -0.0006415300   -0.0000096800
   0.0008157700   -0.0022937400   -0.0000102600
   0.0003035300   -0.0025277600   -0.0000111700
   0.0001263000   -0.0015289000   -0.0000103000
   0.0003786400   -0.0009869600   -0.0000095900
   0.0001150400    0.0001747300   -0.0000094000
   0.0001854500    0.0022704700   -0.0000101200
   0.0004474300    0.0027866300   -0.0000124300
  -0.0003049500    0.0014076000   -0.0000047100
  -0.0010885500   -0.0001494600   -0.0000038200
  -0.0002361200   -0.0015013200   -0.0000050700
  -0.0005574600   -0.0034878900   -0.0000581600
   0.0014632900   -0.0026097400   -0.0000044600
   0.0016409300   -0.0008691900   -0.0000097500
   0.0004991400   -0.0004347100   -0.0000048800
   0.0018599100    0.0011783600   -0.0000097800
   0.0011166000    0.0033921100   -0.0000048100
  -0.0006319700    0.0036810200   -0.0000618400
  -0.0020647300    0.0019775700   -0.0001566000
  -0.0033604600   -0.0017021000   -0.0001529800
  -0.0025674700   -0.0094329100    0.0007178900
   0.0026253500   -0.0059742000   -0.0001568300
   0.0035502600   -0.0024430900   -0.0000028300
   0.0020769400   -0.0009492300   -0.0000096700
   0.0030282400    0.0007926100   -0.0000096800
   0.0033508900    0.0019103000   -0.0000040500
   0.0023690300    0.0053269200   -0.0001542900
  -0.0022400700    0.0100594600    0.0007499100
  -0.0113220800   -0.0002994600    0.0011392300

90   
 -0.0234443241590582  -0.0000000000000033  -0.0187180037590817
  -0.0530531400    0.0006440500   -0.0039812300
   0.0104021300   -0.0118353300    0.0052344200
   0.0086645300   -0.0062430200   -0.0004811200
   0.0053380500   -0.0023204300    0.0000221400
   0.0043661500   -0.0002951900   -0.0000112400
   0.0041457300    0.0009244500   -0.0000112500
   0.0054180500    0.0032292800    0.0000186600
   0.0086724900    0.0071679100   -0.0004574200
   0.0113593900    0.0131502400    0.0052454100
  -0.4807932000   -0.1732241500   -0.0879731800
  -0.4177957700    0.1296665900   -0.0993261700
   0.0220724300   -0.0233998800    0.0055502200
   0.0083122800   -0.0041662800   -0.0003722000
   0.0049080200   -0.0011984500   -0.0000038700
   0.0037809200   -0.0003163600   -0.0000068200
   0.0053603000    0.0007496800   -0.0000036300
   0.0080151300    0.0037099900   -0.0003586800
   0.0213418200    0.0233501900    0.0053341700
   0.0032871000   -0.0340498000   -0.0039465700
  -0.1875428700   -0.0063101900   -0.0942780200
   0.0067805700    0.0321324200   -0.0043890800
   0.0082289500    0.0045447500   -0.0000964300
   0.0048729000    0.0002154100   -0.0000067400
   0.0034710000    0.0000783500   -0.0000106700
   0.0039456700   -0.0003532700   -0.0000110300
   0.0052773200   -0.0012756400   -0.0000087000
   0.0074928700   -0.0051177400   -0.0001032200
   0.0001212000   -0.0098648000   -0.0001076200
  -0.0143268800   -0.0133035800    0.0052961300
  -0.0144255500    0.0140129500    0.0057253500
   0.0023045800    0.0084456000   -0.0000338900
   0.0018950500    0.0029333800    0.0000007000
   0.0033034400    0.0007400600   -0.0000114300
   0.0024184500    0.0001215700   -0.0000066500
   0.0027854100   -0.0009489800   -0.0000119500
   0.0026822800   -0.0042002100   -0.0000270700
   0.0002995700   -0.0050987200   -0.0000092000
  -0.0025242500   -0.0058713700   -0.0003451000
  -0.0024317900   -0.0004678500   -0.0004893200
  -0.0021095300    0.0039951700   -0.0004395200
   0.0009545600    0.0008420200   -0.0000101400
   0.0016489500    0.0003746400   -0.0000061600
   0.0016305500   -0.0009345300   -0.0000059200
   0.0012825900   -0.0030377600   -0.0000119000
   0.0002680400   -0.0027107800   -0.0000108900
  -0.0001692200   -0.0031045300   -0.0000042600
  -0.0010218300   -0.0016245400    0.0000214100
  -0.0005943300    0.0008554400    0.0000249100
   0.0007635000    0.0031921400    0.0000063700
  -0.0007822900    0.0028368400   -0.0000090200
   0.0002166700    0.0010523100   -0.0000067400
   0.0007088600   -0.0001460700   -0.0000060900
   0.0003614800   -0.0015332700   -0.0000065900
   0.0002697200   -0.0020767200   -0.0000109400
  -0.0001108100   -0.0023332600   -0.0000069500
   0.0004363000   -0.0013393700   -0.0000112700
   0.0002551800    0.0003936900   -0.0000139500
   0.0003924300    0.0019283300   -0.0000091300
   0.0004698300    0.0030512000   -0.0000087500
  -0.0000984200    0.0023476300   -0.0000105400
  -0.0008563800    0.0013006400   -0.0000117700
  -0.0008314100   -0.0005810600   -0.0000118800
  -0.0018424500   -0.0014069400   -0.0000090500
   0.0005031500   -0.0022932300   -0.0000042600
   0.0015201500   -0.0011140500   -0.0000112900
   0.0018066200   -0.0005512700   -0.0000045800
   0.0015238800    0.0009503300   -0.0000049500
   0.0013497400    0.0017393700   -0.0000111700
   0.0007583400    0.0023084900   -0.0000030100
  -0.0016539200    0.0024887200   -0.0000090200
  -0.0040159900    0.0002842000   -0.0000277500
  -0.0087952300   -0.0030516700   -0.0001081700
   0.0002764600   -0.0040669100   -0.0003488100
   0.0036893800   -0.0029904400    0.0000211100
   0.0032148400   -0.0010961600   -0.0000142500
   0.0033015900    0.0004925000   -0.0000045300
   0.0026583300    0.0015604200   -0.0000138800
   0.0032206100    0.0035887000    0.0000192000
   0.0014689800    0.0043359300   -0.0003562400
  -0.0089308300    0.0042772800   -0.0001021300
   0.0095193500    0.0581460800    0.0196616300
  -0.0088888100    0.0125171100   -0.0011474600
  -0.0063677600    0.0033296400    0.0001579000
  -0.0048607400    0.0003965600    0.0000043700
  -0.0032028500    0.0003611400    0.0000102700
  -0.0044156900   -0.0010298700    0.0000048100
  -0.0062776300   -0.0037773300    0.0001525700
  -0.0093025800   -0.0125649600   -0.0011060900
   0.0085507400   -0.0607924800    0.0206007900
   1.3014185700    0.0521315300    0.1536526100
  -0.1055143500    0.0071505500    0.0194052900
  -0.0155642900    0.0002423000   -0.0007520700
  -0.0067667700    0.0002070100    0.0000618900
  -0.0041243800    0.0004809800    0.0000108400
  -0.0044510400    0.0005714300    0.0000108500
  -0.0069097100    0.0003775500    0.0000631100
  -0.0151076100    0.0002216200   -0.0007823300
  -0.1103726700   -0.0056654300    0.0212332200
   0.0089948300    0.0733996500    0.0203428100
   0.0079007700   -0.0741554600    0.0197736700
  -0.0111470600   -0.0119983600   -0.0009930000
  -0.0057897600   -0.0036523100    0.0001338900
  -0.0040367600   -0.0011755200    0.0000052500
  -0.0031652400   -0.0002083700    0.0000103700
  -0.0047488400    0.0010310900    0.0000043600
  -0.0061699500    0.0039830500    0.0001577400
  -0.0082716700    0.0120225200   -0.0011717400
   0.0024793400    0.0100188800   -0.0007448100
   0.0110696600    0.0004669600   -0.0011385100
   0.0015923900   -0.0092101600   -0.0007171000
  -0.0033494700   -0.0003652600    0.0000823500
  -0.0030777400   -0.0016248900    0.0000092900
  -0.0023605700   -0.0004213200    0.0000091100
  -0.0030530100    0.0004965800    0.0000097700
  -0.0030511900    0.0020026800    0.0000033300
  -0.0025251700    0.0046033600    0.0001570900
   0.0001974500    0.0046985300    0.0000611000
   0.0035065300    0.0022877000    0.0001562400
   0.0028063500   -0.0007340500    0.0001581700
  -0.0014742900   -0.0030035300    0.0000734400
   0.0015425200   -0.0014664700    0.0000195900
  -0.0014708600   -0.0006989400    0.0000068100
  -0.0020262600    0.0005026200    0.0000050200
  -0.0013374500    0.0023091600    0.0000096700
  -0.0011991800    0.0031606800    0.0000044200
  -0.0005824700    0.0016791600    0.0000109000
   0.0008495000    0.0016578100    0.0000040900
   0.0011643000    0.0000515100    0.0000023800
   0.0004116400   -0.0019570500    0.0000032000
  -0.0001488300   -0.0028291100    0.0000058800
  -0.0002113200   -0.0023344900    0.0000099300
  -0.0005448100   -0.0008065100    0.0000100500
  -0.0006512200    0.0007065500    0.0000095900
  -0.0001540400    0.0011538700    0.0000102400
  -0.0001945000    0.0018806800    0.0000110500
  -0.0007753500    0.0019754300    0.0000103700
  -0.0002038700    0.0004234100    0.0000096800
  -0.0003336100   -0.0013574500    0.0000092900
  -0.0006573300   -0.0016922500    0.0000101300
  -0.0001037300   -0.0022749200    0.0000125100
   0.0005962600   -0.0026286500    0.0000049700
   0.0009050500   -0.0003256000    0.0000038400
   0.0008088300    0.0018852600    0.0000048300
   0.0000091200    0.0037290100    0.0000597100
  -0.0007717400    0.0028207300    0.0000044300
  -0.0011891500    0.0018302100    0.0000098400
  -0.0022940800   -0.0004749100    0.0000048400
  -0.0009784200   -0.0017110600    0.0000096900
  -0.0012670800   -0.0025034100    0.0000048400
  -0.0002575800   -0.0042023200    0.0000603900
   0.0039868200   -0.0029452800    0.0001543000
   0.0027370900    0.0026062900    0.0001551800
   0.0014230500    0.0093115700   -0.0007242000
  -0.0025664300    0.0051968200    0.0001577300
  -0.0023284200    0.0022797600    0.0000028800
  -0.0031423800    0.0003513900    0.0000096500
  -0.0022149800   -0.0005314100    0.0000096700
  -0.0026619000   -0.0029624800    0.0000040300
  -0.0032027900   -0.0063162500    0.0001532800
   0.0013997000   -0.0098532100   -0.0007454900
   0.0123790900   -0.0005644100   -0.0011394200

90   
 -0.0149999999993716   0.0259807621138959   0.0000000000000000
  -0.0321152000   -0.0261041600    0.0000000000
   0.0375740700   -0.0082642900    0.0000000000
   0.0126024900   -0.0055943700    0.0000000000
   0.0056138900   -0.0014457500    0.0000000000
   0.0034737300   -0.0001213800    0.0000000000
   0.0022468100    0.0005493400    0.0000000000
   0.0013727100    0.0021011600    0.0000000000
  -0.0018458100    0.0029350300    0.0000000000
  -0.0254864800    0.0069247300    0.0000000000
  -0.1146738800    0.2113927100    0.0000000000
  -0.3992573600    0.3742151200    0.0000000000
   0.0222287100   -0.0056866500    0.0000000000
   0.0057511500    0.0008980600    0.0000000000
   0.0031065400    0.0006204700    0.0000000000
   0.0022298500    0.0005374700    0.0000000000
   0.0035364800    0.0017960900    0.0000000000
   0.0047255700    0.0060456900    0.0000000000
   0.0051564700    0.0245424800    0.0000000000
   0.0381643300    0.0153654900    0.0000000000
  -0.1146194500    0.6272248500    0.0000000000
  -0.0342762600    0.0563954000    0.0000000000
  -0.0013387700    0.0118236700    0.0000000000
   0.0010166500    0.0029046200    0.0000000000
   0.0014294100    0.0013515500    0.0000000000
   0.0028967200    0.0009272900    0.0000000000
   0.0052361400    0.0017283100    0.0000000000
   0.0109246500    0.0053727300    0.0000000000
   0.0091143800   -0.0057410600    0.0000000000
  -0.0123372200   -0.0366935400    0.0000000000
  -0.0077633900   -0.0222585700    0.0000000000
  -0.0096252000    0.0057276500    0.0000000000
  -0.0031274600    0.0038363700    0.0000000000
   0.0003614000    0.0014359000    0.0000000000
   0.0012511600    0.0006880900    0.0000000000
   0.0031647700    0.0003339400    0.0000000000
   0.0055995600   -0.0010622300    0.0000000000
   0.0034806500   -0.0056192700    0.0000000000
   0.0003317500   -0.0108558600    0.0000000000
  -0.0020581900   -0.0137374000    0.0000000000
  -0.0039339100   -0.0065536600    0.0000000000
  -0.0012416100    0.0007006200    0.0000000000
   0.0002590000   -0.0001955500    0.0000000000
   0.0016911400   -0.0012750700    0.0000000000
   0.0028623100   -0.0029708800    0.0000000000
   0.0022075900   -0.0042035000    0.0000000000
   0.0017921800   -0.0057632100    0.0000000000
  -0.0000510900   -0.0068518000    0.0000000000
  -0.0009804200   -0.0052677700    0.0000000000
  -0.0010757200   -0.0019734400    0.0000000000
  -0.0013426500   -0.0010572500    0.0000000000
  -0.0014213900   -0.0014251100    0.0000000000
   0.0005382400   -0.0021062100    0.0000000000
   0.0015068200   -0.0030288100    0.0000000000
   0.0024700900   -0.0043522300    0.0000000000
   0.0018649300   -0.0044791100    0.0000000000
   0.0015504300   -0.0041722800    0.0000000000
   0.0002123800   -0.0034418200    0.0000000000
  -0.0010244600   -0.0024652000    0.0000000000
  -0.0017547200   -0.0012115500    0.0000000000
  -0.0019162400   -0.0017523100    0.0000000000
  -0.0015527200   -0.0023367300    0.0000000000
   0.0005330000   -0.0035906600    0.0000000000
   0.0021396300   -0.0051297000    0.0000000000
   0.0038355800   -0.0044515300    0.0000000000
   0.0031469500   -0.0029369300    0.0000000000
   0.0019965000   -0.0027549900    0.0000000000
   0.0003133200   -0.0019007400    0.0000000000
  -0.0012915800   -0.0018014600    0.0000000000
  -0.0030165100   -0.0019932500    0.0000000000
  -0.0043315800   -0.0030577500    0.0000000000
  -0.0025379900   -0.0051935600    0.0000000000
   0.0000219100   -0.0109834200    0.0000000000
   0.0082714600   -0.0062823300    0.0000000000
   0.0065225000   -0.0040060000    0.0000000000
   0.0037407200   -0.0019541500    0.0000000000
   0.0023458600   -0.0008412700    0.0000000000
   0.0000379000   -0.0005265700    0.0000000000
  -0.0020025300    0.0000900700    0.0000000000
  -0.0074782700   -0.0012141100    0.0000000000
  -0.0111311200   -0.0065872800    0.0000000000
  -0.0734341500    0.1083630200    0.0000000000
  -0.0189477200    0.0031465800    0.0000000000
  -0.0082347100   -0.0003086400    0.0000000000
  -0.0045522200   -0.0010574800    0.0000000000
  -0.0018768900   -0.0002605100    0.0000000000
  -0.0016479500   -0.0016867500    0.0000000000
   0.0002147100   -0.0050828500    0.0000000000
   0.0080200100   -0.0130493400    0.0000000000
   0.0865453800    0.0387486800    0.0000000000
   0.7633939900   -1.4490873100    0.0000000000
  -0.0617623400   -0.0460309100    0.0000000000
  -0.0100599600   -0.0083128700    0.0000000000
  -0.0045048600   -0.0026005500    0.0000000000
  -0.0025217300   -0.0007744300    0.0000000000
  -0.0027736600   -0.0006065500    0.0000000000
  -0.0044474500   -0.0022667200    0.0000000000
  -0.0093740900   -0.0082154000    0.0000000000
  -0.0766218600   -0.0562735000    0.0000000000
  -0.0610538900    0.1241429600    0.0000000000
   0.0737989800    0.0304107700    0.0000000000
   0.0080469900   -0.0123518000    0.0000000000
  -0.0004161000   -0.0049465500    0.0000000000
  -0.0012926800   -0.0021113400    0.0000000000
  -0.0016514200   -0.0009045700    0.0000000000
  -0.0040631200   -0.0004301600    0.0000000000
  -0.0071079600    0.0000915100    0.0000000000
  -0.0183404000    0.0021966600    0.0000000000
  -0.0083527900    0.0166080200    0.0000000000
   0.0073680800    0.0178839700    0.0000000000
   0.0124919400    0.0061189600    0.0000000000
   0.0059173000   -0.0011966000    0.0000000000
   0.0008926400   -0.0008286700    0.0000000000
  -0.0004172800    0.0000501500    0.0000000000
  -0.0025751200    0.0005777400    0.0000000000
  -0.0043510800    0.0014474200    0.0000000000
  -0.0074859900    0.0039571600    0.0000000000
  -0.0036830400    0.0076056800    0.0000000000
   0.0003148400    0.0088098500    0.0000000000
   0.0047634000    0.0073797200    0.0000000000
   0.0017856500    0.0047942100    0.0000000000
   0.0000421000   -0.0008303800    0.0000000000
   0.0009161300    0.0007777400    0.0000000000
  -0.0012139200    0.0020579000    0.0000000000
  -0.0020931700    0.0034793400    0.0000000000
  -0.0035898200    0.0043274000    0.0000000000
  -0.0028029200    0.0038729000    0.0000000000
  -0.0011306800    0.0048587300    0.0000000000
   0.0007147800    0.0045058000    0.0000000000
   0.0017326300    0.0028351400    0.0000000000
   0.0020138200    0.0015334100    0.0000000000
   0.0014473000    0.0019611800    0.0000000000
   0.0004013800    0.0024612400    0.0000000000
  -0.0011452200    0.0033943800    0.0000000000
  -0.0017783700    0.0032409400    0.0000000000
  -0.0024561800    0.0041292300    0.0000000000
  -0.0024808300    0.0039651000    0.0000000000
  -0.0009071000    0.0029401200    0.0000000000
   0.0003277300    0.0018631400    0.0000000000
   0.0012480900    0.0021110100    0.0000000000
   0.0023332200    0.0021171200    0.0000000000
   0.0021898600    0.0025334600    0.0000000000
   0.0005555200    0.0045923700    0.0000000000
  -0.0011014900    0.0053171900    0.0000000000
  -0.0041529200    0.0068177800    0.0000000000
  -0.0031955900    0.0039495400    0.0000000000
  -0.0021373800    0.0029346400    0.0000000000
  -0.0018578800    0.0011527600    0.0000000000
   0.0008938900    0.0006225900    0.0000000000
   0.0020003200    0.0010250200    0.0000000000
   0.0037745500    0.0020065000    0.0000000000
   0.0046820200    0.0058388500    0.0000000000
  -0.0003047900    0.0094131500    0.0000000000
  -0.0106315400    0.0162559400    0.0000000000
  -0.0071491800    0.0044462500    0.0000000000
  -0.0038566200    0.0017176800    0.0000000000
  -0.0029438900    0.0004561100    0.0000000000
  -0.0005418100    0.0001221600    0.0000000000
   0.0010452500   -0.0016050000    0.0000000000
   0.0034707000   -0.0026393300    0.0000000000
   0.0121005000    0.0049673900    0.0000000000
   0.0077367800    0.0173327900    0.0000000000

90   
  0.0149999999993716  -0.0259807621138959   0.0000000000000000
   0.0331484800    0.0259363900    0.0000000000
  -0.0387477500    0.0086489000    0.0000000000
  -0.0127172300    0.0056349300    0.0000000000
  -0.0051512400    0.0018823700    0.0000000000
  -0.0022306100    0.0008705200    0.0000000000
  -0.0015242800   -0.0000836000    0.0000000000
  -0.0010676600   -0.0009271700    0.0000000000
   0.0007768300   -0.0018851300    0.0000000000
   0.0237672200   -0.0072184600    0.0000000000
   0.1257721600   -0.2057052900    0.0000000000
   0.4955950000   -0.4181981900    0.0000000000
  -0.0232730400    0.0051506600    0.0000000000
  -0.0051980600   -0.0016467300    0.0000000000
  -0.0027097100   -0.0010517300    0.0000000000
  -0.0026060900   -0.0010948700    0.0000000000
  -0.0023313900   -0.0021045600    0.0000000000
  -0.0049730000   -0.0061998500    0.0000000000
  -0.0077160600   -0.0253089000    0.0000000000
  -0.0385212000   -0.0131544600    0.0000000000
   0.1254859300   -0.5229050800    0.0000000000
   0.0335926600   -0.0571296200    0.0000000000
   0.0009766600   -0.0111478200    0.0000000000
  -0.0009113900   -0.0033801100    0.0000000000
  -0.0018679200   -0.0012816100    0.0000000000
  -0.0023522800   -0.0012321200    0.0000000000
  -0.0044945600   -0.0026729300    0.0000000000
  -0.0116814600   -0.0059564900    0.0000000000
  -0.0092364000    0.0065403900    0.0000000000
   0.0121863100    0.0368251800    0.0000000000
   0.0066553200    0.0213301700    0.0000000000
   0.0090346300   -0.0056967400    0.0000000000
   0.0034695000   -0.0035625400    0.0000000000
   0.0008123300   -0.0020589000    0.0000000000
  -0.0015099400   -0.0002718700    0.0000000000
  -0.0029529500    0.0003100600    0.0000000000
  -0.0054512000    0.0004472600    0.0000000000
  -0.0035727500    0.0039352100    0.0000000000
  -0.0008113200    0.0104011700    0.0000000000
   0.0015291400    0.0135176200    0.0000000000
   0.0038878300    0.0057546900    0.0000000000
   0.0010995500   -0.0013245000    0.0000000000
   0.0002776200    0.0001275200    0.0000000000
  -0.0011689800    0.0008829600    0.0000000000
  -0.0027024400    0.0014211200    0.0000000000
  -0.0023011600    0.0033091200    0.0000000000
  -0.0017186300    0.0050869300    0.0000000000
  -0.0007592700    0.0065850100    0.0000000000
   0.0013546000    0.0049172100    0.0000000000
   0.0015625600    0.0019758700    0.0000000000
   0.0008835400    0.0010426900    0.0000000000
   0.0008326900    0.0011760900    0.0000000000
   0.0003934400    0.0018395200    0.0000000000
  -0.0014203400    0.0024372900    0.0000000000
  -0.0015836100    0.0035359600    0.0000000000
  -0.0028350000    0.0037194400    0.0000000000
  -0.0016088000    0.0043120800    0.0000000000
  -0.0004739600    0.0043437100    0.0000000000
   0.0005584300    0.0029434700    0.0000000000
   0.0018208700    0.0025425900    0.0000000000
   0.0022389900    0.0021994400    0.0000000000
   0.0017061900    0.0033043300    0.0000000000
  -0.0001965900    0.0037397600    0.0000000000
  -0.0023413600    0.0061833500    0.0000000000
  -0.0038422000    0.0043512400    0.0000000000
  -0.0028887300    0.0041074900    0.0000000000
  -0.0014206600    0.0028977500    0.0000000000
  -0.0004152800    0.0022883300    0.0000000000
   0.0009728000    0.0012744000    0.0000000000
   0.0032232200    0.0013152600    0.0000000000
   0.0043800200    0.0033934200    0.0000000000
   0.0020778800    0.0054367900    0.0000000000
  -0.0005986500    0.0116329100    0.0000000000
  -0.0094605600    0.0060267900    0.0000000000
  -0.0053445600    0.0038089800    0.0000000000
  -0.0030627900    0.0025390800    0.0000000000
  -0.0011196400    0.0017393900    0.0000000000
  -0.0006770900    0.0005720100    0.0000000000
   0.0017307700    0.0006856600    0.0000000000
   0.0079793800    0.0010513000    0.0000000000
   0.0102260700    0.0073530400    0.0000000000
   0.0787117900   -0.1170654700    0.0000000000
   0.0196352800   -0.0027471100    0.0000000000
   0.0079308300    0.0007616500    0.0000000000
   0.0030910400   -0.0000732800    0.0000000000
   0.0026162300    0.0009305600    0.0000000000
   0.0012468000    0.0014817000    0.0000000000
   0.0001455800    0.0037851500    0.0000000000
  -0.0069514500    0.0132659600    0.0000000000
  -0.0886732500   -0.0370998200    0.0000000000
  -0.8813266000    1.3831810700    0.0000000000
   0.0639592900    0.0474126300    0.0000000000
   0.0101843500    0.0084233500    0.0000000000
   0.0034486200    0.0029173000    0.0000000000
   0.0027206100    0.0016126700    0.0000000000
   0.0023565400    0.0016068500    0.0000000000
   0.0034072600    0.0028680100    0.0000000000
   0.0110907200    0.0086178600    0.0000000000
   0.0771165000    0.0556124500    0.0000000000
   0.0554164400   -0.1179111600    0.0000000000
  -0.0726701900   -0.0308493000    0.0000000000
  -0.0075063000    0.0122224800    0.0000000000
   0.0005027200    0.0047081600    0.0000000000
   0.0016233600    0.0015805100    0.0000000000
   0.0025626900    0.0003219600    0.0000000000
   0.0029555700    0.0001892800    0.0000000000
   0.0072069000    0.0002675000    0.0000000000
   0.0193893400   -0.0029646700    0.0000000000
   0.0088697800   -0.0168579700    0.0000000000
  -0.0080903000   -0.0173678000    0.0000000000
  -0.0116642800   -0.0056126600    0.0000000000
  -0.0056993700    0.0010900600    0.0000000000
  -0.0013515000    0.0012354700    0.0000000000
   0.0010576900    0.0001404900    0.0000000000
   0.0018716600   -0.0010470100    0.0000000000
   0.0042132100   -0.0022372300    0.0000000000
   0.0074644800   -0.0048642300    0.0000000000
   0.0034537000   -0.0055885800    0.0000000000
   0.0005755200   -0.0079036900    0.0000000000
  -0.0050537900   -0.0070053600    0.0000000000
  -0.0018343900   -0.0046428600    0.0000000000
   0.0001142500    0.0008512400    0.0000000000
  -0.0006207600   -0.0005416900    0.0000000000
   0.0002722600   -0.0012255400    0.0000000000
   0.0023851500   -0.0015198800    0.0000000000
   0.0034392000   -0.0031773700    0.0000000000
   0.0021018600   -0.0048703800    0.0000000000
   0.0017150500   -0.0047836900    0.0000000000
  -0.0005609600   -0.0046319100    0.0000000000
  -0.0020726300   -0.0026793700    0.0000000000
  -0.0018780900   -0.0021432300    0.0000000000
  -0.0010360100   -0.0018878600    0.0000000000
  -0.0006314400   -0.0025780700    0.0000000000
   0.0005794600   -0.0032909000    0.0000000000
   0.0023909200   -0.0043625400    0.0000000000
   0.0025210600   -0.0047590700    0.0000000000
   0.0018043700   -0.0034743700    0.0000000000
   0.0010832900   -0.0034156100    0.0000000000
  -0.0005028100   -0.0029198400    0.0000000000
  -0.0016504900   -0.0013810700    0.0000000000
  -0.0019309600   -0.0014401800    0.0000000000
  -0.0018924000   -0.0035943100    0.0000000000
  -0.0007911400   -0.0049727600    0.0000000000
   0.0016111600   -0.0049051400    0.0000000000
   0.0035502000   -0.0066101200    0.0000000000
   0.0038747200   -0.0037416600    0.0000000000
   0.0026069900   -0.0019410100    0.0000000000
   0.0001154000   -0.0019917700    0.0000000000
   0.0000777600   -0.0010413500    0.0000000000
  -0.0020437400    0.0000421200    0.0000000000
  -0.0046089500   -0.0022806300    0.0000000000
  -0.0028532700   -0.0065692900    0.0000000000
  -0.0004815400   -0.0084677100    0.0000000000
   0.0094150000   -0.0167171500    0.0000000000
   0.0072225200   -0.0052895900    0.0000000000
   0.0051134500   -0.0018932800    0.0000000000
   0.0019404500   -0.0010354100    0.0000000000
   0.0014630200    0.0001891800    0.0000000000
  -0.0001774000    0.0006668500    0.0000000000
  -0.0040700100    0.0019492400    0.0000000000
  -0.0128829400   -0.0041759900    0.0000000000
  -0.0071738900   -0.0178693400    0.0000000000

91   
  0.0234443241590582   0.0000000000000033   0.0187180037590817
  -0.0124415800   -0.0124473500   -0.0052098500
   0.0524029300    0.0000723700    0.0039162300
  -0.0108180900    0.0121268400   -0.0051033100
  -0.0084968300    0.0064522800    0.0004707500
  -0.0044161800    0.0028622300   -0.0000190100
  -0.0032809400    0.0008388100    0.0000111200
  -0.0034832900   -0.0001289500    0.0000111300
  -0.0055054700   -0.0020039800   -0.0000180900
  -0.0093157500   -0.0062896200    0.0004545200
  -0.0222901500   -0.0237652600   -0.0052135900
   0.4319700800    0.1373324000    0.0990177600
   0.4725640800   -0.1694726100    0.0886978400
  -0.0219262400    0.0229371000   -0.0056465000
  -0.0076422700    0.0035218700    0.0003672900
  -0.0047719600    0.0006002000    0.0000037200
  -0.0032182400   -0.0001967400    0.0000067200
  -0.0046909900   -0.0010303300    0.0000042900
  -0.0087329400   -0.0039117000    0.0003500800
  -0.0083515600    0.0043410800    0.0001053400
  -0.0045691700    0.0331861500    0.0039666000
   0.1858856800   -0.0041423900    0.0937942600
  -0.0033510500   -0.0336714300    0.0041970500
  -0.0072923200   -0.0045873400    0.0001224900
  -0.0049159700   -0.0006809900    0.0000064100
  -0.0032242600   -0.0003118600    0.0000110400
  -0.0031532600   -0.0003876200    0.0000110100
  -0.0051928600    0.0002398700    0.0000085300
  -0.0027128800    0.0041200400    0.0000266300
  -0.0001762300    0.0104920200    0.0001089700
   0.0140094900    0.0145214700   -0.0050179700
   0.0113532500   -0.0097983000   -0.0055466100
   0.0025854100   -0.0079843500    0.0002338200
  -0.0015281500   -0.0041436800    0.0000236700
  -0.0025958800   -0.0009859100    0.0000105400
  -0.0022933600    0.0003127600    0.0000066600
  -0.0025191000    0.0008503000    0.0000119200
  -0.0011797000    0.0013919800    0.0000116500
  -0.0004805400    0.0041608300    0.0000103000
   0.0022837500    0.0064160800    0.0003220000
   0.0026189700    0.0030301700    0.0004525900
  -0.0005955100   -0.0026428400    0.0000137900
  -0.0008905400   -0.0017992300    0.0000074600
  -0.0010185100   -0.0007628300    0.0000073600
  -0.0011960000   -0.0000966200    0.0000059200
  -0.0003011800    0.0007887100    0.0000065900
  -0.0001890600    0.0019426400    0.0000106900
  -0.0000382700    0.0027133100    0.0000060600
   0.0011589100    0.0014271800   -0.0000088000
  -0.0005556900   -0.0020724700    0.0001170700
   0.0009065800   -0.0036326100   -0.0000016500
  -0.0009690700   -0.0020808500    0.0000062800
   0.0000805300   -0.0012289400    0.0000062300
  -0.0001341600   -0.0002625700    0.0000060100
   0.0014667300    0.0002700900    0.0000119300
  -0.0002549100    0.0012878700    0.0000108500
  -0.0003158300    0.0020222900    0.0000068200
  -0.0004625300    0.0018426400    0.0000096000
  -0.0008292100   -0.0000426100   -0.0000148900
  -0.0004753300   -0.0010943000    0.0000122500
  -0.0001458500   -0.0021418600    0.0000154800
   0.0000716300   -0.0012253700    0.0000115100
   0.0011138300   -0.0006327300    0.0000117400
   0.0036131400    0.0004305300    0.0000279200
   0.0017575100    0.0018729000    0.0000096700
  -0.0003144300    0.0028094700    0.0000053000
  -0.0010265000    0.0017361500    0.0000113200
  -0.0015356800    0.0007065700    0.0000072500
  -0.0016765300   -0.0011042900    0.0000049700
  -0.0013628800   -0.0023151500    0.0000110500
  -0.0006237000   -0.0022958500    0.0000018500
   0.0013385200   -0.0019881700    0.0000093900
   0.0079143100   -0.0034250800    0.0001052300
   0.0077989500    0.0032186900    0.0001077100
  -0.0001920200    0.0038045300    0.0003355600
  -0.0027093800    0.0031448500   -0.0000199100
  -0.0021977400    0.0017804600    0.0000133600
  -0.0029186600   -0.0000753900    0.0000045300
  -0.0029945000   -0.0011379500    0.0000135700
  -0.0029622100   -0.0031300200   -0.0000186700
  -0.0017203700   -0.0037550700    0.0003563100
  -0.0077407000    0.0601723800   -0.0200037600
  -0.0090661700   -0.0594685300   -0.0201456800
   0.0090098000   -0.0121299800    0.0011571400
   0.0054221100   -0.0035817000   -0.0001547500
   0.0044125800   -0.0005423700   -0.0000042800
   0.0032489200   -0.0000526100   -0.0000101500
   0.0042045700    0.0003170300   -0.0000049100
   0.0065924800    0.0030860200   -0.0001521000
   0.0092101600    0.0128659500    0.0010968100
   0.1061151300    0.0066452600   -0.0193929100
  -1.3062542300    0.0347450200   -0.1538358600
   0.1107050400   -0.0055619500   -0.0214612300
   0.0149027800    0.0002557200    0.0008251800
   0.0062627000    0.0004593100   -0.0000648000
   0.0038724300    0.0005500700   -0.0000109200
   0.0035598700    0.0003303500   -0.0000104100
   0.0069663600    0.0002993000   -0.0000612700
   0.0158890400    0.0006383200    0.0007332500
   0.0087102400   -0.0123419400    0.0011173600
  -0.0083275000   -0.0740525300   -0.0188923500
  -0.0080432900    0.0729940900   -0.0210668700
   0.0080953000    0.0112786100    0.0010817000
   0.0061493600    0.0033444000   -0.0001526200
   0.0044470100    0.0007772900   -0.0000033600
   0.0029013100   -0.0001047300   -0.0000102500
   0.0041187500   -0.0008425000   -0.0000043200
   0.0067733000   -0.0038700200   -0.0001566900
   0.0028979100   -0.0052913200   -0.0001531000
  -0.0024198200   -0.0106408800    0.0006738900
  -0.0106688500   -0.0022953400    0.0010851400
  -0.0030215500    0.0021636800    0.0006705400
   0.0012927900    0.0039395300   -0.0001374600
   0.0029277400    0.0021436400   -0.0000075600
   0.0021751600    0.0003617000   -0.0000092900
   0.0025168500   -0.0010634600   -0.0000096000
   0.0029260500   -0.0027816000   -0.0000030200
   0.0009307200   -0.0016069900   -0.0000051700
  -0.0000778500   -0.0034818900   -0.0000550300
  -0.0038391900   -0.0027451000   -0.0001633000
   0.0010230200   -0.0007970300   -0.0001083900
  -0.0021407000    0.0030554800    0.0000207900
   0.0014214500    0.0019497900   -0.0000309100
   0.0009668200    0.0015225300   -0.0000033100
   0.0015551500    0.0009367100   -0.0000055500
   0.0013202400   -0.0007354300   -0.0000095700
   0.0000402600   -0.0022120100   -0.0000100300
   0.0004178200   -0.0021534800   -0.0000104100
  -0.0006581000   -0.0017152100   -0.0000034100
  -0.0011938500    0.0008317900   -0.0000478100
  -0.0004773900    0.0016407000   -0.0000083400
   0.0006028700    0.0028797200    0.0000006500
   0.0004935000    0.0016187000   -0.0000088000
   0.0000769500    0.0007161300   -0.0000097000
   0.0006098600   -0.0012310600   -0.0000094600
  -0.0005618000   -0.0019881500   -0.0000052700
  -0.0001808900   -0.0019325600   -0.0000117300
   0.0004246900   -0.0019360000   -0.0000103400
   0.0000961400   -0.0009726900   -0.0000034900
   0.0000753200    0.0012661800   -0.0000073600
   0.0007233300    0.0023897800   -0.0000100600
   0.0005791200    0.0019490700   -0.0000116200
  -0.0005510800    0.0016333300   -0.0000057300
  -0.0007866500    0.0002780200   -0.0000042800
  -0.0034073900   -0.0019982100   -0.0001524900
  -0.0000198400   -0.0034743900   -0.0000553800
   0.0012792900   -0.0021826700   -0.0000044600
   0.0004720400   -0.0016777100   -0.0000098800
   0.0018538100   -0.0000879500   -0.0000050200
   0.0014190300    0.0020386600   -0.0000096700
   0.0008309900    0.0027594400   -0.0000047300
   0.0008117500    0.0034737300   -0.0000610700
  -0.0033852600    0.0029079300   -0.0001553800
  -0.0125382000    0.0001317000    0.0011480900
  -0.0020696900   -0.0097600900    0.0006983800
   0.0031732600   -0.0056809200   -0.0001570700
   0.0023893100   -0.0025983000   -0.0000036600
   0.0030191100   -0.0004198200   -0.0000094900
   0.0030122200    0.0002479500   -0.0000095200
   0.0026804400    0.0020542200   -0.0000042500
   0.0024252800    0.0060337400   -0.0001538400
  -0.0013203700    0.0096036300    0.0007428700

91   
 -0.0234443241590582  -0.0000000000000033  -0.0187180037590817
   0.0110306600    0.0132741400    0.0051553900
  -0.0530911600    0.0006426300   -0.0039150000
   0.0108695500   -0.0121014800    0.0051608600
   0.0089198600   -0.0059886400   -0.0004734300
   0.0056982400   -0.0020902500    0.0000192400
   0.0041060300   -0.0003323600   -0.0000110900
   0.0040010700    0.0014037800   -0.0000112000
   0.0049520000    0.0033512000    0.0000178800
   0.0088770000    0.0068553700   -0.0004516800
   0.0226740500    0.0233145800    0.0053478100
  -0.4832899600   -0.1745334600   -0.0879253800
  -0.4231037200    0.1328086800   -0.0995508600
   0.0225077300   -0.0234744100    0.0055097700
   0.0080956300   -0.0039735300   -0.0003579200
   0.0044831000   -0.0011769700   -0.0000044900
   0.0045505400   -0.0001240800   -0.0000067300
   0.0047054300    0.0008912900   -0.0000035900
   0.0074702100    0.0037300500   -0.0003595300
   0.0073805600   -0.0049592700   -0.0001025500
   0.0037995000   -0.0341578500   -0.0038976400
  -0.1859786900   -0.0070761900   -0.0938788000
   0.0045986700    0.0333205100   -0.0042581700
   0.0076453300    0.0038233200   -0.0001249100
   0.0045877900    0.0006749300   -0.0000064200
   0.0038533600   -0.0000483100   -0.0000110600
   0.0039768100   -0.0006732200   -0.0000110200
   0.0044696300   -0.0012677200   -0.0000083600
   0.0022657600   -0.0036725200   -0.0000264500
   0.0001316000   -0.0100535000   -0.0001101600
  -0.0150308800   -0.0143132800    0.0052059000
  -0.0116766400    0.0109578800    0.0053967900
  -0.0019990900    0.0082752900   -0.0002228300
   0.0028673100    0.0034644200   -0.0000235300
   0.0024194400    0.0013533500   -0.0000106600
   0.0025376200    0.0002506200   -0.0000066700
   0.0026158500   -0.0016534200   -0.0000119500
   0.0009954900   -0.0031365100   -0.0000116900
  -0.0000931600   -0.0045361600   -0.0000098100
  -0.0028660500   -0.0062516700   -0.0003377800
  -0.0026073400   -0.0034407800   -0.0004562600
   0.0005378200    0.0020328800   -0.0000141000
   0.0014974000    0.0017316200   -0.0000076900
   0.0015659900    0.0003460300   -0.0000073300
   0.0013318200   -0.0015103400   -0.0000059200
   0.0001686200   -0.0016863200   -0.0000066200
   0.0002131800   -0.0025821500   -0.0000107900
  -0.0008083300   -0.0028383900   -0.0000048300
  -0.0007910200   -0.0015774400    0.0000092000
   0.0011087200    0.0022995000   -0.0001160500
  -0.0013701000    0.0037832300    0.0000018100
   0.0004312600    0.0019101900   -0.0000064300
   0.0008608700    0.0009972300   -0.0000062600
   0.0002031200   -0.0003257600   -0.0000060000
  -0.0006162900   -0.0010675800   -0.0000119400
  -0.0007406800   -0.0020196800   -0.0000109100
   0.0002440500   -0.0018146600   -0.0000069500
   0.0002077500   -0.0008200500   -0.0000097000
   0.0004089000    0.0006892600    0.0000149000
   0.0005974500    0.0025934300   -0.0000122300
   0.0004932900    0.0027345700   -0.0000153400
   0.0000675700    0.0022860500   -0.0000114400
  -0.0008231300    0.0008262500   -0.0000117600
  -0.0038971300    0.0006475800   -0.0000279100
  -0.0017844100   -0.0019550800   -0.0000093200
   0.0005773600   -0.0016038600   -0.0000046200
   0.0016247200   -0.0015241000   -0.0000113600
   0.0014888000   -0.0002086200   -0.0000072400
   0.0014450500    0.0007246100   -0.0000049700
   0.0016517100    0.0018065100   -0.0000109900
   0.0006607700    0.0028041400   -0.0000025700
  -0.0019341100    0.0023353300   -0.0000098000
  -0.0088498000    0.0040773300   -0.0001030400
  -0.0089911000   -0.0034650000   -0.0001101000
   0.0014146300   -0.0039987200   -0.0003434900
   0.0034097800   -0.0025277000    0.0000204000
   0.0034815300   -0.0008199700   -0.0000134400
   0.0023973200    0.0002259900   -0.0000045200
   0.0029200300    0.0020873100   -0.0000135500
   0.0036601300    0.0032206500    0.0000181200
   0.0005490600    0.0048250800   -0.0003487100
   0.0097842700   -0.0620267700    0.0205693500
   0.0091044700    0.0593104800    0.0196121700
  -0.0093071700    0.0124938000   -0.0011512800
  -0.0068893800    0.0024669100    0.0001547000
  -0.0037424100    0.0012217100    0.0000045400
  -0.0037931600   -0.0001554800    0.0000101400
  -0.0041546500   -0.0016501800    0.0000047000
  -0.0062327800   -0.0032332200    0.0001520300
  -0.0101207200   -0.0123959700   -0.0011007300
  -0.1111254700   -0.0053595300    0.0212975700
   1.3082078900    0.0492814300    0.1535702200
  -0.1057987900    0.0061102900    0.0195768100
  -0.0158609800    0.0002413200   -0.0007629000
  -0.0061284000    0.0004381200    0.0000619700
  -0.0043936400    0.0004944500    0.0000109300
  -0.0047771500    0.0003578200    0.0000106000
  -0.0057078800    0.0003764700    0.0000642500
  -0.0157962100    0.0005498900   -0.0007971900
  -0.0092366000    0.0120557100   -0.0011839200
   0.0089769900    0.0738130600    0.0202033600
   0.0070721000   -0.0731637500    0.0198198600
  -0.0084937900   -0.0114664400   -0.0010289300
  -0.0059688200   -0.0037971700    0.0001507800
  -0.0036287500   -0.0013093000    0.0000037800
  -0.0040929200   -0.0000551600    0.0000102700
  -0.0040955700    0.0014032700    0.0000038600
  -0.0055797400    0.0036691700    0.0001596300
  -0.0019031300    0.0048772700    0.0001582000
   0.0018629800    0.0106810200   -0.0007377100
   0.0113743700    0.0022620500   -0.0010876100
   0.0027490900   -0.0023927400   -0.0006543100
  -0.0019669700   -0.0035746500    0.0001395600
  -0.0023997700   -0.0019499600    0.0000072600
  -0.0029367100   -0.0007990700    0.0000092600
  -0.0026598000    0.0003480900    0.0000096100
  -0.0028143700    0.0019926000    0.0000026600
  -0.0010312900    0.0035848300    0.0000045900
   0.0011026300    0.0042117200    0.0000589700
   0.0035503000    0.0028594400    0.0001647400
  -0.0012106000    0.0006871500    0.0001132000
   0.0023815900   -0.0030639400   -0.0000155600
  -0.0012313300   -0.0017538600    0.0000290200
  -0.0019617300   -0.0007123900    0.0000037200
  -0.0012672300    0.0010299900    0.0000055500
  -0.0014162300    0.0019034700    0.0000095200
  -0.0006893300    0.0011885200    0.0000100600
   0.0002297800    0.0021515800    0.0000104200
   0.0008429600    0.0014497400    0.0000032200
   0.0008320000   -0.0008662200    0.0000471600
   0.0005528700   -0.0024244100    0.0000082800
  -0.0002395100   -0.0029657100   -0.0000004100
  -0.0007545400   -0.0018193500    0.0000089300
  -0.0006384000   -0.0006509600    0.0000098200
   0.0000318700    0.0000947200    0.0000093500
   0.0006593700    0.0013401200    0.0000050100
  -0.0004693100    0.0023843500    0.0000115300
  -0.0002362500    0.0013821800    0.0000104400
  -0.0002885300   -0.0002072700    0.0000035400
  -0.0005292800   -0.0006932300    0.0000072800
  -0.0003760700   -0.0018824300    0.0000100600
  -0.0002966700   -0.0031699100    0.0000116400
   0.0003494300   -0.0021060500    0.0000060200
   0.0013399300    0.0001056100    0.0000042900
   0.0028460500    0.0022262800    0.0001548900
   0.0007061400    0.0036758400    0.0000573200
  -0.0008161400    0.0031372100    0.0000044000
  -0.0022460900    0.0007684200    0.0000100200
  -0.0009498900   -0.0004422300    0.0000050100
  -0.0015551200   -0.0011421500    0.0000095700
  -0.0017220200   -0.0032700900    0.0000048000
   0.0010997100   -0.0044249800    0.0000595200
   0.0027255600   -0.0020008800    0.0001530900
   0.0113549400   -0.0003063000   -0.0011487000
   0.0021059900    0.0089589400   -0.0007063900
  -0.0019321000    0.0054785600    0.0001579900
  -0.0034264200    0.0019908800    0.0000037100
  -0.0021784000    0.0006819400    0.0000093900
  -0.0022940500   -0.0012903000    0.0000095600
  -0.0034917400   -0.0030045900    0.0000042300
  -0.0032795900   -0.0057990400    0.0001528100
   0.0023286100   -0.0104065500   -0.0007376100

91   
 -0.0149999999993716   0.0259807621138959   0.0000000000000000
  -0.0255996500    0.0071235400    0.0000000000
  -0.0320273800   -0.0258950000    0.0000000000
   0.0378050100   -0.0084828000    0.0000000000
   0.0128740500   -0.0053548300    0.0000000000
   0.0059609700   -0.0012558200    0.0000000000
   0.0032093600   -0.0002496200    0.0000000000
   0.0020764000    0.0009035500    0.0000000000
   0.0008285400    0.0021053900    0.0000000000
  -0.0017697900    0.0025079900    0.0000000000
   0.0061049900    0.0241484200    0.0000000000
  -0.1144829700    0.2111049200    0.0000000000
  -0.4062846800    0.3776784800    0.0000000000
   0.0229414400   -0.0059944900    0.0000000000
   0.0054677700    0.0011058700    0.0000000000
   0.0026716600    0.0005922000    0.0000000000
   0.0030039500    0.0006505700    0.0000000000
   0.0028599000    0.0018553400    0.0000000000
   0.0040908700    0.0059580800    0.0000000000
   0.0107810200    0.0055075300    0.0000000000
   0.0382849600    0.0144847800    0.0000000000
  -0.1167654200    0.6105894100    0.0000000000
  -0.0343448200    0.0563469500    0.0000000000
  -0.0017743000    0.0113359500    0.0000000000
   0.0007025500    0.0033352900    0.0000000000
   0.0018744600    0.0011517400    0.0000000000
   0.0029505800    0.0005431300    0.0000000000
   0.0044132700    0.0017003700    0.0000000000
   0.0050827400   -0.0005771300    0.0000000000
   0.0087070100   -0.0060677900    0.0000000000
  -0.0139046000   -0.0365601000    0.0000000000
  -0.0104102400   -0.0191807800    0.0000000000
  -0.0084835400    0.0054949000    0.0000000000
  -0.0024930500    0.0041282400    0.0000000000
  -0.0003667900    0.0019350000    0.0000000000
   0.0014207700    0.0007585200    0.0000000000
   0.0029875800   -0.0003936800    0.0000000000
   0.0025295400   -0.0030282000    0.0000000000
   0.0029871100   -0.0048622900    0.0000000000
  -0.0001230500   -0.0103740800    0.0000000000
  -0.0017867800   -0.0131784400    0.0000000000
  -0.0025553400    0.0013916100    0.0000000000
  -0.0013504000    0.0008330300    0.0000000000
   0.0001338400   -0.0003933500    0.0000000000
   0.0013887200   -0.0018620300    0.0000000000
   0.0012895300   -0.0031105900    0.0000000000
   0.0021475600   -0.0039410000    0.0000000000
   0.0012442800   -0.0051590500    0.0000000000
   0.0007874600   -0.0059759900    0.0000000000
  -0.0007254900   -0.0050993900    0.0000000000
  -0.0006328800   -0.0025890700    0.0000000000
  -0.0023053600   -0.0012403400    0.0000000000
  -0.0008141700   -0.0013712100    0.0000000000
   0.0000001300   -0.0022138100    0.0000000000
   0.0007172300   -0.0040013500    0.0000000000
   0.0014586400   -0.0042123100    0.0000000000
   0.0022858200   -0.0038325700    0.0000000000
   0.0015309800   -0.0035311000    0.0000000000
   0.0001383800   -0.0037336500    0.0000000000
  -0.0007461500   -0.0022513400    0.0000000000
  -0.0013976500   -0.0018162500    0.0000000000
  -0.0022519100   -0.0014323400    0.0000000000
  -0.0015458800   -0.0027021700    0.0000000000
  -0.0024421400   -0.0047212500    0.0000000000
   0.0021649000   -0.0056151600    0.0000000000
   0.0039363300   -0.0037194300    0.0000000000
   0.0033227700   -0.0033480100    0.0000000000
   0.0016922800   -0.0026093700    0.0000000000
   0.0002345900   -0.0024722900    0.0000000000
  -0.0010280100   -0.0019292300    0.0000000000
  -0.0031223200   -0.0015198500    0.0000000000
  -0.0046811000   -0.0030683600    0.0000000000
  -0.0109537000   -0.0066622300    0.0000000000
  -0.0002751500   -0.0112916500    0.0000000000
   0.0093982700   -0.0061992400    0.0000000000
   0.0062689100   -0.0035567800    0.0000000000
   0.0040224800   -0.0017631900    0.0000000000
   0.0014385000   -0.0012833300    0.0000000000
   0.0002541300   -0.0001848100    0.0000000000
  -0.0016266900   -0.0003628800    0.0000000000
  -0.0083702000   -0.0007235800    0.0000000000
   0.0878086300    0.0374940000    0.0000000000
  -0.0740360100    0.1093846800    0.0000000000
  -0.0193463300    0.0032563600    0.0000000000
  -0.0087449400   -0.0011684500    0.0000000000
  -0.0034395600   -0.0001716500    0.0000000000
  -0.0024621500   -0.0006863000    0.0000000000
  -0.0013377800   -0.0022180000    0.0000000000
   0.0003644600   -0.0044414800    0.0000000000
   0.0072941700   -0.0126183200    0.0000000000
  -0.0768751100   -0.0552853800    0.0000000000
   0.7706590700   -1.4371501000    0.0000000000
  -0.0628151300   -0.0457173500    0.0000000000
  -0.0103317700   -0.0083533500    0.0000000000
  -0.0038290100   -0.0023574300    0.0000000000
  -0.0027977300   -0.0006798900    0.0000000000
  -0.0030957400   -0.0007519000    0.0000000000
  -0.0031961400   -0.0022183400    0.0000000000
  -0.0099029700   -0.0078243000    0.0000000000
  -0.0192274700    0.0024287000    0.0000000000
  -0.0598447100    0.1238627800    0.0000000000
   0.0765081200    0.0302580800    0.0000000000
   0.0078284500   -0.0114615200    0.0000000000
  -0.0002062100   -0.0053156700    0.0000000000
  -0.0009324600   -0.0021214000    0.0000000000
  -0.0026206200   -0.0006931300    0.0000000000
  -0.0034069800   -0.0000260300    0.0000000000
  -0.0064840800   -0.0001698400    0.0000000000
  -0.0066483100    0.0041024100    0.0000000000
  -0.0081878000    0.0165967000    0.0000000000
   0.0090027800    0.0165259200    0.0000000000
   0.0146615800    0.0008777500    0.0000000000
   0.0047936700   -0.0015674500    0.0000000000
   0.0014648800   -0.0010999000    0.0000000000
  -0.0010453200   -0.0002912300    0.0000000000
  -0.0021960200    0.0004338200    0.0000000000
  -0.0040685000    0.0014136300    0.0000000000
  -0.0033539100    0.0046150300    0.0000000000
  -0.0026930100    0.0066953400    0.0000000000
   0.0002918200    0.0078183300    0.0000000000
   0.0030877200    0.0080737800    0.0000000000
  -0.0010184900   -0.0008977300    0.0000000000
   0.0027807100    0.0000905600    0.0000000000
   0.0004156400    0.0012210800    0.0000000000
  -0.0005192400    0.0026028400    0.0000000000
  -0.0021592100    0.0030216500    0.0000000000
  -0.0022939600    0.0031910000    0.0000000000
  -0.0020069300    0.0041914800    0.0000000000
  -0.0013280900    0.0043926200    0.0000000000
   0.0000600000    0.0045102800    0.0000000000
   0.0017909600    0.0028308500    0.0000000000
   0.0019423700    0.0024609600    0.0000000000
   0.0015648600    0.0016655700    0.0000000000
   0.0003757000    0.0025320200    0.0000000000
  -0.0004364200    0.0027139700    0.0000000000
  -0.0012363900    0.0047082300    0.0000000000
  -0.0027575700    0.0045789500    0.0000000000
  -0.0020668100    0.0033445400    0.0000000000
  -0.0012204400    0.0026155300    0.0000000000
   0.0000902400    0.0029412700    0.0000000000
   0.0016397000    0.0021333600    0.0000000000
   0.0023775200    0.0013928400    0.0000000000
   0.0020448400    0.0027962900    0.0000000000
   0.0010179200    0.0049203000    0.0000000000
  -0.0001750200    0.0089355100    0.0000000000
  -0.0034596400    0.0067490300    0.0000000000
  -0.0032929900    0.0042752500    0.0000000000
  -0.0032860200    0.0019813900    0.0000000000
  -0.0005729400    0.0013931500    0.0000000000
   0.0003809700    0.0014104100    0.0000000000
   0.0016487500    0.0003472100    0.0000000000
   0.0051973300    0.0018017400    0.0000000000
   0.0034344900    0.0066368200    0.0000000000
   0.0067051200    0.0173165200    0.0000000000
  -0.0099370500    0.0159158900    0.0000000000
  -0.0065267000    0.0047493400    0.0000000000
  -0.0049850100    0.0014768300    0.0000000000
  -0.0020084000    0.0008927400    0.0000000000
  -0.0005988800   -0.0004921400    0.0000000000
   0.0002967000   -0.0015246100    0.0000000000
   0.0034536700   -0.0020204800    0.0000000000
   0.0129985000    0.0044318300    0.0000000000

91   
  0.0149999999993716  -0.0259807621138959   0.0000000000000000
   0.0229988900   -0.0072128400    0.0000000000
   0.0338776300    0.0255020500    0.0000000000
  -0.0381834100    0.0082869800    0.0000000000
  -0.0125397300    0.0059109100    0.0000000000
  -0.0047428500    0.0020490800    0.0000000000
  -0.0024693700    0.0007441900    0.0000000000
  -0.0016900300    0.0003269400    0.0000000000
  -0.0016407500   -0.0008755800    0.0000000000
   0.0007130900   -0.0022903100    0.0000000000
  -0.0070945200   -0.0254503400    0.0000000000
   0.1249031800   -0.2049028900    0.0000000000
   0.5034206400   -0.4221437500    0.0000000000
  -0.0226041300    0.0053448900    0.0000000000
  -0.0051169000   -0.0015178600    0.0000000000
  -0.0030582000   -0.0011411800    0.0000000000
  -0.0017729400   -0.0009590600    0.0000000000
  -0.0029873700   -0.0019816000    0.0000000000
  -0.0056567400   -0.0061699200    0.0000000000
  -0.0116806600   -0.0054734700    0.0000000000
  -0.0372968000   -0.0119368100    0.0000000000
   0.1265790300   -0.5086534200    0.0000000000
   0.0337340200   -0.0560633300    0.0000000000
   0.0017637400   -0.0117862100    0.0000000000
  -0.0011727600   -0.0032708100    0.0000000000
  -0.0013371000   -0.0014785700    0.0000000000
  -0.0022034500   -0.0015520400    0.0000000000
  -0.0052030200   -0.0025756700    0.0000000000
  -0.0054264000    0.0012418200    0.0000000000
  -0.0083261800    0.0068205600    0.0000000000
   0.0126005200    0.0356729300    0.0000000000
   0.0098065300    0.0192560100    0.0000000000
   0.0088859800   -0.0053584900    0.0000000000
   0.0036512500   -0.0048026000    0.0000000000
   0.0000898800   -0.0015498100    0.0000000000
  -0.0012290000   -0.0001618500    0.0000000000
  -0.0028970700   -0.0003200900    0.0000000000
  -0.0026644600    0.0013403800    0.0000000000
  -0.0034459100    0.0045270300    0.0000000000
  -0.0003855800    0.0103753700    0.0000000000
   0.0017947700    0.0122832300    0.0000000000
   0.0023997900   -0.0020309200    0.0000000000
   0.0018706000   -0.0009323100    0.0000000000
   0.0003699200   -0.0000325300    0.0000000000
  -0.0012534700    0.0002779700    0.0000000000
  -0.0013858400    0.0022100800    0.0000000000
  -0.0020703000    0.0032982900    0.0000000000
  -0.0020390000    0.0049770500    0.0000000000
  -0.0003886400    0.0056595900    0.0000000000
   0.0012252100    0.0050879300    0.0000000000
   0.0001848500    0.0025379900    0.0000000000
   0.0016918400    0.0009684600    0.0000000000
   0.0017229100    0.0010746500    0.0000000000
   0.0000789100    0.0015950300    0.0000000000
   0.0001983200    0.0031629800    0.0000000000
  -0.0024034300    0.0034636900    0.0000000000
  -0.0023271900    0.0040089600    0.0000000000
  -0.0017753700    0.0044752100    0.0000000000
  -0.0005901500    0.0042299300    0.0000000000
   0.0008108900    0.0035853100    0.0000000000
   0.0016920100    0.0022534300    0.0000000000
   0.0023543000    0.0023748800    0.0000000000
   0.0018675500    0.0028097500    0.0000000000
   0.0023201300    0.0056962600    0.0000000000
  -0.0020841300    0.0055177900    0.0000000000
  -0.0036463700    0.0049138000    0.0000000000
  -0.0027329600    0.0035278100    0.0000000000
  -0.0017784200    0.0030304600    0.0000000000
  -0.0005409700    0.0019731700    0.0000000000
   0.0012125600    0.0012739200    0.0000000000
   0.0030745400    0.0018618200    0.0000000000
   0.0041049800    0.0032476500    0.0000000000
   0.0102890300    0.0069950300    0.0000000000
  -0.0004592700    0.0110506500    0.0000000000
  -0.0081800900    0.0060186500    0.0000000000
  -0.0056041200    0.0041915400    0.0000000000
  -0.0027900800    0.0027006700    0.0000000000
  -0.0020459200    0.0013698000    0.0000000000
  -0.0004750600    0.0010219100    0.0000000000
   0.0020991400    0.0002694500    0.0000000000
   0.0070170100    0.0015257400    0.0000000000
  -0.0874386500   -0.0375663000    0.0000000000
   0.0780017500   -0.1164720400    0.0000000000
   0.0192241500   -0.0029198600    0.0000000000
   0.0073445000    0.0000075100    0.0000000000
   0.0041816900    0.0008290600    0.0000000000
   0.0020202900    0.0004747900    0.0000000000
   0.0015640200    0.0008882600    0.0000000000
   0.0003716600    0.0043404900    0.0000000000
  -0.0074273900    0.0135968600    0.0000000000
   0.0770444400    0.0545269200    0.0000000000
  -0.8881701800    1.3729017900    0.0000000000
   0.0637724300    0.0469473200    0.0000000000
   0.0093728800    0.0086629400    0.0000000000
   0.0040578300    0.0031988900    0.0000000000
   0.0023724200    0.0016965800    0.0000000000
   0.0019969500    0.0013985100    0.0000000000
   0.0046641400    0.0027829100    0.0000000000
   0.0106463300    0.0086196300    0.0000000000
   0.0182661800   -0.0033337500    0.0000000000
   0.0547253400   -0.1179091200    0.0000000000
  -0.0749281700   -0.0305963800    0.0000000000
  -0.0075405400    0.0113734000    0.0000000000
   0.0005978600    0.0048231300    0.0000000000
   0.0018618400    0.0015667100    0.0000000000
   0.0015124900    0.0004987000    0.0000000000
   0.0035067100    0.0004954700    0.0000000000
   0.0077165700   -0.0002790400    0.0000000000
   0.0074404300   -0.0046237000    0.0000000000
   0.0070919300   -0.0162719500    0.0000000000
  -0.0082338200   -0.0159033400    0.0000000000
  -0.0145629900   -0.0010576800    0.0000000000
  -0.0052487700    0.0020154000    0.0000000000
  -0.0008037700    0.0013250100    0.0000000000
   0.0003588400   -0.0001426600    0.0000000000
   0.0020882200   -0.0011802800    0.0000000000
   0.0041535700   -0.0022811200    0.0000000000
   0.0031728500   -0.0026494000    0.0000000000
   0.0035722000   -0.0058964100    0.0000000000
  -0.0006823800   -0.0074964800    0.0000000000
  -0.0031225200   -0.0079010500    0.0000000000
   0.0011622500    0.0009520000    0.0000000000
  -0.0024663900    0.0001682100    0.0000000000
  -0.0013379200   -0.0003585200    0.0000000000
   0.0008320200   -0.0006144800    0.0000000000
   0.0020435000   -0.0018606800    0.0000000000
   0.0015982900   -0.0042007400    0.0000000000
   0.0025918800   -0.0041606600    0.0000000000
   0.0014519300   -0.0045684200    0.0000000000
  -0.0004298700   -0.0043651000    0.0000000000
  -0.0016666000   -0.0034376200    0.0000000000
  -0.0015141500   -0.0023674300    0.0000000000
  -0.0017690800   -0.0017563700    0.0000000000
  -0.0009249600   -0.0023909800    0.0000000000
   0.0010549200   -0.0038155200    0.0000000000
   0.0012717000   -0.0053339000    0.0000000000
   0.0020654600   -0.0041151100    0.0000000000
   0.0022275800   -0.0038591100    0.0000000000
   0.0010248300   -0.0037047700    0.0000000000
  -0.0005031500   -0.0022354600    0.0000000000
  -0.0012234100   -0.0014732100    0.0000000000
  -0.0020330500   -0.0024473600    0.0000000000
  -0.0022411800   -0.0031207600    0.0000000000
  -0.0005177900   -0.0044486600    0.0000000000
  -0.0005506300   -0.0086748800    0.0000000000
   0.0040949500   -0.0065883200    0.0000000000
   0.0037459900   -0.0033281700    0.0000000000
   0.0015295400   -0.0028583200    0.0000000000
   0.0015279900   -0.0018498900    0.0000000000
  -0.0004262300   -0.0003963100    0.0000000000
  -0.0024327400   -0.0006794800    0.0000000000
  -0.0032330100   -0.0025085300    0.0000000000
  -0.0041913700   -0.0055017800    0.0000000000
  -0.0083885000   -0.0171772300    0.0000000000
   0.0099093700   -0.0170732800    0.0000000000
   0.0077882800   -0.0050222000    0.0000000000
   0.0039862800   -0.0020974100    0.0000000000
   0.0029119400   -0.0006108000    0.0000000000
   0.0014260400   -0.0004971800    0.0000000000
  -0.0009276100    0.0006913200    0.0000000000
  -0.0040754700    0.0025572900    0.0000000000
  -0.0119404200   -0.0046553400    0.0000000000

92   
 -0.0117221620790471   0.0203033802966008   0.0187180037590592
  -0.0018617800    0.0021515700    0.0004530700
  -0.0193183400    0.0057340700   -0.0050077700
  -0.0258054900   -0.0203475900    0.0039041300
   0.0302494800   -0.0066064300   -0.0050353400
   0.0105485700   -0.0040741800    0.0004544300
   0.0045799200   -0.0011046700   -0.0000185000
   0.0024573800    0.0001632600    0.0000110600
   0.0011409600    0.0008384200    0.0000111300
   0.0006022500    0.0013798200   -0.0000184300
   0.0039072900    0.0043497200    0.0003670900
   0.0041985000    0.0187279700   -0.0054623300
  -0.0877641600    0.1653783000    0.0943820000
  -0.3350237600    0.3045981600    0.0993771700
   0.0176435300   -0.0044955000   -0.0053934200
   0.0039455100    0.0007423100    0.0003622500
   0.0029019500    0.0004642400    0.0000033400
   0.0018881600    0.0005219100    0.0000068000
   0.0016544500    0.0014063900    0.0000029600
   0.0034413300    0.0015889300    0.0000064000
   0.0094599400    0.0047350300    0.0001042700
   0.0298367800    0.0114858200    0.0038398100
  -0.0898540200    0.4588525000    0.0879824300
  -0.0267176600    0.0440210600    0.0038829000
  -0.0017697700    0.0093284300    0.0001059500
   0.0010764500    0.0023672700    0.0000064900
   0.0017418200    0.0004422700    0.0000110600
   0.0017249300    0.0003180000    0.0000110700
   0.0021565300    0.0002074800    0.0000116800
   0.0040968100   -0.0005961900    0.0000260400
   0.0054897500   -0.0058618800    0.0001448100
  -0.0137268800   -0.0237251100   -0.0050312200
  -0.0018115500   -0.0119716100   -0.0049474500
  -0.0058759800    0.0042892400    0.0001440800
  -0.0019958300    0.0033085100    0.0000261200
   0.0001364300    0.0015004200    0.0000116700
   0.0011862300   -0.0000724800    0.0000065000
   0.0010146000   -0.0017002300    0.0000059900
   0.0017889400   -0.0018287700    0.0000117400
   0.0021973900   -0.0032019000    0.0000055500
   0.0004204300   -0.0060278600    0.0002439500
  -0.0023139900   -0.0004467200    0.0002370300
  -0.0021704400    0.0009148200    0.0000057600
  -0.0008726300    0.0003426600    0.0000117500
   0.0000866200   -0.0009741000    0.0000060000
  -0.0000423400   -0.0019051700    0.0000060200
   0.0011223200   -0.0023611800    0.0000064900
   0.0013416600   -0.0027688400    0.0000104000
   0.0018920200   -0.0036997600    0.0000090500
  -0.0007271600   -0.0056018200    0.0000599700
   0.0006751700   -0.0043761200    0.0000590500
  -0.0021339000   -0.0014555500    0.0000095100
  -0.0011123000   -0.0007648600    0.0000103700
  -0.0009153300   -0.0011722200    0.0000064800
  -0.0008897200   -0.0025113800    0.0000118600
  -0.0002570600   -0.0031463300    0.0000118600
   0.0015550100   -0.0028793400    0.0000107300
   0.0018305300   -0.0025880600    0.0000072500
   0.0008092200   -0.0033878700    0.0000025500
   0.0003253900   -0.0026531000    0.0000127600
  -0.0002843100   -0.0021088500    0.0000027600
  -0.0015088500   -0.0007781400    0.0000072000
  -0.0016693400   -0.0013019600    0.0000107200
  -0.0035613500   -0.0019043600    0.0000099700
  -0.0018738600   -0.0041022600    0.0000280600
   0.0018312700   -0.0037781000    0.0000097900
   0.0033376900   -0.0033422600    0.0000042500
   0.0023382600   -0.0026613600    0.0000111600
   0.0012067100   -0.0026774000    0.0000051400
   0.0003647900   -0.0021151000    0.0000051400
  -0.0009308000   -0.0010160100    0.0000110900
  -0.0028209400   -0.0010806200    0.0000045700
  -0.0065269300   -0.0005897900    0.0003348500
  -0.0088283700   -0.0054685300    0.0001075900
   0.0006303200   -0.0088798200    0.0001087000
   0.0073197900   -0.0045510700    0.0003387200
   0.0053097200   -0.0026587600   -0.0000179800
   0.0023897500   -0.0018190100    0.0000134200
   0.0012704100   -0.0006940000    0.0000045000
   0.0005393500   -0.0004862900    0.0000133900
  -0.0021331800    0.0002484200   -0.0000177200
   0.0067536700   -0.0105363900    0.0011150300
   0.0683594500    0.0290873800   -0.0193338900
  -0.0586060000    0.0871964900   -0.0190872600
  -0.0158606100    0.0017619000    0.0011124300
  -0.0059543100   -0.0000819100   -0.0001532700
  -0.0032393100   -0.0004295800   -0.0000046300
  -0.0016912100   -0.0010739400   -0.0000103000
  -0.0008669700   -0.0012776900   -0.0000045400
  -0.0002870000   -0.0031148200   -0.0001533300
  -0.0077647200   -0.0061476300    0.0008168300
  -0.0584359200   -0.0421890900   -0.0211666100
   0.6204631000   -1.1153289700   -0.1548012700
  -0.0493649500   -0.0359459500   -0.0202248400
  -0.0076187500   -0.0062105400    0.0007852400
  -0.0033289800   -0.0015823400   -0.0000640200
  -0.0026401900   -0.0005278900   -0.0000107700
  -0.0013628400   -0.0005028300   -0.0000107300
  -0.0029177700   -0.0014907800   -0.0000654900
  -0.0061825800   -0.0001415800   -0.0001654200
  -0.0157407700    0.0021217200    0.0012329900
  -0.0475279400    0.0954872400   -0.0203578400
   0.0565513400    0.0206953100   -0.0197022900
   0.0069151700   -0.0098503700    0.0012005300
   0.0002143700   -0.0039853500   -0.0001640700
  -0.0017543800   -0.0014135200   -0.0000032800
  -0.0016719900   -0.0001586800   -0.0000102700
  -0.0021943600   -0.0003378600   -0.0000030400
  -0.0027679400    0.0011968600   -0.0000022200
  -0.0055473800    0.0032889900   -0.0001534900
  -0.0043379600    0.0112994700    0.0006153200
   0.0066268400    0.0020790100    0.0005423900
   0.0072081700    0.0019100000    0.0005864200
   0.0035617400   -0.0015576200   -0.0001513600
   0.0002371800   -0.0011244200   -0.0000024000
  -0.0007495400   -0.0003931900   -0.0000096800
  -0.0017021700    0.0002293300   -0.0000096400
  -0.0017643500    0.0028519800   -0.0000094700
  -0.0021112900    0.0030217200   -0.0000033300
  -0.0027672800    0.0040712900   -0.0000720600
   0.0029438700    0.0049512800   -0.0000111700
  -0.0023190000    0.0014150000   -0.0000103200
   0.0034894100    0.0005715900   -0.0000705500
   0.0013669600    0.0006253800   -0.0000034900
   0.0006426400    0.0015997400   -0.0000095100
  -0.0006771400    0.0018214900   -0.0000048300
  -0.0009698400    0.0020175400   -0.0000095900
  -0.0012799400    0.0028572400   -0.0000103100
  -0.0018810300    0.0030813900   -0.0000086700
  -0.0013238200    0.0043939500   -0.0000248200
   0.0004546100    0.0033679900   -0.0000098600
   0.0015852900    0.0030671600   -0.0000243500
   0.0016937800    0.0011522100   -0.0000087700
   0.0010162200    0.0012761500   -0.0000103200
   0.0007743600    0.0013127700   -0.0000096600
   0.0006146500    0.0033196300   -0.0000044000
  -0.0013689000    0.0041711100   -0.0000053500
  -0.0019113900    0.0031801800   -0.0000114100
  -0.0019133900    0.0025591900   -0.0000090300
  -0.0010322000    0.0030932900   -0.0000077500
   0.0005745000    0.0024049300   -0.0000077300
   0.0014717700    0.0009134500   -0.0000090200
   0.0017086100    0.0011006300   -0.0000114700
   0.0019409000    0.0024634200   -0.0000054600
   0.0026796400    0.0048346200   -0.0001519200
   0.0004605600    0.0070232200   -0.0001530700
  -0.0027912200    0.0057648000   -0.0000572000
  -0.0037158000    0.0026533800   -0.0000057600
  -0.0014437300    0.0018054600   -0.0000100200
  -0.0007876400    0.0018751700   -0.0000051300
  -0.0000038400    0.0005121400   -0.0000099600
   0.0026557000   -0.0000365700   -0.0000058300
   0.0029974800    0.0021409000   -0.0000564100
   0.0091756400    0.0035638900    0.0006802700
   0.0058800100    0.0130502400    0.0011245900
  -0.0071781000    0.0129372100    0.0006844200
  -0.0061736300    0.0035783300   -0.0001527200
  -0.0031044800    0.0016139300   -0.0000040300
  -0.0015266300    0.0001711900   -0.0000096200
  -0.0011092200   -0.0004044700   -0.0000096400
   0.0001592400   -0.0006901400   -0.0000039900
   0.0035292600   -0.0020922500   -0.0001522300

92   
  0.0117221620790471  -0.0203033802966008  -0.0187180037590592
   0.0001007400   -0.0016271000   -0.0004543000
   0.0179197700   -0.0057396600    0.0052120200
   0.0274792900    0.0196392000   -0.0038375300
  -0.0299464400    0.0069538300    0.0051790100
  -0.0093677200    0.0049244600   -0.0004523300
  -0.0038200800    0.0016252300    0.0000180400
  -0.0020162400    0.0010962600   -0.0000110400
  -0.0018252800    0.0004613000   -0.0000110300
  -0.0013198100   -0.0009452200    0.0000181800
  -0.0037888300   -0.0050857200   -0.0003502800
  -0.0055080300   -0.0195630900    0.0052846600
   0.0976799000   -0.1596137400   -0.0945247700
   0.3924453800   -0.3302858700   -0.0884304200
  -0.0173342200    0.0040774700    0.0053477700
  -0.0043171300   -0.0012935400   -0.0003548600
  -0.0016379200   -0.0007731200   -0.0000040800
  -0.0019514000   -0.0006513500   -0.0000066500
  -0.0030511400   -0.0015921900   -0.0000044400
  -0.0043551200   -0.0018929300   -0.0000069400
  -0.0090103200   -0.0045134100   -0.0001052500
  -0.0297722100   -0.0103116100   -0.0039251500
   0.0955029400   -0.4004359400   -0.0978403200
   0.0267053900   -0.0446455200   -0.0038881000
   0.0013080100   -0.0092793900   -0.0001037600
  -0.0005180100   -0.0027099200   -0.0000068500
  -0.0009679900   -0.0014793900   -0.0000110300
  -0.0024818500   -0.0012721700   -0.0000110300
  -0.0025490300    0.0003361700   -0.0000116900
  -0.0039411400    0.0011688700   -0.0000260900
  -0.0063813400    0.0054454600   -0.0001464300
   0.0131289900    0.0239813100    0.0049172100
   0.0021709700    0.0122282400    0.0050021100
   0.0070963600   -0.0050129300   -0.0001473900
   0.0017424400   -0.0029477700   -0.0000260200
   0.0000668800   -0.0009310700   -0.0000117000
  -0.0010971800   -0.0006958000   -0.0000064900
  -0.0011701400   -0.0000292500   -0.0000060200
  -0.0022949700    0.0014695200   -0.0000117600
  -0.0027109900    0.0032890800   -0.0000057500
  -0.0003999600    0.0053579300   -0.0002362900
   0.0021910000   -0.0002207900   -0.0002433700
   0.0027153500   -0.0010265500   -0.0000055400
   0.0013818000   -0.0007848800   -0.0000117500
   0.0000425300   -0.0006391900   -0.0000060100
  -0.0000655800    0.0009818500   -0.0000060300
  -0.0010549800    0.0017052700   -0.0000065200
  -0.0021438600    0.0026071100   -0.0000104000
  -0.0014940100    0.0034583300   -0.0000096200
   0.0012475800    0.0056669000   -0.0000591600
  -0.0011363900    0.0043942300   -0.0000600900
   0.0015384800    0.0012074600   -0.0000091700
   0.0020168300    0.0004731500   -0.0000104600
   0.0009773500    0.0005405900   -0.0000064800
   0.0017729000    0.0016493300   -0.0000119000
  -0.0006789600    0.0023758300   -0.0000118900
  -0.0015821200    0.0030580900   -0.0000107600
  -0.0020632300    0.0035635600   -0.0000073200
  -0.0012420300    0.0039426800   -0.0000027800
  -0.0002386700    0.0040462500   -0.0000128000
   0.0005868900    0.0026000800   -0.0000025200
   0.0015980000    0.0017534500   -0.0000073300
   0.0019440300    0.0014159000   -0.0000107900
   0.0032981200    0.0028590400   -0.0000093500
   0.0019708100    0.0039379700   -0.0000278500
  -0.0014787500    0.0049604900   -0.0000095500
  -0.0027146900    0.0035334600   -0.0000035700
  -0.0023990900    0.0031184600   -0.0000111800
  -0.0014804800    0.0022296900   -0.0000051600
  -0.0001439900    0.0015208900   -0.0000051600
   0.0008894500    0.0014233000   -0.0000112600
   0.0021669600    0.0013126100   -0.0000032100
   0.0054617500    0.0010396100   -0.0003526800
   0.0078426000    0.0049864600   -0.0001077200
   0.0009250600    0.0086662700   -0.0001065800
  -0.0065946500    0.0051745100   -0.0003485500
  -0.0040580400    0.0036246500    0.0000178000
  -0.0029623400    0.0019436400   -0.0000133900
  -0.0014269300    0.0015884400   -0.0000045100
   0.0000299400    0.0004868500   -0.0000134200
   0.0008150000    0.0006786300    0.0000181500
  -0.0046370900    0.0096548600   -0.0011165900
  -0.0688235700   -0.0278617700    0.0207276100
   0.0603913900   -0.0913446300    0.0210285000
   0.0145062900   -0.0029662500   -0.0011175300
   0.0066954900    0.0007299200    0.0001524100
   0.0027597500    0.0002123500    0.0000046800
   0.0018356600   -0.0002619600    0.0000102100
   0.0014081200    0.0011410500    0.0000047800
  -0.0002940400    0.0037521700    0.0001525200
   0.0080243500    0.0069166900   -0.0007486500
   0.0598384900    0.0414604400    0.0198221100
  -0.6936093500    1.0767730500    0.1537285800
   0.0487582200    0.0368971800    0.0207756100
   0.0078518000    0.0070681600   -0.0007804100
   0.0028785100    0.0026105800    0.0000622800
   0.0014920400    0.0011959200    0.0000110200
   0.0027287000    0.0011237000    0.0000109900
   0.0033421100    0.0024812300    0.0000609200
   0.0053953100   -0.0003954800    0.0001602000
   0.0154582400   -0.0030299000   -0.0011633500
   0.0447310300   -0.0920853100    0.0185111800
  -0.0558279800   -0.0210749700    0.0191305000
  -0.0065430500    0.0094179600   -0.0011969600
   0.0006951100    0.0034502300    0.0001616500
   0.0006210800    0.0012445400    0.0000035000
   0.0017387500    0.0006814700    0.0000101700
   0.0033997700    0.0000215800    0.0000037300
   0.0036614000   -0.0016550700    0.0000025700
   0.0047509600   -0.0031701000    0.0001507700
   0.0048856000   -0.0109300800   -0.0005604700
  -0.0065576500   -0.0021527400   -0.0005599900
  -0.0077289000   -0.0014929800   -0.0005890100
  -0.0029383800    0.0017984200    0.0001530600
  -0.0009419700    0.0007077100    0.0000023800
   0.0006323200   -0.0003217300    0.0000097200
   0.0018006300   -0.0010447600    0.0000097400
   0.0016155100   -0.0008668000    0.0000093800
   0.0030484300   -0.0022558300    0.0000034700
   0.0023943000   -0.0038483600    0.0000698400
  -0.0030442700   -0.0048909600    0.0000118100
   0.0024941300   -0.0013670300    0.0000127100
  -0.0032196000   -0.0003197100    0.0000713500
  -0.0023066700    0.0002382200    0.0000032800
  -0.0003313500    0.0004033000    0.0000093600
   0.0005713000   -0.0006348100    0.0000047700
   0.0002836600   -0.0030070100    0.0000096600
   0.0018770500   -0.0028299200    0.0000103100
   0.0020175300   -0.0032951600    0.0000086400
   0.0009434500   -0.0043186100    0.0000241800
  -0.0003502900   -0.0040370600    0.0000099300
  -0.0011760700   -0.0030366500    0.0000246500
  -0.0019061000   -0.0012712400    0.0000086200
  -0.0015548700   -0.0011386400    0.0000103400
  -0.0001421000   -0.0023929400    0.0000095800
  -0.0005695600   -0.0038950900    0.0000038900
   0.0006612000   -0.0036917300    0.0000049100
   0.0020623500   -0.0037097900    0.0000112400
   0.0017058300   -0.0036892000    0.0000089400
   0.0005977800   -0.0024425200    0.0000077200
  -0.0001802900   -0.0018063800    0.0000077400
  -0.0011336600   -0.0020318700    0.0000089600
  -0.0018735800   -0.0014646500    0.0000112400
  -0.0013968400   -0.0019731000    0.0000047700
  -0.0033275900   -0.0044317000    0.0001574400
   0.0001016300   -0.0067801600    0.0001561900
   0.0032039600   -0.0048278400    0.0000599800
   0.0019342200   -0.0035593900    0.0000055700
   0.0023713800   -0.0023021300    0.0000100300
   0.0007052200   -0.0009183600    0.0000050800
  -0.0008106200   -0.0009319700    0.0000100700
  -0.0006703500   -0.0007822000    0.0000055000
  -0.0036243700   -0.0010541100    0.0000609400
  -0.0103497800   -0.0033093700   -0.0007536200
  -0.0061943100   -0.0135746900   -0.0011929500
   0.0083364900   -0.0133637400   -0.0007505800
   0.0051470900   -0.0042451400    0.0001528700
   0.0039822600   -0.0013587000    0.0000039300
   0.0023060600   -0.0011928700    0.0000095400
   0.0003986500   -0.0004958500    0.0000095100
  -0.0008674100    0.0010464500    0.0000039300
  -0.0023751200    0.0015235700    0.0001535700

95   
  0.0234443241590582   0.0000000000000033   0.0187180037590817
  -0.0044445600    0.0009695700    0.0000113400
  -0.0040102800   -0.0004496300    0.0000113800
  -0.0049392700   -0.0025410200   -0.0000230000
  -0.0082304800   -0.0059119500    0.0004815800
  -0.0102830600   -0.0118155500   -0.0053093200
   0.0524876100    0.0005376700    0.0040393400
  -0.0113568300    0.0134729000   -0.0053061900
  -0.0091491000    0.0070473800    0.0004651400
  -0.0054097900    0.0027538300   -0.0000197200
  -0.0045557500    0.0005039500    0.0000031700
  -0.0041535800   -0.0002751300    0.0000066700
  -0.0049750800   -0.0012826600    0.0000038100
  -0.0076023100   -0.0041019900    0.0003752600
  -0.0219209600   -0.0231591000   -0.0054848100
   0.4166399700    0.1289437600    0.0992153800
   0.4757820800   -0.1698214300    0.0881771800
  -0.0217017300    0.0231638700   -0.0053703900
  -0.0086265400    0.0036148200    0.0003618700
  -0.0053501000   -0.0009583400    0.0000085500
  -0.0034424300   -0.0002292900    0.0000110300
  -0.0036915200   -0.0002161900    0.0000106400
  -0.0049243000    0.0009479300    0.0000045500
  -0.0087906100    0.0039037700    0.0000957500
  -0.0063799500    0.0326681900    0.0042839700
   0.1882918900   -0.0062762200    0.0943574500
  -0.0035865300   -0.0341629100    0.0039882900
  -0.0082876200   -0.0050443300    0.0001019700
  -0.0029111100   -0.0035624800    0.0000274200
  -0.0026841900   -0.0010471100    0.0000118000
  -0.0031373700   -0.0004640500    0.0000064200
  -0.0026323000    0.0007995400    0.0000123800
  -0.0037576500    0.0031026500    0.0000300100
  -0.0004606100    0.0100483600    0.0000880400
   0.0139499500    0.0146142300   -0.0055180700
   0.0144562500   -0.0131540400   -0.0053593200
  -0.0003497400   -0.0105340000    0.0001050700
  -0.0005083600   -0.0051191800    0.0000086300
  -0.0015409700   -0.0024769000    0.0000118300
  -0.0016951100   -0.0008636800    0.0000059300
  -0.0011773300   -0.0004757900    0.0000058200
  -0.0006372300    0.0039605700    0.0000033300
   0.0023475600    0.0056008000    0.0003913900
   0.0023564700   -0.0002374700    0.0004815300
   0.0022970700   -0.0064130500    0.0003559500
   0.0000921900   -0.0032105800    0.0000036900
  -0.0003483100   -0.0025894000    0.0000109900
  -0.0007841200   -0.0013199200    0.0000065100
  -0.0001120600   -0.0001170300    0.0000058100
   0.0005993100    0.0016051600    0.0000063500
  -0.0007894200    0.0025814700    0.0000107200
  -0.0000300400    0.0024286000    0.0000006500
   0.0010110600    0.0011350600   -0.0000242800
   0.0005793900   -0.0017292500   -0.0000211800
  -0.0000758900   -0.0018062100    0.0000113700
  -0.0009049400   -0.0023226200    0.0000068900
   0.0000895000   -0.0015776600    0.0000109500
   0.0008185800   -0.0001617200    0.0000117600
   0.0008667800    0.0012451600    0.0000115400
   0.0001805500    0.0027098000    0.0000109800
  -0.0003166400    0.0024542900    0.0000056900
  -0.0004133700    0.0018575100    0.0000117100
  -0.0003194600    0.0000248400    0.0000144300
  -0.0016617700   -0.0001288700    0.0000044900
  -0.0014007000   -0.0017459600    0.0000113300
  -0.0004119400   -0.0016398600    0.0000039300
   0.0019604200   -0.0018404800    0.0000084800
   0.0036962300    0.0003957200    0.0000277500
   0.0015148900    0.0020440900    0.0000080400
  -0.0005021100    0.0022289600    0.0000038500
  -0.0014635500    0.0020274600    0.0000114100
  -0.0018426200    0.0007756200    0.0000044100
  -0.0031239100    0.0002733500    0.0000045100
  -0.0034003700   -0.0015410700    0.0000143700
  -0.0024233400   -0.0029653200   -0.0000214000
  -0.0005893600   -0.0036256100    0.0003552100
   0.0089154500   -0.0028977300    0.0001057200
   0.0080063000    0.0038247200    0.0001007200
  -0.0012205900    0.0047254300    0.0003593300
  -0.0029176500    0.0030489500   -0.0000204600
  -0.0035038700    0.0019114600    0.0000140700
   0.0043730900   -0.0005030500   -0.0000102900
   0.0042350000    0.0012266300   -0.0000041700
   0.0058846800    0.0032832900   -0.0001582500
   0.0082633600    0.0114522200    0.0011415100
  -0.0082378500    0.0591527500   -0.0197033700
  -0.0090628800   -0.0608942100   -0.0205242200
   0.0094224300   -0.0129677300    0.0011166900
   0.0064631300   -0.0031091200   -0.0001537300
   0.0037400800   -0.0005665500   -0.0000045900
   0.0041821500    0.0005570100   -0.0000109000
   0.0047486700    0.0001958700   -0.0000110900
   0.0061778700    0.0000983800   -0.0000618300
   0.0151474600    0.0003756600    0.0007342600
   0.1055916800    0.0077009500   -0.0193375700
  -1.2949089000    0.0484945700   -0.1539808300
   0.1094331100   -0.0061085400   -0.0211553400
   0.0162903600    0.0001701800    0.0007750400
   0.0064506000    0.0005846300   -0.0000629200
   0.0037863400    0.0009444100   -0.0000047400
   0.0034851900   -0.0001348500   -0.0000102800
   0.0039647200   -0.0011009900   -0.0000052300
   0.0071187600   -0.0037364700   -0.0001448600
   0.0102282200   -0.0126039600    0.0010290600
  -0.0076085600   -0.0739672800   -0.0196342000
  -0.0098816000    0.0735671300   -0.0205602400
   0.0089960600    0.0124662600    0.0011612300
   0.0068107100    0.0035842400   -0.0001559300
   0.0035019800    0.0021905100   -0.0000038400
   0.0023726700    0.0008903800   -0.0000097700
   0.0030602800   -0.0001730800   -0.0000090100
   0.0038758200    0.0000487400   -0.0000122800
   0.0030330500   -0.0048114800   -0.0001390700
  -0.0011531900   -0.0101224800    0.0007242700
  -0.0119592700   -0.0002461100    0.0011392000
  -0.0020346500    0.0098056000    0.0007594500
   0.0027059200    0.0046267900   -0.0001562800
   0.0011383100    0.0035809300   -0.0000045200
   0.0020637100    0.0017663100   -0.0000096000
   0.0014817800    0.0004943300   -0.0000051400
  -0.0007375500   -0.0001511600   -0.0000085100
   0.0015273000   -0.0031569000   -0.0000071700
   0.0001359700   -0.0034126100   -0.0000616200
  -0.0033636600   -0.0011495100   -0.0001577800
  -0.0028291900    0.0026964700   -0.0001564600
  -0.0002772100    0.0042618700   -0.0000621800
  -0.0000478300    0.0016675900   -0.0000108300
   0.0008249600    0.0017279100   -0.0000102300
   0.0004862300    0.0005475300   -0.0000095200
   0.0000659400   -0.0010787300   -0.0000097300
   0.0004817100   -0.0023331300   -0.0000100200
   0.0003831700   -0.0023969600   -0.0000107200
  -0.0006536200   -0.0015949700   -0.0000035000
  -0.0012800600    0.0001121900   -0.0000027100
  -0.0001837400    0.0010407500   -0.0000042200
   0.0005146000    0.0014083500   -0.0000103600
  -0.0000615800    0.0024198900   -0.0000109100
  -0.0004077400    0.0014148400   -0.0000047500
  -0.0010944400   -0.0007648800   -0.0000042900
  -0.0007340900   -0.0016857200   -0.0000051200
   0.0004467500   -0.0021905000   -0.0000099000
   0.0005740700   -0.0024211600   -0.0000103000
   0.0002238600   -0.0008542300   -0.0000097900
   0.0006184100    0.0008887300   -0.0000097900
   0.0011386300    0.0014737700   -0.0000098200
   0.0014617400    0.0027909300   -0.0000043400
  -0.0000297400    0.0040805600   -0.0000609100
  -0.0039163400    0.0016930000   -0.0001545900
  -0.0025664700   -0.0027496700   -0.0001527700
  -0.0002383500   -0.0034569500   -0.0000628100
   0.0007496100   -0.0030882000   -0.0000046100
   0.0024111000   -0.0018049400   -0.0000096700
   0.0011049500    0.0005011300   -0.0000047300
   0.0020060800    0.0006420600   -0.0000097400
   0.0029133400    0.0019620900   -0.0000027600
   0.0031857200    0.0053937800   -0.0001571800
  -0.0024588000    0.0091047900    0.0007331500
  -0.0113878700   -0.0000596300    0.0011254700
  -0.0013910000   -0.0104569800    0.0007472100
   0.0023945000   -0.0062013300   -0.0001541000
   0.0026030400   -0.0022030800   -0.0000037200
   0.0031482300   -0.0009675400   -0.0000097400

95   
 -0.0234443241590582  -0.0000000000000033  -0.0187180037590817
   0.0029458500   -0.0002678000   -0.0000112600
   0.0033439100    0.0009216400   -0.0000114500
   0.0051195000    0.0024480300    0.0000228100
   0.0089644100    0.0063758000   -0.0004790200
   0.0117129700    0.0127115900    0.0052584600
  -0.0516507600    0.0002242900   -0.0040412100
   0.0117706900   -0.0120715500    0.0053558900
   0.0083797000   -0.0056542600   -0.0004676600
   0.0047556900   -0.0022382800    0.0000199000
   0.0048124200   -0.0012245400   -0.0000039000
   0.0036501800   -0.0001505500   -0.0000066700
   0.0042964600    0.0006211200   -0.0000029800
   0.0083522200    0.0033171900   -0.0003848400
   0.0225270000    0.0229368400    0.0056230900
  -0.4661923000   -0.1650556200   -0.0885908800
  -0.4246336000    0.1333041800   -0.0990198000
   0.0215997400   -0.0230542200    0.0052331900
   0.0072543300   -0.0038017800   -0.0003524700
   0.0045062700    0.0005449900   -0.0000087500
   0.0039496200    0.0002150800   -0.0000110000
   0.0035460700   -0.0002259400   -0.0000106400
   0.0047725700   -0.0003685300   -0.0000044300
   0.0088801400   -0.0046510800   -0.0000923600
   0.0047110300   -0.0336202300   -0.0042243500
  -0.1877285100   -0.0055774900   -0.0943226200
   0.0056894200    0.0321151200   -0.0040547700
   0.0076876800    0.0038134800   -0.0001046400
   0.0026160700    0.0040059100   -0.0000275600
   0.0028519200    0.0014936100   -0.0000117900
   0.0021161700   -0.0001579100   -0.0000064100
   0.0021129500   -0.0006196500   -0.0000124900
   0.0040781900   -0.0028437900   -0.0000303800
   0.0014727800   -0.0106932300   -0.0000874100
  -0.0142041600   -0.0132998800    0.0057045700
  -0.0141804300    0.0145805800    0.0051710400
   0.0006748500    0.0097094200   -0.0001049700
   0.0004255800    0.0033999500   -0.0000092200
   0.0010645900    0.0020800800   -0.0000118100
   0.0011626700    0.0009006000   -0.0000059200
   0.0011559500   -0.0002202100   -0.0000058100
   0.0004570600   -0.0045121100   -0.0000027100
  -0.0018446900   -0.0054949300   -0.0004088600
  -0.0018283200    0.0001389600   -0.0004809000
  -0.0020996900    0.0049458300   -0.0003393500
  -0.0001732400    0.0023591700   -0.0000050300
   0.0004366300    0.0019541100   -0.0000109200
  -0.0000123800    0.0011612000   -0.0000064900
   0.0004961600   -0.0001114700   -0.0000058000
  -0.0000775000   -0.0014788900   -0.0000063700
   0.0002969100   -0.0024707800   -0.0000107200
  -0.0005830000   -0.0025631900    0.0000009400
  -0.0001083600   -0.0012567900    0.0000245200
  -0.0004991500    0.0012484900    0.0000208400
   0.0009528400    0.0010409200   -0.0000112500
  -0.0000407200    0.0016040300   -0.0000067500
  -0.0001106600    0.0017820100   -0.0000109100
  -0.0010439100    0.0011643700   -0.0000117700
  -0.0012971900   -0.0006404600   -0.0000115500
  -0.0001011300   -0.0012406200   -0.0000110400
   0.0006134600   -0.0018660900   -0.0000058500
   0.0005067000   -0.0007662200   -0.0000118100
   0.0005988400    0.0002148600   -0.0000144100
   0.0013876300    0.0012048600   -0.0000045000
   0.0014247800    0.0016633200   -0.0000112900
   0.0007384400    0.0028493800   -0.0000045700
  -0.0013081700    0.0020614200   -0.0000088500
  -0.0037334100    0.0001113100   -0.0000277800
  -0.0017839200   -0.0024243900   -0.0000076200
   0.0007290200   -0.0027384300   -0.0000032000
   0.0014399100   -0.0015202200   -0.0000114500
   0.0012114900   -0.0004266000   -0.0000044200
   0.0021436600    0.0003290800   -0.0000045100
   0.0022838300    0.0012501300   -0.0000143300
   0.0037443900    0.0027558100    0.0000209200
   0.0013930700    0.0042642700   -0.0003477900
  -0.0075508800    0.0039120100   -0.0001032800
  -0.0085821200   -0.0036191200   -0.0001031200
   0.0010674500   -0.0037482400   -0.0003667400
   0.0035018800   -0.0029592400    0.0000209700
   0.0022586500   -0.0008693800   -0.0000141100
  -0.0026347900   -0.0006100800    0.0000103200
  -0.0039080000   -0.0006702900    0.0000039900
  -0.0064367600   -0.0027869900    0.0001582000
  -0.0099880300   -0.0126889100   -0.0011472400
   0.0092157100   -0.0592071200    0.0202465400
   0.0082011300    0.0599397600    0.0199665600
  -0.0091786300    0.0115045100   -0.0011117200
  -0.0059184500    0.0029655200    0.0001536900
  -0.0044616100    0.0011807900    0.0000048200
  -0.0041842000    0.0003571200    0.0000108300
  -0.0035176800    0.0000891000    0.0000110100
  -0.0062900800    0.0000671300    0.0000645800
  -0.0165377000    0.0001184100   -0.0007963300
  -0.1104586600   -0.0063933100    0.0212216500
   1.2938783900    0.0357731100    0.1541965000
  -0.1056285300    0.0072163700    0.0192577700
  -0.0147750100    0.0006271200   -0.0007121300
  -0.0060946200    0.0004868900    0.0000600800
  -0.0046421300   -0.0013471400    0.0000051700
  -0.0037727000   -0.0004424900    0.0000103200
  -0.0038293300    0.0007869700    0.0000049900
  -0.0071312300    0.0035348600    0.0001467700
  -0.0096588000    0.0122205800   -0.0010923000
   0.0094586200    0.0736897000    0.0209628200
   0.0077316300   -0.0733936800    0.0192326900
  -0.0092931800   -0.0117767200   -0.0010952000
  -0.0056966900   -0.0037814200    0.0001531200
  -0.0026636500   -0.0025935500    0.0000042200
  -0.0031378000   -0.0006903600    0.0000096700
  -0.0023068500    0.0005471300    0.0000091000
  -0.0037162100   -0.0001418500    0.0000123600
  -0.0034313400    0.0051642900    0.0001430300
   0.0019837800    0.0101059100   -0.0007898500
   0.0112074800   -0.0006344400   -0.0011391500
   0.0016530900   -0.0106903900   -0.0006923900
  -0.0027573500   -0.0054278600    0.0001513200
  -0.0013429400   -0.0016067500    0.0000052000
  -0.0011328600   -0.0009895200    0.0000096900
  -0.0018087200   -0.0002644100    0.0000051600
   0.0006215700    0.0001958400    0.0000085300
  -0.0012986500    0.0030808700    0.0000063000
   0.0002074000    0.0035291700    0.0000658500
   0.0024619200    0.0018076700    0.0001586700
   0.0030590300   -0.0008723300    0.0001554200
   0.0000783200   -0.0031519200    0.0000578400
  -0.0006694000   -0.0027083400    0.0000110500
  -0.0002445400   -0.0017222700    0.0000102400
  -0.0003462800   -0.0007819900    0.0000096200
  -0.0004289100    0.0011007000    0.0000096500
  -0.0003506900    0.0015886100    0.0000101100
   0.0000501500    0.0023266100    0.0000103900
   0.0004599400    0.0013507100    0.0000032600
   0.0007290800   -0.0001122800    0.0000027600
   0.0007796700   -0.0022222000    0.0000044600
  -0.0004641900   -0.0020619000    0.0000102900
  -0.0006465500   -0.0019723600    0.0000110700
   0.0005477500   -0.0019721000    0.0000049600
   0.0008847400   -0.0004118300    0.0000042900
   0.0003073900    0.0022695000    0.0000049300
  -0.0000455800    0.0027034600    0.0000098400
  -0.0002351700    0.0012000200    0.0000104000
  -0.0003947900    0.0003702200    0.0000099400
  -0.0000784300   -0.0005154700    0.0000096700
  -0.0017409400   -0.0012150200    0.0000097400
  -0.0008399200   -0.0025813300    0.0000044100
   0.0004271600   -0.0031401300    0.0000593300
   0.0020993800   -0.0026421300    0.0001523700
   0.0034869900    0.0021808900    0.0001549500
   0.0001528000    0.0043353400    0.0000644500
  -0.0015743100    0.0025789700    0.0000045600
  -0.0004496700    0.0008736300    0.0000097700
  -0.0017489900    0.0004392400    0.0000047200
  -0.0032089900   -0.0006901000    0.0000097900
  -0.0029625900   -0.0027026100    0.0000027400
  -0.0020720500   -0.0055961200    0.0001563400
   0.0013344300   -0.0097795600   -0.0007276100
   0.0122122300    0.0001768900   -0.0011254700
   0.0021685500    0.0093375400   -0.0007515700
  -0.0031004000    0.0052139400    0.0001550100
  -0.0033537800    0.0024799800    0.0000037600
  -0.0020832200    0.0002428600    0.0000096900

95   
 -0.0149999999993716   0.0259807621138959   0.0000000000000000
   0.0020385800   -0.0001636700    0.0000000000
   0.0014333200    0.0005521400    0.0000000000
   0.0010262000    0.0013838400    0.0000000000
  -0.0014212300    0.0023406800    0.0000000000
  -0.0243079100    0.0069930200    0.0000000000
  -0.0322235900   -0.0266652900    0.0000000000
   0.0394694000   -0.0087615000    0.0000000000
   0.0121290100   -0.0050082700    0.0000000000
   0.0049285000   -0.0014365200    0.0000000000
   0.0030994200    0.0004713300    0.0000000000
   0.0022182400    0.0006375800    0.0000000000
   0.0025068400    0.0016624500    0.0000000000
   0.0049163800    0.0055515300    0.0000000000
   0.0059534800    0.0239404300    0.0000000000
  -0.1154109500    0.2108835100    0.0000000000
  -0.4075512400    0.3797324200    0.0000000000
   0.0212223700   -0.0047122700    0.0000000000
   0.0045729100    0.0012842900    0.0000000000
   0.0008517500    0.0029973600    0.0000000000
   0.0022085800    0.0013409800    0.0000000000
   0.0027650000    0.0010021700    0.0000000000
   0.0046794100    0.0025994800    0.0000000000
   0.0125169900    0.0058080200    0.0000000000
   0.0406816800    0.0163873800    0.0000000000
  -0.1139030700    0.6355958100    0.0000000000
  -0.0328753800    0.0567799100    0.0000000000
  -0.0016979500    0.0109896000    0.0000000000
  -0.0024504900    0.0043622500    0.0000000000
   0.0003681700    0.0018596600    0.0000000000
   0.0012974300    0.0003343700    0.0000000000
   0.0029630100    0.0006009500    0.0000000000
   0.0072618500    0.0000498200    0.0000000000
   0.0114599000   -0.0068304200    0.0000000000
  -0.0113617700   -0.0393960500    0.0000000000
  -0.0063619300   -0.0196359800    0.0000000000
  -0.0089260900    0.0063803500    0.0000000000
  -0.0032456800   -0.0003345800    0.0000000000
  -0.0015604100    0.0004608500    0.0000000000
  -0.0000281200    0.0000255900    0.0000000000
   0.0013104100   -0.0003140200    0.0000000000
   0.0039805400   -0.0063942300    0.0000000000
   0.0015978100   -0.0117427500    0.0000000000
  -0.0009069600   -0.0136282700    0.0000000000
  -0.0035841600   -0.0044279900    0.0000000000
  -0.0021350800   -0.0025212400    0.0000000000
  -0.0018683200   -0.0013027000    0.0000000000
  -0.0014925800   -0.0012998500    0.0000000000
   0.0004429600   -0.0020970000    0.0000000000
   0.0005202900   -0.0031842200    0.0000000000
   0.0019720300   -0.0040639600    0.0000000000
   0.0015057200   -0.0054983500    0.0000000000
   0.0009678400   -0.0071354200    0.0000000000
  -0.0011022800   -0.0054754200    0.0000000000
  -0.0005448900   -0.0030290600    0.0000000000
  -0.0023759900   -0.0021134000    0.0000000000
  -0.0022678600   -0.0018181800    0.0000000000
  -0.0017135300   -0.0024211400    0.0000000000
  -0.0000644100   -0.0038511900    0.0000000000
   0.0021096700   -0.0037823100    0.0000000000
   0.0025633200   -0.0042564200    0.0000000000
   0.0015639000   -0.0039350300    0.0000000000
   0.0003915400   -0.0038592000    0.0000000000
   0.0000724600   -0.0015637200    0.0000000000
  -0.0012660500   -0.0015260900    0.0000000000
  -0.0030406600   -0.0010727700    0.0000000000
  -0.0040832000   -0.0032272600    0.0000000000
  -0.0024155000   -0.0054165000    0.0000000000
   0.0022034400   -0.0063426300    0.0000000000
   0.0040450700   -0.0051144700    0.0000000000
   0.0029864300   -0.0035326400    0.0000000000
   0.0012881800   -0.0027748700    0.0000000000
   0.0011102700   -0.0010245400    0.0000000000
  -0.0003883200   -0.0007077200    0.0000000000
  -0.0014170400   -0.0004816500    0.0000000000
  -0.0073953000   -0.0009925400    0.0000000000
  -0.0101318500   -0.0067747400    0.0000000000
   0.0000993600   -0.0117386100    0.0000000000
   0.0090965100   -0.0061057100    0.0000000000
   0.0062438200   -0.0040964000    0.0000000000
   0.0026873000   -0.0018330900    0.0000000000
  -0.0012992200   -0.0011798300    0.0000000000
  -0.0011145900   -0.0013526400    0.0000000000
   0.0000722300   -0.0040523300    0.0000000000
   0.0070573500   -0.0131652300    0.0000000000
   0.0867543100    0.0380229800    0.0000000000
  -0.0748696700    0.1113754300    0.0000000000
  -0.0192107300    0.0018274300    0.0000000000
  -0.0076618500   -0.0006168800    0.0000000000
  -0.0041155200   -0.0001432400    0.0000000000
  -0.0026872200   -0.0007578900    0.0000000000
  -0.0019407700   -0.0010838300    0.0000000000
  -0.0038168500   -0.0025954800    0.0000000000
  -0.0105460400   -0.0082243700    0.0000000000
  -0.0759485900   -0.0567694300    0.0000000000
   0.7766856700   -1.4643375600    0.0000000000
  -0.0612461100   -0.0470843500    0.0000000000
  -0.0089356700   -0.0079104600    0.0000000000
  -0.0038482300   -0.0021226900    0.0000000000
  -0.0021540400   -0.0019789900    0.0000000000
  -0.0025162500   -0.0010730600    0.0000000000
  -0.0033397800   -0.0007410900    0.0000000000
  -0.0080816700   -0.0001195100    0.0000000000
  -0.0204063900    0.0023595700    0.0000000000
  -0.0636286900    0.1276783900    0.0000000000
   0.0708525300    0.0278998900    0.0000000000
   0.0075994300   -0.0126619200    0.0000000000
  -0.0000780600   -0.0049696500    0.0000000000
   0.0009959400   -0.0013758600    0.0000000000
  -0.0015048400   -0.0000603400    0.0000000000
  -0.0021304300    0.0006582500    0.0000000000
  -0.0056340000   -0.0007112300    0.0000000000
  -0.0090275200    0.0051516700    0.0000000000
  -0.0100260000    0.0180745500    0.0000000000
   0.0069839900    0.0174983900    0.0000000000
   0.0114861600    0.0035864500    0.0000000000
   0.0043802500   -0.0022929600    0.0000000000
   0.0020760900    0.0015540300    0.0000000000
   0.0008336500    0.0011993100    0.0000000000
  -0.0013952500    0.0012615400    0.0000000000
   0.0011811100    0.0006815700    0.0000000000
  -0.0028512700    0.0058010900    0.0000000000
  -0.0043836600    0.0073422200    0.0000000000
  -0.0013240000    0.0091448200    0.0000000000
   0.0044133700    0.0073482500    0.0000000000
   0.0040234700    0.0026436300    0.0000000000
   0.0018725100    0.0012274600    0.0000000000
   0.0018386200    0.0017195200    0.0000000000
   0.0005067100    0.0024591600    0.0000000000
  -0.0007977100    0.0040786600    0.0000000000
  -0.0019068300    0.0039143700    0.0000000000
  -0.0021578500    0.0046195700    0.0000000000
  -0.0016505500    0.0049506500    0.0000000000
   0.0003571000    0.0046832600    0.0000000000
   0.0024982600    0.0023956900    0.0000000000
   0.0016352000    0.0013302800    0.0000000000
   0.0018714200    0.0020068200    0.0000000000
   0.0021149500    0.0028236100    0.0000000000
   0.0005229700    0.0045967300    0.0000000000
  -0.0016067100    0.0059097400    0.0000000000
  -0.0022954800    0.0052051500    0.0000000000
  -0.0019111100    0.0033890400    0.0000000000
  -0.0009601100    0.0030746700    0.0000000000
   0.0008392000    0.0026225200    0.0000000000
   0.0002786300    0.0009589400    0.0000000000
   0.0024580000    0.0006410600    0.0000000000
   0.0044317300    0.0027482200    0.0000000000
   0.0028605500    0.0059705400    0.0000000000
   0.0004811600    0.0091832100    0.0000000000
  -0.0040048300    0.0075943800    0.0000000000
  -0.0039266600    0.0038616800    0.0000000000
  -0.0012887500    0.0021042100    0.0000000000
  -0.0011537000    0.0020868200    0.0000000000
  -0.0014433200   -0.0000576700    0.0000000000
   0.0007838800   -0.0014470500    0.0000000000
   0.0045045900   -0.0021500700    0.0000000000
   0.0119909000    0.0044747700    0.0000000000
   0.0078113400    0.0182493400    0.0000000000
  -0.0098507300    0.0165055500    0.0000000000
  -0.0076137600    0.0045201300    0.0000000000
  -0.0047810600    0.0020147200    0.0000000000
  -0.0017886900    0.0004198000    0.0000000000

95   
  0.0149999999993716  -0.0259807621138959   0.0000000000000000
  -0.0036186000    0.0008513900    0.0000000000
  -0.0022286900   -0.0001220700    0.0000000000
  -0.0011026100   -0.0015884700    0.0000000000
   0.0015513800   -0.0022104800    0.0000000000
   0.0245675900   -0.0070010100    0.0000000000
   0.0355661300    0.0263197400    0.0000000000
  -0.0394942800    0.0099715300    0.0000000000
  -0.0129817500    0.0064859300    0.0000000000
  -0.0056426600    0.0019677300    0.0000000000
  -0.0029311500   -0.0011688300    0.0000000000
  -0.0028161100   -0.0010519400    0.0000000000
  -0.0033256800   -0.0023097000    0.0000000000
  -0.0044757800   -0.0063654300    0.0000000000
  -0.0067194700   -0.0249899400    0.0000000000
   0.1253361300   -0.2054408000    0.0000000000
   0.5074707400   -0.4247319300    0.0000000000
  -0.0215651200    0.0046805500    0.0000000000
  -0.0060380400   -0.0014400900    0.0000000000
  -0.0018219200   -0.0033469100    0.0000000000
  -0.0017814700   -0.0013236300    0.0000000000
  -0.0029748000   -0.0013936400    0.0000000000
  -0.0049036600   -0.0018694600    0.0000000000
  -0.0123730300   -0.0059169800    0.0000000000
  -0.0405229200   -0.0137493200    0.0000000000
   0.1245683300   -0.5298980700    0.0000000000
   0.0331938000   -0.0581377700    0.0000000000
   0.0007587100   -0.0119242900    0.0000000000
   0.0019814100   -0.0039116700    0.0000000000
  -0.0002886900   -0.0013981700    0.0000000000
  -0.0023577700   -0.0009220600    0.0000000000
  -0.0034581200   -0.0003447300    0.0000000000
  -0.0068438800    0.0004042200    0.0000000000
  -0.0099459400    0.0065233300    0.0000000000
   0.0108796000    0.0393829800    0.0000000000
   0.0065107400    0.0198832500    0.0000000000
   0.0089679300   -0.0073755200    0.0000000000
   0.0030463400   -0.0015062200    0.0000000000
   0.0010022500   -0.0009060800    0.0000000000
  -0.0005391900   -0.0000012200    0.0000000000
  -0.0013241000   -0.0003573900    0.0000000000
  -0.0040213000    0.0058172100    0.0000000000
  -0.0009880500    0.0115886600    0.0000000000
   0.0014615600    0.0129394800    0.0000000000
   0.0036836500    0.0026869100    0.0000000000
   0.0019803400    0.0015120800    0.0000000000
   0.0018914600    0.0005640400    0.0000000000
   0.0006680200    0.0010743900    0.0000000000
  -0.0000454600    0.0018335400    0.0000000000
   0.0000347700    0.0033050700    0.0000000000
  -0.0024257000    0.0041701700    0.0000000000
  -0.0020558600    0.0052768400    0.0000000000
  -0.0000414500    0.0067802100    0.0000000000
   0.0011501700    0.0047524900    0.0000000000
   0.0013589700    0.0021170400    0.0000000000
   0.0013613200    0.0012637600    0.0000000000
   0.0022126100    0.0019079600    0.0000000000
   0.0015195000    0.0033362900    0.0000000000
  -0.0002999200    0.0044123900    0.0000000000
  -0.0019766200    0.0052281300    0.0000000000
  -0.0022365600    0.0048017100    0.0000000000
  -0.0014634200    0.0049231600    0.0000000000
  -0.0001418600    0.0039485500    0.0000000000
  -0.0004230900    0.0025293600    0.0000000000
   0.0011859000    0.0013117400    0.0000000000
   0.0032807400    0.0021281500    0.0000000000
   0.0047505500    0.0032837200    0.0000000000
   0.0025383400    0.0058181000    0.0000000000
  -0.0023627700    0.0059435600    0.0000000000
  -0.0037908000    0.0045864400    0.0000000000
  -0.0030195000    0.0039976500    0.0000000000
  -0.0019596300    0.0030419600    0.0000000000
  -0.0021761600    0.0015640400    0.0000000000
  -0.0008730800    0.0003123300    0.0000000000
   0.0025184000    0.0000991700    0.0000000000
   0.0080170300    0.0013725300    0.0000000000
   0.0117491800    0.0074718600    0.0000000000
  -0.0002143500    0.0119456400    0.0000000000
  -0.0092566100    0.0070957300    0.0000000000
  -0.0056942300    0.0041972000    0.0000000000
  -0.0039829600    0.0028470000    0.0000000000
   0.0031386800    0.0000636000    0.0000000000
   0.0016178900    0.0019100800    0.0000000000
  -0.0002500000    0.0045935500    0.0000000000
  -0.0080179100    0.0124113900    0.0000000000
  -0.0874666400   -0.0363483400    0.0000000000
   0.0778832000   -0.1191929800    0.0000000000
   0.0196274800   -0.0033045400    0.0000000000
   0.0082706500    0.0004338100    0.0000000000
   0.0034637500    0.0007403800    0.0000000000
   0.0027750000    0.0016462000    0.0000000000
   0.0032860800    0.0013246400    0.0000000000
   0.0039154100    0.0026475700    0.0000000000
   0.0098159400    0.0083275400    0.0000000000
   0.0763183100    0.0559644900    0.0000000000
  -0.8959636000    1.3982900900    0.0000000000
   0.0609724800    0.0488200100    0.0000000000
   0.0104354100    0.0085319800    0.0000000000
   0.0042891200    0.0031460000    0.0000000000
   0.0013988400    0.0015563500    0.0000000000
   0.0023037200    0.0004609300    0.0000000000
   0.0035394400    0.0003323400    0.0000000000
   0.0081331200   -0.0003243000    0.0000000000
   0.0205398000   -0.0033977100    0.0000000000
   0.0596493300   -0.1214630200    0.0000000000
  -0.0707007900   -0.0278737100    0.0000000000
  -0.0072172800    0.0134092800    0.0000000000
   0.0013867900    0.0047329700    0.0000000000
  -0.0000309800    0.0010102100    0.0000000000
   0.0008046800    0.0002666500    0.0000000000
   0.0029057300   -0.0003108200    0.0000000000
   0.0057491800    0.0005981400    0.0000000000
   0.0083931900   -0.0048741400    0.0000000000
   0.0102095100   -0.0176954800    0.0000000000
  -0.0076948100   -0.0176000800    0.0000000000
  -0.0115559600   -0.0041392100    0.0000000000
  -0.0041966700    0.0016057200    0.0000000000
  -0.0021704500    0.0005218200    0.0000000000
   0.0001592900   -0.0003631500    0.0000000000
   0.0010828200   -0.0010072300    0.0000000000
  -0.0013049600   -0.0006573900    0.0000000000
   0.0030502100   -0.0058201500    0.0000000000
   0.0045392400   -0.0070961500    0.0000000000
   0.0002855200   -0.0081850700    0.0000000000
  -0.0040864700   -0.0052209400    0.0000000000
  -0.0040873400   -0.0013577700    0.0000000000
  -0.0025074200   -0.0021328700    0.0000000000
  -0.0012045600   -0.0016047400    0.0000000000
  -0.0003568000   -0.0026151900    0.0000000000
   0.0004133600   -0.0040171600    0.0000000000
   0.0019903300   -0.0046378200    0.0000000000
   0.0025238100   -0.0046515700    0.0000000000
   0.0013897900   -0.0050712700    0.0000000000
  -0.0009012700   -0.0045028600    0.0000000000
  -0.0018285400   -0.0034114800    0.0000000000
  -0.0015088800   -0.0018472200    0.0000000000
  -0.0025178600   -0.0014100600    0.0000000000
  -0.0019695800   -0.0032348200    0.0000000000
  -0.0007850600   -0.0056814500    0.0000000000
   0.0011166300   -0.0052995100    0.0000000000
   0.0026534900   -0.0046709600    0.0000000000
   0.0022226000   -0.0045598100    0.0000000000
   0.0007957500   -0.0034621300    0.0000000000
  -0.0002464700   -0.0021260700    0.0000000000
  -0.0007862700   -0.0005915900    0.0000000000
  -0.0017286100   -0.0002651200    0.0000000000
  -0.0039801600   -0.0015740100    0.0000000000
  -0.0047691000   -0.0066902800    0.0000000000
   0.0002761000   -0.0097158200    0.0000000000
   0.0038679100   -0.0067515900    0.0000000000
   0.0030931900   -0.0043703000    0.0000000000
   0.0032715700   -0.0029975000    0.0000000000
   0.0005676300   -0.0010742000    0.0000000000
   0.0003515700    0.0000596900    0.0000000000
  -0.0006532200    0.0008170800    0.0000000000
  -0.0031612500    0.0022342000    0.0000000000
  -0.0130644200   -0.0045885300    0.0000000000
  -0.0074746300   -0.0178059400    0.0000000000
   0.0105587400   -0.0179790900    0.0000000000
   0.0069292900   -0.0055696500    0.0000000000
   0.0040689400   -0.0017447300    0.0000000000
   0.0029187300   -0.0011223300    0.0000000000

99   
  0.0234443241590582   0.0000000000000033   0.0187180037590817
   0.0073539100    0.0035990400    0.0001065200
  -0.0011507000    0.0039951800    0.0003341400
  -0.0028202100    0.0027302200   -0.0000208400
  -0.0025177100    0.0016127500    0.0000144700
  -0.0019883200    0.0004230500    0.0000045600
  -0.0025155000   -0.0011513300    0.0000138600
  -0.0030206100   -0.0023929300   -0.0000188700
  -0.0014831700   -0.0035682500    0.0003578700
   0.0079754700   -0.0034610700    0.0001063500
   0.0517632700   -0.0004464700    0.0039594800
  -0.0106264800    0.0115946400   -0.0051298800
  -0.0086298600    0.0056136400    0.0004837900
  -0.0046544600    0.0021813900   -0.0000255100
  -0.0034706300    0.0005408000    0.0000112300
  -0.0039254900   -0.0008591400    0.0000113600
  -0.0045291700   -0.0026570800   -0.0000187200
  -0.0089234000   -0.0064589900    0.0004554800
  -0.0124056300   -0.0128733300   -0.0052547800
   0.4325956400    0.1377809700    0.0988365600
   0.4611950900   -0.1624959300    0.0885415100
  -0.0237368200    0.0230343500   -0.0058993500
  -0.0078336300    0.0040919200    0.0004187400
  -0.0045922100    0.0008806000    0.0000060900
  -0.0042513200    0.0002066600    0.0000054800
  -0.0044871100   -0.0009823000    0.0000045300
  -0.0076407400   -0.0042237900    0.0003495400
  -0.0223079600   -0.0236299000   -0.0051615800
  -0.0051366800    0.0332679600    0.0039889700
   0.1876156300   -0.0050723800    0.0942878400
  -0.0063037300   -0.0341404000    0.0044602400
  -0.0105663400   -0.0032075500    0.0000845700
  -0.0044182700    0.0002348900   -0.0000063700
  -0.0032795100   -0.0001178700    0.0000124500
  -0.0038893000    0.0004883200    0.0000110700
  -0.0048523300    0.0010669700    0.0000087200
  -0.0079372700    0.0040807300    0.0001064300
  -0.0006481000    0.0092147500    0.0001074200
   0.0140236800    0.0140971700   -0.0050630000
   0.0135074700   -0.0132991200   -0.0059250700
  -0.0009221700   -0.0109697400    0.0000868700
  -0.0023111200   -0.0001537200    0.0000100300
  -0.0023552300    0.0003368700    0.0000066900
  -0.0025315700    0.0010860800    0.0000117900
  -0.0027024100    0.0029827800    0.0000275900
  -0.0005401300    0.0037921800    0.0000099700
   0.0022268300    0.0054601200    0.0003295800
   0.0017529700    0.0004738400    0.0004849600
   0.0026574600   -0.0050480100    0.0004228800
  -0.0003261800   -0.0047233600   -0.0000063600
  -0.0002327700   -0.0025942200    0.0000100200
  -0.0018001100   -0.0007709500    0.0000058600
  -0.0009978800    0.0005325100    0.0000060400
  -0.0012781300    0.0019151900    0.0000118800
   0.0000442100    0.0018369500    0.0000108300
  -0.0003282800    0.0024357700    0.0000054400
   0.0005883200    0.0016984700   -0.0000208900
   0.0005857600   -0.0006639100   -0.0000257800
  -0.0000428600   -0.0027467200    0.0000056900
  -0.0002336500   -0.0020359900    0.0000125000
   0.0000063000   -0.0013356800    0.0000067100
  -0.0002517900    0.0004314700    0.0000060500
  -0.0002541700    0.0012748400    0.0000066000
  -0.0000218800    0.0021389700    0.0000108500
  -0.0003885800    0.0018831400    0.0000069500
  -0.0003131000    0.0020314700    0.0000112100
  -0.0000947900    0.0001772300    0.0000145300
  -0.0004851700   -0.0012177600    0.0000112500
  -0.0005218800   -0.0024708400    0.0000055600
   0.0002503100   -0.0022792200    0.0000110900
   0.0009613600   -0.0006879700    0.0000118100
   0.0006093800    0.0007442300    0.0000118800
   0.0011629500    0.0021329800    0.0000098500
  -0.0010642200    0.0020103700    0.0000051100
  -0.0006976700    0.0015628600    0.0000112200
  -0.0011132500    0.0009589500    0.0000044900
  -0.0008755200   -0.0001616500    0.0000045700
  -0.0017223300   -0.0017614000    0.0000113900
  -0.0006814200   -0.0020368100    0.0000038400
   0.0019441000   -0.0021961100    0.0000084300
   0.0030325100    0.0003343000    0.0000275400
  -0.0011092600   -0.0096026300    0.0007080300
   0.0026292300   -0.0050430200   -0.0001559600
   0.0026202100   -0.0021612600   -0.0000018400
   0.0018254400   -0.0012901200   -0.0000097500
   0.0029731500    0.0009063100   -0.0000096300
   0.0027698500    0.0022410800   -0.0000043500
   0.0028490000    0.0050710900   -0.0001525700
  -0.0015359800    0.0098183900    0.0007527300
  -0.0120830100    0.0004091000    0.0011363600
  -0.0091087700   -0.0575644800   -0.0199577300
   0.0096775600   -0.0116606700    0.0011537600
   0.0060403100   -0.0031440600   -0.0001627500
   0.0034633600   -0.0009032500   -0.0000035100
   0.0036271100    0.0002620000   -0.0000103100
   0.0039344300    0.0013446300   -0.0000050200
   0.0057160000    0.0033700400   -0.0001520900
   0.0101433700    0.0126213800    0.0010891300
  -0.0082116100    0.0606207600   -0.0200218400
  -1.2983627400    0.0266782200   -0.1539701800
   0.1119467300   -0.0074566000   -0.0213649700
   0.0171461500   -0.0002377500    0.0008136800
   0.0057812000   -0.0003731300   -0.0000645100
   0.0044330700   -0.0005571600   -0.0000127400
   0.0047278900   -0.0004408800   -0.0000094100
   0.0057759300   -0.0001594300   -0.0000622400
   0.0156496900    0.0004601300    0.0007190300
   0.1063838600    0.0064605800   -0.0193640400
  -0.0080772000   -0.0734389400   -0.0190202400
  -0.0088608900    0.0739746800   -0.0210585800
   0.0108322100    0.0128615900    0.0009954600
   0.0081206400   -0.0005059200   -0.0001330800
   0.0040189300    0.0007963600   -0.0000016000
   0.0040156900   -0.0001061600   -0.0000101800
   0.0038991900   -0.0013759000   -0.0000050000
   0.0062129500   -0.0040436400   -0.0001542900
   0.0091897400   -0.0124541200    0.0011024000
  -0.0018124800   -0.0094097500    0.0006772600
  -0.0109668800   -0.0002278000    0.0011513200
  -0.0016002200    0.0096955400    0.0008150100
   0.0026980200    0.0066343800   -0.0001350200
  -0.0009888800    0.0001157100   -0.0000165600
   0.0030869700    0.0001034500   -0.0000080300
   0.0024090300   -0.0003643300   -0.0000096100
   0.0032629300   -0.0013746000   -0.0000041700
   0.0026893400   -0.0044287500   -0.0001507600
  -0.0004922100   -0.0042471900   -0.0000566900
  -0.0026366800   -0.0019222500   -0.0001558100
  -0.0030494100    0.0012398400   -0.0001633300
  -0.0007490300    0.0038720500   -0.0000654300
   0.0011120300    0.0026224300   -0.0000014200
   0.0014266900    0.0019651300   -0.0000080000
   0.0014650600   -0.0000368300   -0.0000051100
   0.0013013200   -0.0012336600   -0.0000096100
   0.0015649500   -0.0031224100   -0.0000053400
   0.0003405500   -0.0024817900   -0.0000110700
  -0.0008521900   -0.0014258200   -0.0000045700
  -0.0010423400   -0.0003823200   -0.0000018400
  -0.0008249400    0.0010918600   -0.0000034800
  -0.0000783200    0.0028364600   -0.0000126200
   0.0006705200    0.0023451800   -0.0000102400
   0.0006034200    0.0003927600   -0.0000096000
   0.0003534600   -0.0007992000   -0.0000096600
   0.0008152300   -0.0014604500   -0.0000101100
  -0.0000286000   -0.0019889000   -0.0000110700
   0.0007735000   -0.0016009700   -0.0000101700
   0.0005070200   -0.0002112300   -0.0000097400
  -0.0006401800    0.0002163100   -0.0000097900
   0.0008449300    0.0016209000   -0.0000103700
   0.0002161800    0.0029386500   -0.0000093600
  -0.0008971000    0.0017397900   -0.0000046400
   0.0000060900   -0.0002707400   -0.0000039600
  -0.0008011900   -0.0011171300   -0.0000051200
  -0.0008792400   -0.0034824700   -0.0000580200
   0.0010659400   -0.0029869700   -0.0000044600
   0.0019770400   -0.0014347000   -0.0000097600
   0.0008696400   -0.0003361200   -0.0000047000
   0.0018518900    0.0014916100   -0.0000097600
   0.0015567400    0.0023449500   -0.0000049000
  -0.0005577300    0.0034280900   -0.0000644800
  -0.0033790600    0.0025947600   -0.0001569200
  -0.0024668900   -0.0023963800   -0.0001523100

99   
 -0.0234443241590582  -0.0000000000000033  -0.0187180037590817
  -0.0088945800   -0.0028245100   -0.0001089500
   0.0004203000   -0.0034741300   -0.0003414200
   0.0028873900   -0.0028052100    0.0000213100
   0.0030692900   -0.0011861400   -0.0000145500
   0.0033276900    0.0003580500   -0.0000045700
   0.0033818500    0.0016825900   -0.0000138300
   0.0035808700    0.0037018700    0.0000184000
   0.0009210800    0.0049535800   -0.0003509100
  -0.0085209100    0.0040399500   -0.0001040400
  -0.0514905700    0.0000098600   -0.0039555900
   0.0100265400   -0.0118563000    0.0051806400
   0.0077821600   -0.0061926300   -0.0004865700
   0.0052934600   -0.0029358100    0.0000257600
   0.0039611700   -0.0009726400   -0.0000111600
   0.0036634100    0.0003116100   -0.0000114200
   0.0059185200    0.0023738600    0.0000185400
   0.0090796100    0.0064083200   -0.0004529700
   0.0111729300    0.0128302600    0.0052067900
  -0.4839635200   -0.1749355500   -0.0877832800
  -0.4116071500    0.1273351300   -0.0990516900
   0.0234691900   -0.0232366400    0.0057602200
   0.0076390400   -0.0034581100   -0.0004091900
   0.0048052800   -0.0013781900   -0.0000069400
   0.0039025600   -0.0001551500   -0.0000054600
   0.0051265100    0.0006381200   -0.0000037700
   0.0085200400    0.0031884800   -0.0003591700
   0.0217025200    0.0229165300    0.0052996800
   0.0034982300   -0.0337592500   -0.0039203600
  -0.1873267800   -0.0058300500   -0.0943661600
   0.0065891100    0.0325467300   -0.0045159700
   0.0101866500    0.0031831000   -0.0000888800
   0.0048838300    0.0000259300    0.0000061200
   0.0045353000   -0.0005204600   -0.0000124700
   0.0036822700   -0.0001120100   -0.0000110400
   0.0050795600   -0.0005444700   -0.0000085500
   0.0079458600   -0.0051192000   -0.0001037500
   0.0002924400   -0.0110083700   -0.0001078900
  -0.0145780000   -0.0136787900    0.0052532200
  -0.0140025900    0.0143073200    0.0057414300
   0.0011291900    0.0103173500   -0.0000866400
   0.0022352500   -0.0004930100   -0.0000099900
   0.0029270300   -0.0004184100   -0.0000066900
   0.0030420800   -0.0015285600   -0.0000118000
   0.0027686700   -0.0046513000   -0.0000274000
   0.0003549000   -0.0046894200   -0.0000093900
  -0.0022296300   -0.0059980300   -0.0003462300
  -0.0025697500   -0.0003446900   -0.0004861000
  -0.0022185600    0.0049680300   -0.0004055200
   0.0009063100    0.0048641500    0.0000060900
  -0.0001996800    0.0026680800   -0.0000099900
   0.0012392200    0.0005700900   -0.0000058700
   0.0019086700   -0.0007860600   -0.0000060500
   0.0013071200   -0.0025240300   -0.0000118800
   0.0007787800   -0.0026391400   -0.0000108700
  -0.0006831000   -0.0031411200   -0.0000041100
  -0.0006519100   -0.0014114600    0.0000213200
  -0.0008062400    0.0017669500    0.0000255600
  -0.0003448400    0.0033851000   -0.0000073100
   0.0003744600    0.0035031100   -0.0000124200
   0.0003386500    0.0018950600   -0.0000066800
   0.0003662900    0.0006093600   -0.0000060400
   0.0005153900   -0.0010967400   -0.0000066000
  -0.0002879900   -0.0010773500   -0.0000108700
   0.0003559400   -0.0019668700   -0.0000070500
   0.0005857700   -0.0008049800   -0.0000113200
   0.0007191400    0.0000749100   -0.0000145200
   0.0004674300    0.0017380000   -0.0000111400
   0.0003101800    0.0020909600   -0.0000054000
   0.0000370700    0.0017606700   -0.0000110300
  -0.0009461100    0.0011836400   -0.0000118000
  -0.0012397700   -0.0004114100   -0.0000118800
  -0.0021718400   -0.0015131000   -0.0000095100
  -0.0001137000   -0.0022903400   -0.0000044600
   0.0019347400   -0.0017712100   -0.0000112600
   0.0018573600   -0.0003327000   -0.0000044900
   0.0021969400    0.0011424400   -0.0000045500
   0.0012294100    0.0019298900   -0.0000113400
   0.0006133600    0.0029999000   -0.0000044500
  -0.0012758000    0.0022927700   -0.0000088300
  -0.0042503500    0.0007295800   -0.0000274800
   0.0028934200    0.0083956800   -0.0007142900
  -0.0022050200    0.0055315800    0.0001566800
  -0.0030363800    0.0026315500    0.0000018600
  -0.0033732600    0.0001570700    0.0000097100
  -0.0023482200   -0.0002531200    0.0000097400
  -0.0033569700   -0.0024817800    0.0000043400
  -0.0028334700   -0.0064781900    0.0001516700
   0.0019378600   -0.0100618900   -0.0007488700
   0.0113363600    0.0000385000   -0.0011363300
   0.0087508100    0.0577439200    0.0194216000
  -0.0082716200    0.0118111400   -0.0011471400
  -0.0060212800    0.0032630100    0.0001628400
  -0.0046127000    0.0012378600    0.0000037100
  -0.0035291000    0.0005900100    0.0000103000
  -0.0044941400   -0.0003159100    0.0000048400
  -0.0070201100   -0.0027040700    0.0001521000
  -0.0090089300   -0.0121231800   -0.0010938200
   0.0088183400   -0.0603492000    0.0205879900
   1.2990827200    0.0561186000    0.1534272800
  -0.1072824100    0.0073240100    0.0194764800
  -0.0167865000    0.0000539600   -0.0007517500
  -0.0058171000    0.0001531300    0.0000618300
  -0.0042001400    0.0000426500    0.0000128100
  -0.0039090500   -0.0001041100    0.0000094800
  -0.0070063700    0.0000252900    0.0000650800
  -0.0158607600    0.0002321700   -0.0007832900
  -0.1102875900   -0.0063458900    0.0212851300
   0.0098863100    0.0733940900    0.0203455800
   0.0070917200   -0.0735500800    0.0197327600
  -0.0104209400   -0.0123549700   -0.0009341200
  -0.0080881500    0.0004238300    0.0001324400
  -0.0045762500   -0.0003935500    0.0000020600
  -0.0034421600    0.0003089900    0.0000103000
  -0.0046435000    0.0009638000    0.0000045700
  -0.0063260800    0.0034056600    0.0001570900
  -0.0088044700    0.0118158100   -0.0011689500
   0.0018888100    0.0112583300   -0.0007451200
   0.0119351000    0.0005848100   -0.0011513000
   0.0010132700   -0.0096927800   -0.0007499500
  -0.0028620900   -0.0066879400    0.0001307200
   0.0011740700   -0.0000852600    0.0000166500
  -0.0028583600    0.0001156900    0.0000080000
  -0.0033698900    0.0011967700    0.0000097000
  -0.0029319400    0.0033684700    0.0000037600
  -0.0026859200    0.0056152700    0.0001559300
  -0.0001005900    0.0031894700    0.0000610600
   0.0033114700    0.0018148000    0.0001570000
   0.0031478900   -0.0016116100    0.0001624600
   0.0003022900   -0.0038845300    0.0000609000
  -0.0010656600   -0.0033622500    0.0000022500
  -0.0010538800   -0.0020037500    0.0000080200
  -0.0016992900   -0.0001407000    0.0000051100
  -0.0018295300    0.0013167900    0.0000096100
  -0.0008771400    0.0019940500    0.0000046900
  -0.0002181900    0.0018330500    0.0000108600
   0.0002141600    0.0018481300    0.0000043000
   0.0012079500   -0.0002226500    0.0000018500
   0.0005784500   -0.0022946600    0.0000037400
  -0.0004093400   -0.0022572400    0.0000129000
  -0.0003289800   -0.0018198000    0.0000102200
  -0.0003029000   -0.0015944100    0.0000097200
  -0.0005271900    0.0003439600    0.0000095600
  -0.0002325300    0.0018589800    0.0000101700
  -0.0005210900    0.0022428700    0.0000109600
  -0.0000869900    0.0018084500    0.0000103400
  -0.0000621900    0.0011522200    0.0000098800
  -0.0011679800   -0.0011482600    0.0000096700
   0.0000276100   -0.0021664500    0.0000102700
  -0.0003641100   -0.0020499800    0.0000095500
   0.0000184900   -0.0022505900    0.0000049000
   0.0019351800   -0.0006714600    0.0000039700
   0.0001783800    0.0020488500    0.0000049100
  -0.0002764200    0.0033981500    0.0000597400
  -0.0010375200    0.0022305500    0.0000044000
  -0.0007761200    0.0012603000    0.0000098600
  -0.0019484400   -0.0002822700    0.0000047500
  -0.0010470600   -0.0012521200    0.0000096200
  -0.0008614400   -0.0034165600    0.0000049600
  -0.0002450300   -0.0044083000    0.0000629400
   0.0025683800   -0.0023657300    0.0001546900
   0.0035408300    0.0016151800    0.0001544900

100  
  0.0234443241590582   0.0000000000000033   0.0187180037590817
   0.0075792300   -0.0034553100    0.0001072700
   0.0078907000    0.0033443600    0.0001110900
  -0.0003981600    0.0037125300    0.0003238800
  -0.0027203300    0.0030547400   -0.0000210200
  -0.0022057000    0.0017823700    0.0000136900
  -0.0022979700    0.0002132400    0.0000047600
  -0.0027675100   -0.0008991100    0.0000136700
  -0.0036923400   -0.0025045300   -0.0000166700
  -0.0015118200   -0.0040970900    0.0003536600
  -0.0118676100   -0.0133491100   -0.0051354200
   0.0514952000   -0.0004245900    0.0038487600
  -0.0097447700    0.0110787800   -0.0049916300
  -0.0084388200    0.0058634400    0.0004849000
  -0.0048565500    0.0024102800   -0.0000172000
  -0.0039365800    0.0004385700    0.0000107300
  -0.0031802900   -0.0008228600    0.0000111900
  -0.0053326800   -0.0027010800   -0.0000165600
  -0.0099085200   -0.0067001200    0.0004385900
  -0.0230806700   -0.0237309600   -0.0050617200
   0.4438379300    0.1437038900    0.0985053900
   0.4610424800   -0.1642543500    0.0884035800
  -0.0234818400    0.0237430600   -0.0060170900
  -0.0075948500    0.0037629500    0.0003298300
  -0.0050086800    0.0011136400    0.0000089100
  -0.0037385900   -0.0000690700    0.0000059600
  -0.0043982300   -0.0014032000    0.0000048100
  -0.0085474200   -0.0042722600    0.0003436500
  -0.0080354400    0.0049920000    0.0001084000
  -0.0043997100    0.0338787000    0.0039005000
   0.1857621500   -0.0040596000    0.0937130300
  -0.0104280000   -0.0293606900    0.0048270000
  -0.0062955000   -0.0028068400    0.0003040100
  -0.0046071000   -0.0005611700    0.0000026300
  -0.0038801600    0.0002489500    0.0000112300
  -0.0035884800    0.0005105000    0.0000111500
  -0.0048577500    0.0004196900    0.0000092000
  -0.0026947900    0.0029912200    0.0000275400
  -0.0006093500    0.0100363700    0.0001079000
   0.0141559300    0.0152582300   -0.0048793400
   0.0132404100   -0.0101241800   -0.0064776300
  -0.0019813300   -0.0024123800    0.0000326100
  -0.0024216100   -0.0008344400    0.0000095700
  -0.0023273400   -0.0000900600    0.0000069900
  -0.0026263100    0.0004669000    0.0000120100
  -0.0012753800    0.0017706700    0.0000119400
  -0.0003351800    0.0039226000    0.0000110600
   0.0019268800    0.0057540400    0.0003116000
   0.0027981300    0.0010226800    0.0004556800
   0.0009944100   -0.0058819500    0.0003647100
   0.0010703600   -0.0050757700    0.0000308900
  -0.0018244800   -0.0021516800    0.0000115000
  -0.0009997800   -0.0007498500    0.0000060400
  -0.0013629000    0.0003716700    0.0000061100
   0.0000973300    0.0007798700    0.0000067100
  -0.0007923400    0.0018680500    0.0000107000
   0.0002216600    0.0029035400    0.0000055900
   0.0006529600    0.0021514200   -0.0000165500
   0.0001783600   -0.0014206200    0.0000139800
   0.0002603500   -0.0025965800   -0.0000166500
   0.0000621600   -0.0026135300    0.0000086900
  -0.0004292500   -0.0008249200    0.0000068500
  -0.0001355100    0.0000311000    0.0000061700
   0.0008267700    0.0011006900    0.0000120000
   0.0002006700    0.0015529000    0.0000107700
  -0.0001794700    0.0025255100    0.0000070700
  -0.0000952200    0.0015085100    0.0000108100
  -0.0004558800    0.0001371200    0.0000096700
  -0.0006187500   -0.0019348900    0.0000101700
  -0.0003203700   -0.0026761600    0.0000095400
   0.0001013700   -0.0017983200    0.0000110800
   0.0006034400   -0.0007204600    0.0000120200
   0.0031791700    0.0000757400    0.0000277400
   0.0012054200    0.0016465100    0.0000104700
   0.0002348100    0.0020592800    0.0000058900
  -0.0009552100    0.0019727500    0.0000113100
  -0.0008620800    0.0010642900    0.0000051600
  -0.0018344700   -0.0007177300    0.0000051200
  -0.0015728500   -0.0015269700    0.0000110500
  -0.0003536300   -0.0025642500    0.0000030900
   0.0010135900   -0.0017609200    0.0000095200
  -0.0109114800   -0.0002585600    0.0011474700
  -0.0020805000   -0.0085374100    0.0006778300
   0.0021843200   -0.0054259700   -0.0001613900
   0.0021362600   -0.0029870300   -0.0000028900
   0.0029756700   -0.0003488900   -0.0000094300
   0.0024432900    0.0005606900   -0.0000096400
   0.0031830900    0.0018135300   -0.0000048300
   0.0031512400    0.0058687000   -0.0001505300
  -0.0021330100    0.0103697400    0.0007546100
  -0.0084189700    0.0612041900   -0.0201510500
  -0.0081795700   -0.0568564300   -0.0198233900
   0.0089211400   -0.0129018600    0.0012014700
   0.0055197200   -0.0029684500   -0.0001515200
   0.0042115300   -0.0006478400   -0.0000050200
   0.0033654000    0.0004348600   -0.0000102200
   0.0036724800    0.0012430200   -0.0000055200
   0.0071741400    0.0034441900   -0.0001492200
   0.0100260300    0.0131775400    0.0010585300
   0.1066623000    0.0058759000   -0.0194504700
  -1.3100626100    0.0185688000   -0.1529854300
   0.1158745200   -0.0074499300   -0.0213574300
   0.0144533800    0.0000884300    0.0007594900
   0.0064431700   -0.0006248700   -0.0000554900
   0.0047312800   -0.0004208600   -0.0000127900
   0.0037084400   -0.0001810800   -0.0000099700
   0.0064425500    0.0001817000   -0.0000617500
   0.0165198700   -0.0001251200    0.0007243600
   0.0093102700   -0.0123574900    0.0011037800
  -0.0088442000   -0.0734433600   -0.0185236500
  -0.0076675500    0.0730021000   -0.0211907100
   0.0124932600    0.0015952800    0.0005764500
   0.0061243000    0.0031577400   -0.0001216700
   0.0045794000    0.0009512000   -0.0000047600
   0.0032971100   -0.0003152500   -0.0000100700
   0.0041471100   -0.0015074100   -0.0000047600
   0.0062578900   -0.0041544300   -0.0001559000
   0.0024540100   -0.0040616600   -0.0001496800
  -0.0015887900   -0.0103198600    0.0006731600
  -0.0116550500   -0.0024832400    0.0011409200
   0.0018088000    0.0072512500    0.0008763800
  -0.0028293600    0.0026289200   -0.0000324600
   0.0032667400    0.0015189600   -0.0000196500
   0.0023723600    0.0009172900   -0.0000072300
   0.0028989900    0.0002861800   -0.0000100300
   0.0029330000   -0.0017781700   -0.0000037700
   0.0008027200   -0.0030672600   -0.0000054100
   0.0000233300   -0.0037476700   -0.0000576600
  -0.0029719700   -0.0022008300   -0.0001515000
  -0.0032672800    0.0023150400   -0.0001203800
  -0.0003448600    0.0036403400   -0.0001105600
   0.0012061800    0.0036122700   -0.0000103100
   0.0015037300    0.0012627600   -0.0000076200
   0.0012813100    0.0000759100   -0.0000049100
   0.0018160100   -0.0018351000   -0.0000096000
   0.0005052700   -0.0019720000   -0.0000101400
  -0.0001209300   -0.0019315300   -0.0000104500
  -0.0005291900   -0.0019118800   -0.0000047100
  -0.0013624500   -0.0003871300   -0.0000076400
  -0.0008763700    0.0022819300   -0.0000049200
   0.0004574700    0.0029452800   -0.0000031000
   0.0008007400    0.0015956800   -0.0000101000
   0.0003823300    0.0006202200   -0.0000099600
   0.0006709200   -0.0003718000   -0.0000096200
  -0.0008437400   -0.0014287500   -0.0000057300
   0.0005176000   -0.0020183600   -0.0000118000
   0.0006077400   -0.0012239000   -0.0000102100
  -0.0006548800   -0.0010514700   -0.0000090800
   0.0007045500    0.0005835400   -0.0000090400
   0.0004183100    0.0025189500   -0.0000101900
  -0.0000736900    0.0023301500   -0.0000123900
   0.0005478100    0.0015702300   -0.0000044800
  -0.0013117600    0.0006768800   -0.0000039400
  -0.0036814000   -0.0019530600   -0.0001506400
  -0.0004058500   -0.0038220100   -0.0000535400
   0.0016263100   -0.0027680600   -0.0000040400
   0.0008533800   -0.0016357200   -0.0000096300
   0.0018414500    0.0001875400   -0.0000047900
   0.0018557700    0.0009833300   -0.0000096700
   0.0008851200    0.0025369100   -0.0000050000
  -0.0005332600    0.0041449900   -0.0000628700
  -0.0024687300    0.0021637400   -0.0001577600

100  
 -0.0234443241590582  -0.0000000000000033  -0.0187180037590817
  -0.0090155600    0.0042292800   -0.0001049600
  -0.0086188100   -0.0028013900   -0.0001137000
   0.0004727100   -0.0037685300   -0.0003313000
   0.0032407600   -0.0026197700    0.0000215000
   0.0035150000   -0.0010013900   -0.0000137300
   0.0031351200    0.0003137400   -0.0000047700
   0.0032982500    0.0021977300   -0.0000136400
   0.0031367300    0.0038721700    0.0000161800
   0.0009625500    0.0046517100   -0.0003466800
   0.0122062500    0.0127735200    0.0050853800
  -0.0519807100    0.0002759800   -0.0038435300
   0.0089581300   -0.0115670900    0.0050471000
   0.0089666800   -0.0065705800   -0.0004876500
   0.0052989600   -0.0028313200    0.0000173900
   0.0036465000   -0.0009888400   -0.0000106400
   0.0045265500    0.0005256600   -0.0000112800
   0.0053906900    0.0026030200    0.0000163700
   0.0087463600    0.0065946000   -0.0004358200
   0.0223264700    0.0236446400    0.0051987900
  -0.4950821600   -0.1813647400   -0.0871280600
  -0.4115136900    0.1286380800   -0.0990273200
   0.0231757100   -0.0228718600    0.0058786400
   0.0077697900   -0.0042573700   -0.0003211100
   0.0046505000   -0.0010722900   -0.0000097300
   0.0043661700   -0.0002744300   -0.0000059800
   0.0052413600    0.0003577200   -0.0000041000
   0.0078973400    0.0033115400   -0.0003535300
   0.0075596400   -0.0047419800   -0.0001056500
   0.0033207300   -0.0343505100   -0.0038295500
  -0.1865459900   -0.0074604000   -0.0938484300
   0.0112719200    0.0286629900   -0.0048591700
   0.0069107700    0.0028328000   -0.0002989500
   0.0058940000   -0.0001274400   -0.0000026600
   0.0036853900    0.0001236200   -0.0000112800
   0.0038325000    0.0000486000   -0.0000111500
   0.0049656400   -0.0012523300   -0.0000090100
   0.0024733500   -0.0047950900   -0.0000273700
  -0.0000937100   -0.0104819800   -0.0001088100
  -0.0147194200   -0.0144449900    0.0050668500
  -0.0131449900    0.0105678800    0.0062979400
   0.0019501900    0.0017203700   -0.0000326500
   0.0030244500    0.0007371900   -0.0000097500
   0.0028675000   -0.0003423600   -0.0000069300
   0.0027522400   -0.0020991600   -0.0000120200
   0.0011251800   -0.0026910600   -0.0000119900
   0.0003267400   -0.0045754100   -0.0000104800
  -0.0027931800   -0.0058212000   -0.0003277600
  -0.0024178000   -0.0010040500   -0.0004587900
  -0.0004438100    0.0061547900   -0.0003619200
  -0.0014959900    0.0051768000   -0.0000310200
   0.0012920100    0.0019556700   -0.0000114800
   0.0019374800    0.0004983000   -0.0000060600
   0.0014229500   -0.0009793400   -0.0000060900
   0.0007445200   -0.0015930700   -0.0000067100
  -0.0002136300   -0.0026085600   -0.0000107500
  -0.0003036400   -0.0026838700   -0.0000043800
  -0.0009083700   -0.0010778400    0.0000170300
  -0.0005929000    0.0021259800   -0.0000119400
  -0.0001215300    0.0041058900    0.0000151700
   0.0002938700    0.0031903700   -0.0000086200
   0.0005646000    0.0018699900   -0.0000068200
   0.0004186400    0.0001459400   -0.0000061700
  -0.0011191500   -0.0000410400   -0.0000120200
  -0.0002276600   -0.0016477000   -0.0000108300
   0.0004442400   -0.0013212300   -0.0000071800
   0.0006985800   -0.0012798200   -0.0000109200
   0.0004157100    0.0003917100   -0.0000098200
   0.0003945000    0.0015779200   -0.0000101700
   0.0006099600    0.0021707400   -0.0000093600
  -0.0000717200    0.0022986600   -0.0000110500
  -0.0012125100    0.0010538400   -0.0000120200
  -0.0041581200    0.0005491800   -0.0000277000
  -0.0023753600   -0.0019231800   -0.0000101500
   0.0009973600   -0.0022692500   -0.0000052600
   0.0016810900   -0.0013541300   -0.0000113300
   0.0021606900   -0.0000878100   -0.0000051400
   0.0013217900    0.0008895600   -0.0000051000
   0.0014977200    0.0024910500   -0.0000110000
   0.0010284500    0.0026584000   -0.0000037500
  -0.0022057800    0.0028195800   -0.0000099300
   0.0126546100   -0.0010080800   -0.0011473800
   0.0024808900    0.0089944600   -0.0006850500
  -0.0025771800    0.0058570100    0.0001621700
  -0.0036537200    0.0018454200    0.0000029300
  -0.0023223300    0.0010041000    0.0000094400
  -0.0030012400   -0.0007910200    0.0000096800
  -0.0031448700   -0.0031815800    0.0000048000
  -0.0027630700   -0.0060829700    0.0001495100
   0.0013290100   -0.0098593300   -0.0007510000
   0.0086833400   -0.0610443500    0.0207337500
   0.0090875100    0.0563923600    0.0192871900
  -0.0088247900    0.0128868000   -0.0011944500
  -0.0066003800    0.0033000300    0.0001517000
  -0.0040813100    0.0015075100    0.0000051800
  -0.0038945700    0.0005933600    0.0000102400
  -0.0049154000   -0.0005703500    0.0000053100
  -0.0059722500   -0.0028190300    0.0001491300
  -0.0098639800   -0.0122928800   -0.0010623400
  -0.1125621200   -0.0059728200    0.0213955100
   1.3121292400    0.0646753800    0.1522389300
  -0.1107426700    0.0075392900    0.0194819700
  -0.0142936100   -0.0001663300   -0.0007041300
  -0.0061861800    0.0001482400    0.0000527500
  -0.0039020600   -0.0001206900    0.0000127700
  -0.0049101500    0.0000217400    0.0000099400
  -0.0064690700    0.0003910400    0.0000646200
  -0.0156035000   -0.0000025400   -0.0007906100
  -0.0081279900    0.0120992500   -0.0011706300
   0.0089223200    0.0740156100    0.0198264100
   0.0073010000   -0.0725450600    0.0198792100
  -0.0128496900   -0.0016144900   -0.0005417800
  -0.0067407600   -0.0027078700    0.0001235500
  -0.0040218100   -0.0007341500    0.0000050400
  -0.0040528900   -0.0001093800    0.0000100700
  -0.0042979500    0.0008161600    0.0000043000
  -0.0061532800    0.0034350900    0.0001590400
  -0.0024946300    0.0060697000    0.0001548800
   0.0027436600    0.0109729300   -0.0007388600
   0.0112992000    0.0022979100   -0.0011445000
  -0.0020710900   -0.0076178700   -0.0008045500
   0.0030255300   -0.0025539200    0.0000360700
  -0.0030813300   -0.0012875800    0.0000185400
  -0.0033617200   -0.0000853800    0.0000073800
  -0.0026056600    0.0017014300    0.0000101100
  -0.0030152300    0.0029747500    0.0000033000
  -0.0014296500    0.0020564700    0.0000047800
   0.0006610700    0.0037301700    0.0000616500
   0.0031823800    0.0018665800    0.0001528700
   0.0028691600   -0.0024124000    0.0001243100
   0.0003684800   -0.0044336400    0.0001044500
  -0.0008565300   -0.0036734600    0.0000103900
  -0.0017653800   -0.0014446100    0.0000077200
  -0.0018378900    0.0000073100    0.0000049200
  -0.0011639400    0.0007161100    0.0000095700
  -0.0004000100    0.0013377500    0.0000102100
  -0.0005177800    0.0023830400    0.0000103900
   0.0007281000    0.0013377200    0.0000043900
   0.0011640800   -0.0008283700    0.0000071900
   0.0003983300   -0.0017355900    0.0000049100
  -0.0001267300   -0.0024383700    0.0000037100
  -0.0005206600   -0.0028057300    0.0000101000
  -0.0005783900   -0.0010769800    0.0000100700
  -0.0001114000    0.0007729700    0.0000095300
   0.0002808600    0.0016801400    0.0000054900
   0.0001672700    0.0022310900    0.0000116100
  -0.0001488700    0.0021759400    0.0000103500
  -0.0011251800    0.0001241700    0.0000092500
   0.0001881000   -0.0011364200    0.0000089500
  -0.0005634200   -0.0016366100    0.0000102100
  -0.0008150500   -0.0028413100    0.0000124300
   0.0013722800   -0.0025114500    0.0000047500
   0.0006666300    0.0002523400    0.0000039400
   0.0025109200    0.0018507400    0.0001528300
   0.0004293200    0.0030542800    0.0000552200
  -0.0004128900    0.0025874800    0.0000039800
  -0.0019102700    0.0010183900    0.0000097800
  -0.0010131100    0.0000546000    0.0000047500
  -0.0011458800   -0.0020476800    0.0000096100
  -0.0016899300   -0.0035065100    0.0000050200
  -0.0002907900   -0.0039003100    0.0000613900
   0.0035020900   -0.0029425500    0.0001554000

100  
 -0.0149999999993716   0.0259807621138959   0.0000000000000000
  -0.0108280400   -0.0065351300    0.0000000000
   0.0002224100   -0.0104810800    0.0000000000
   0.0085043300   -0.0058765800    0.0000000000
   0.0060859600   -0.0035360500    0.0000000000
   0.0039563700   -0.0017903300    0.0000000000
   0.0020507600   -0.0009959000    0.0000000000
   0.0005188800    0.0001034600    0.0000000000
  -0.0022625700    0.0003589500    0.0000000000
  -0.0080468900   -0.0009218000    0.0000000000
  -0.0249732000    0.0063444200    0.0000000000
  -0.0299188700   -0.0260602000    0.0000000000
   0.0359749900   -0.0078789800    0.0000000000
   0.0131066900   -0.0058194200    0.0000000000
   0.0054129400   -0.0018296000    0.0000000000
   0.0025439000   -0.0007140900    0.0000000000
   0.0024252600    0.0001892000    0.0000000000
   0.0011197000    0.0014442200    0.0000000000
  -0.0021137200    0.0021807900    0.0000000000
   0.0057165400    0.0245532100    0.0000000000
  -0.1136224800    0.2116583100    0.0000000000
  -0.3926121400    0.3700829600    0.0000000000
   0.0247316300   -0.0058331700    0.0000000000
   0.0046472600    0.0009050100    0.0000000000
   0.0023936600    0.0009713100    0.0000000000
   0.0025434500    0.0006702000    0.0000000000
   0.0032128500    0.0014224700    0.0000000000
   0.0043828800    0.0056091900    0.0000000000
   0.0106817100    0.0056399800    0.0000000000
   0.0369305000    0.0139028700    0.0000000000
  -0.1157991400    0.6137707100    0.0000000000
  -0.0308107500    0.0503822800    0.0000000000
  -0.0044160600    0.0102328800    0.0000000000
   0.0011883300    0.0030131300    0.0000000000
   0.0013515700    0.0014798500    0.0000000000
   0.0026005500    0.0013333000    0.0000000000
   0.0047397700    0.0017434900    0.0000000000
   0.0051471900   -0.0016617500    0.0000000000
   0.0083839000   -0.0062599000    0.0000000000
  -0.0131729500   -0.0364015800    0.0000000000
  -0.0080362900   -0.0299203400    0.0000000000
  -0.0022127200    0.0038626700    0.0000000000
   0.0001300600    0.0015456900    0.0000000000
   0.0015820300    0.0001904900    0.0000000000
   0.0029848800   -0.0008261800    0.0000000000
   0.0025891600   -0.0025738900    0.0000000000
   0.0033615200   -0.0048689300    0.0000000000
   0.0000168300   -0.0100764500    0.0000000000
  -0.0014078400   -0.0122176100    0.0000000000
  -0.0008898200   -0.0035359700    0.0000000000
  -0.0026643800    0.0009822300    0.0000000000
  -0.0014806400    0.0000859900    0.0000000000
   0.0005173300   -0.0005253700    0.0000000000
   0.0014244500   -0.0014006800    0.0000000000
   0.0018485600   -0.0030306800    0.0000000000
   0.0016808000   -0.0039588200    0.0000000000
   0.0016832300   -0.0050683200    0.0000000000
   0.0003040300   -0.0059499100    0.0000000000
  -0.0009980200   -0.0049726100    0.0000000000
  -0.0019022000   -0.0015507900    0.0000000000
  -0.0015632300   -0.0006467800    0.0000000000
  -0.0009996600   -0.0007201800    0.0000000000
   0.0002511300   -0.0018254100    0.0000000000
   0.0002511800   -0.0029805800    0.0000000000
   0.0019560200   -0.0038217900    0.0000000000
   0.0024216800   -0.0033400200    0.0000000000
   0.0018469200   -0.0040239200    0.0000000000
   0.0003342800   -0.0036054800    0.0000000000
  -0.0010068400   -0.0029744600    0.0000000000
  -0.0016888900   -0.0019879900    0.0000000000
  -0.0021625300   -0.0016017600    0.0000000000
  -0.0018411800   -0.0025583300    0.0000000000
  -0.0025691200   -0.0047955600    0.0000000000
   0.0015977800   -0.0055247700    0.0000000000
   0.0043337900   -0.0043278700    0.0000000000
   0.0032970400   -0.0031014300    0.0000000000
   0.0022970400   -0.0022807700    0.0000000000
   0.0000309200   -0.0020153500    0.0000000000
  -0.0012384200   -0.0010194500    0.0000000000
  -0.0028041100   -0.0015575800    0.0000000000
  -0.0048423900   -0.0026286500    0.0000000000
   0.0077692200    0.0164082700    0.0000000000
  -0.0096769200    0.0158096200    0.0000000000
  -0.0072031900    0.0049918800    0.0000000000
  -0.0051202600    0.0011358700    0.0000000000
  -0.0020147300    0.0010178900    0.0000000000
  -0.0011780100   -0.0001697500    0.0000000000
   0.0007423900   -0.0018099400    0.0000000000
   0.0040603800   -0.0022784300    0.0000000000
   0.0119510500    0.0052306800    0.0000000000
   0.0867872500    0.0397723300    0.0000000000
  -0.0740843900    0.1061509900    0.0000000000
  -0.0190926900    0.0037087400    0.0000000000
  -0.0083476300   -0.0006427000    0.0000000000
  -0.0035762300   -0.0001506700    0.0000000000
  -0.0023617900   -0.0001080600    0.0000000000
  -0.0019441000   -0.0012445800    0.0000000000
   0.0007840300   -0.0040795600    0.0000000000
   0.0078708600   -0.0125074000    0.0000000000
  -0.0786141800   -0.0561692700    0.0000000000
   0.7555257200   -1.4314742300    0.0000000000
  -0.0673349600   -0.0424407300    0.0000000000
  -0.0089110900   -0.0091313400    0.0000000000
  -0.0034302400   -0.0030389500    0.0000000000
  -0.0019610500   -0.0014477000    0.0000000000
  -0.0030113600   -0.0011678300    0.0000000000
  -0.0038064200   -0.0022437300    0.0000000000
  -0.0096357000   -0.0083404600    0.0000000000
  -0.0176845100    0.0022717000    0.0000000000
  -0.0574252900    0.1228105000    0.0000000000
   0.0733985000    0.0364984500    0.0000000000
   0.0095917000   -0.0052944800    0.0000000000
  -0.0000100900   -0.0040214300    0.0000000000
  -0.0008513500   -0.0015384300    0.0000000000
  -0.0023191400   -0.0007571700    0.0000000000
  -0.0034297700   -0.0006345300    0.0000000000
  -0.0068721000   -0.0004440000    0.0000000000
  -0.0070877800    0.0052239200    0.0000000000
  -0.0073068000    0.0169223700    0.0000000000
   0.0088703600    0.0188599100    0.0000000000
   0.0038351600    0.0133887700    0.0000000000
   0.0017547400   -0.0042213600    0.0000000000
   0.0012816600   -0.0010294800    0.0000000000
  -0.0011318600    0.0004683200    0.0000000000
  -0.0019636600    0.0018161400    0.0000000000
  -0.0041249900    0.0023738100    0.0000000000
  -0.0036754600    0.0030814400    0.0000000000
  -0.0030789900    0.0063176400    0.0000000000
  -0.0001840700    0.0077634500    0.0000000000
   0.0031937000    0.0055838300    0.0000000000
   0.0037739100    0.0018576600    0.0000000000
   0.0017850000    0.0006054200    0.0000000000
   0.0003899300    0.0008664300    0.0000000000
  -0.0010652400    0.0016890700    0.0000000000
  -0.0018342400    0.0018515300    0.0000000000
  -0.0019702200    0.0033268500    0.0000000000
  -0.0027070700    0.0044308200    0.0000000000
  -0.0013547800    0.0043907200    0.0000000000
   0.0003752900    0.0037929500    0.0000000000
   0.0018032000    0.0034672200    0.0000000000
   0.0022841400    0.0019643600    0.0000000000
   0.0016019000    0.0010984400    0.0000000000
   0.0003797600    0.0022203200    0.0000000000
  -0.0005781000    0.0034120100    0.0000000000
  -0.0016240600    0.0050035600    0.0000000000
  -0.0020837100    0.0043792300    0.0000000000
  -0.0018742200    0.0040810100    0.0000000000
  -0.0018708500    0.0026431200    0.0000000000
   0.0008760800    0.0021683500    0.0000000000
   0.0014818800    0.0021328900    0.0000000000
   0.0017205200    0.0014656400    0.0000000000
   0.0029560800    0.0024782300    0.0000000000
   0.0002847900    0.0050653100    0.0000000000
  -0.0005944500    0.0084352700    0.0000000000
  -0.0037445000    0.0060369400    0.0000000000
  -0.0028374500    0.0036200400    0.0000000000
  -0.0028289600    0.0020554100    0.0000000000
  -0.0005131700    0.0016652100    0.0000000000
   0.0008537200    0.0002907000    0.0000000000
   0.0016822200    0.0000075000    0.0000000000
   0.0037415500    0.0023178300    0.0000000000
   0.0040956000    0.0057106400    0.0000000000

100  
  0.0149999999993716  -0.0259807621138959   0.0000000000000000
   0.0096551200    0.0069799800    0.0000000000
  -0.0005029500    0.0110107200    0.0000000000
  -0.0084062800    0.0058213800    0.0000000000
  -0.0055889100    0.0039849900    0.0000000000
  -0.0026956400    0.0025479900    0.0000000000
  -0.0013017800    0.0014591900    0.0000000000
  -0.0001398500    0.0010821300    0.0000000000
   0.0014729700    0.0008204300    0.0000000000
   0.0073048500    0.0012012500    0.0000000000
   0.0240926000   -0.0078514900    0.0000000000
   0.0319100500    0.0247796100    0.0000000000
  -0.0371060100    0.0071311300    0.0000000000
  -0.0126380000    0.0052041900    0.0000000000
  -0.0050304000    0.0014337100    0.0000000000
  -0.0029232400    0.0001562400    0.0000000000
  -0.0012167200   -0.0005284000    0.0000000000
  -0.0013289700   -0.0016606200    0.0000000000
   0.0003202500   -0.0026402400    0.0000000000
  -0.0078512700   -0.0254957100    0.0000000000
   0.1255049900   -0.2047940900    0.0000000000
   0.4879762500   -0.4128526400    0.0000000000
  -0.0251825300    0.0066226400    0.0000000000
  -0.0045827300   -0.0013495300    0.0000000000
  -0.0028633400   -0.0008897000    0.0000000000
  -0.0020268200   -0.0009955600    0.0000000000
  -0.0025199700   -0.0024530300    0.0000000000
  -0.0053456100   -0.0066002700    0.0000000000
  -0.0111023700   -0.0047396800    0.0000000000
  -0.0363032000   -0.0108782700    0.0000000000
   0.1251232100   -0.5120600600    0.0000000000
   0.0297761000   -0.0503453600    0.0000000000
   0.0045948700   -0.0098689800    0.0000000000
  -0.0000721900   -0.0036073000    0.0000000000
  -0.0016512300   -0.0010657300    0.0000000000
  -0.0024412900   -0.0007183100    0.0000000000
  -0.0047063000   -0.0024209500    0.0000000000
  -0.0052681800    0.0000822500    0.0000000000
  -0.0086529200    0.0061586400    0.0000000000
   0.0123672800    0.0361626000    0.0000000000
   0.0080335500    0.0289907900    0.0000000000
   0.0020269500   -0.0044846600    0.0000000000
   0.0003612300   -0.0016086400    0.0000000000
  -0.0011032800   -0.0005852900    0.0000000000
  -0.0028707200   -0.0007139700    0.0000000000
  -0.0026898000    0.0017130700    0.0000000000
  -0.0032477300    0.0042644700    0.0000000000
  -0.0007885800    0.0098554500    0.0000000000
   0.0018333200    0.0117318700    0.0000000000
   0.0013476100    0.0034604100    0.0000000000
   0.0022013200   -0.0010297800    0.0000000000
   0.0008528200   -0.0003409900    0.0000000000
   0.0003712700    0.0002571200    0.0000000000
  -0.0013684700    0.0008145700    0.0000000000
  -0.0009699500    0.0022122100    0.0000000000
  -0.0026290700    0.0032146100    0.0000000000
  -0.0017049400    0.0052280400    0.0000000000
  -0.0005250000    0.0068298500    0.0000000000
   0.0005547400    0.0054001400    0.0000000000
   0.0019723500    0.0028632100    0.0000000000
   0.0018651200    0.0010918800    0.0000000000
   0.0010988800    0.0016906300    0.0000000000
   0.0000396500    0.0019671000    0.0000000000
  -0.0004790500    0.0039931700    0.0000000000
  -0.0019281700    0.0037052500    0.0000000000
  -0.0021209300    0.0045079200    0.0000000000
  -0.0012308800    0.0041648000    0.0000000000
  -0.0003992400    0.0039793400    0.0000000000
   0.0007220300    0.0024441600    0.0000000000
   0.0019078600    0.0013286500    0.0000000000
   0.0021568200    0.0019709600    0.0000000000
   0.0012606700    0.0027976700    0.0000000000
   0.0017482000    0.0053082400    0.0000000000
  -0.0026559700    0.0052226500    0.0000000000
  -0.0030652300    0.0041001300    0.0000000000
  -0.0025742300    0.0036831100    0.0000000000
  -0.0010358300    0.0031778500    0.0000000000
  -0.0006204300    0.0020664100    0.0000000000
   0.0010544000    0.0018345600    0.0000000000
   0.0033872500    0.0014811100    0.0000000000
   0.0036665300    0.0035108700    0.0000000000
  -0.0065145300   -0.0173457600    0.0000000000
   0.0099992400   -0.0156668300    0.0000000000
   0.0068133100   -0.0046292900    0.0000000000
   0.0036362200   -0.0022940900    0.0000000000
   0.0027320700   -0.0003462500    0.0000000000
   0.0007341000   -0.0000095800    0.0000000000
  -0.0005165500    0.0005594200    0.0000000000
  -0.0034289500    0.0023716100    0.0000000000
  -0.0126913700   -0.0041286600    0.0000000000
  -0.0881691800   -0.0378434800    0.0000000000
   0.0788748600   -0.1134568200    0.0000000000
   0.0193253500   -0.0037631500    0.0000000000
   0.0073227800    0.0009125200    0.0000000000
   0.0037806100    0.0009776600    0.0000000000
   0.0019413600    0.0011280400    0.0000000000
   0.0008853200    0.0019186400    0.0000000000
   0.0008057500    0.0047514400    0.0000000000
  -0.0069114000    0.0139039300    0.0000000000
   0.0779164700    0.0540296700    0.0000000000
  -0.8730900500    1.3645062700    0.0000000000
   0.0685338700    0.0432583800    0.0000000000
   0.0090625100    0.0088054700    0.0000000000
   0.0037969400    0.0024843000    0.0000000000
   0.0028979000    0.0008696900    0.0000000000
   0.0019372400    0.0009630000    0.0000000000
   0.0039993200    0.0027031200    0.0000000000
   0.0112172500    0.0078232700    0.0000000000
   0.0184636100   -0.0031753300    0.0000000000
   0.0519294300   -0.1160806400    0.0000000000
  -0.0712269200   -0.0360797400    0.0000000000
  -0.0091163500    0.0050830800    0.0000000000
  -0.0003663700    0.0044220900    0.0000000000
   0.0015363900    0.0017257100    0.0000000000
   0.0016579200    0.0002948500    0.0000000000
   0.0033640100   -0.0001509600    0.0000000000
   0.0070268500   -0.0005296700    0.0000000000
   0.0068475800   -0.0033342300    0.0000000000
   0.0079075000   -0.0159873500    0.0000000000
  -0.0092162900   -0.0183315200    0.0000000000
  -0.0038648700   -0.0131906000    0.0000000000
  -0.0016111800    0.0042611400    0.0000000000
  -0.0009361700    0.0012653900    0.0000000000
   0.0002348700    0.0003657700    0.0000000000
   0.0023008800    0.0001398600    0.0000000000
   0.0040222000   -0.0012594000    0.0000000000
   0.0029666700   -0.0041049500    0.0000000000
   0.0036068100   -0.0062634900    0.0000000000
   0.0002566100   -0.0078590100    0.0000000000
  -0.0035438100   -0.0053436800    0.0000000000
  -0.0036223100   -0.0024393400    0.0000000000
  -0.0013435700   -0.0005169400    0.0000000000
  -0.0005767300   -0.0009825000    0.0000000000
   0.0005389400   -0.0015791100    0.0000000000
   0.0024697600   -0.0029754700    0.0000000000
   0.0020274900   -0.0039429400    0.0000000000
   0.0020002700   -0.0039417800    0.0000000000
   0.0014830800   -0.0048637900    0.0000000000
  -0.0005902200   -0.0048245100    0.0000000000
  -0.0022173400   -0.0027236500    0.0000000000
  -0.0018716800   -0.0012973800    0.0000000000
  -0.0012620100   -0.0021776700    0.0000000000
  -0.0005590900   -0.0025927000    0.0000000000
   0.0011169300   -0.0029701500    0.0000000000
   0.0009980700   -0.0047204200    0.0000000000
   0.0027224600   -0.0041475100    0.0000000000
   0.0023014800   -0.0030843000    0.0000000000
   0.0000873500   -0.0034774200    0.0000000000
   0.0000601000   -0.0025863400    0.0000000000
  -0.0015510400   -0.0010946400    0.0000000000
  -0.0025444400   -0.0018104400    0.0000000000
  -0.0010266900   -0.0032613300    0.0000000000
  -0.0009800700   -0.0040391100    0.0000000000
  -0.0007393000   -0.0084897100    0.0000000000
   0.0037103400   -0.0068333100    0.0000000000
   0.0040338800   -0.0038040200    0.0000000000
   0.0017880000   -0.0026396400    0.0000000000
   0.0013947500   -0.0013496400    0.0000000000
  -0.0000484600   -0.0012367200    0.0000000000
  -0.0023742600   -0.0007950500    0.0000000000
  -0.0045071100   -0.0018219800    0.0000000000
  -0.0031533000   -0.0062524000    0.0000000000

101  
  0.0234443241590582   0.0000000000000033   0.0187180037590817
  -0.0023034000   -0.0043671600    0.0003427500
   0.0079441900   -0.0040930600    0.0001028900
   0.0087018200    0.0026665200    0.0001160100
  -0.0000473500    0.0036330000    0.0003148300
  -0.0021187200    0.0028937700   -0.0000146700
  -0.0023040100    0.0012707400    0.0000121200
  -0.0024535400    0.0002047600    0.0000046100
  -0.0034966600   -0.0012437500    0.0000127700
  -0.0040279200   -0.0032676600   -0.0000136500
  -0.0100024400   -0.0074104800    0.0004114500
  -0.0135442600   -0.0137437100   -0.0048922400
   0.0533068000   -0.0017007100    0.0036555100
  -0.0097941300    0.0109934100   -0.0047916000
  -0.0079442300    0.0057503400    0.0003920900
  -0.0049261100    0.0020149300   -0.0000102900
  -0.0029618200    0.0002925000    0.0000103500
  -0.0038749400   -0.0009700900    0.0000107400
  -0.0063295600   -0.0029900700   -0.0000143500
  -0.0090362200   -0.0039944100    0.0003425500
  -0.0245752400   -0.0243599200   -0.0050020900
   0.4406213600    0.1439275800    0.0975358700
   0.4833728000   -0.1762127100    0.0889381400
  -0.0199255500    0.0229667600   -0.0050107500
  -0.0073666400    0.0035593500    0.0003206300
  -0.0041243500    0.0007175800    0.0000034600
  -0.0034659100   -0.0005298400    0.0000066800
  -0.0051827300   -0.0013842100    0.0000039700
  -0.0048774900    0.0014198300    0.0000082500
  -0.0073140900    0.0061112000    0.0001104600
  -0.0042193700    0.0358576200    0.0034413700
   0.1610502100    0.0085237400    0.0887623300
   0.0091751500   -0.0326869000    0.0001944600
  -0.0060654000   -0.0050686800    0.0001448200
  -0.0047578400   -0.0001957000    0.0000124600
  -0.0034080900    0.0003338100    0.0000107200
  -0.0034678000   -0.0000634300    0.0000107100
  -0.0024361900    0.0006439200    0.0000116300
  -0.0021278900    0.0043853200    0.0000268500
   0.0010149600    0.0126763300    0.0001049200
   0.0147410400    0.0225109400   -0.0042083500
  -0.0015559100   -0.0023010500    0.0000713700
  -0.0026577900   -0.0020529000    0.0000751600
  -0.0024701600   -0.0009494900    0.0000000800
  -0.0023475000   -0.0005817800    0.0000075500
  -0.0012358700    0.0002989000    0.0000058800
  -0.0007260600    0.0019934100    0.0000115900
   0.0000785100    0.0041644400    0.0000095900
   0.0037193100    0.0047248700    0.0002355900
  -0.0020511800   -0.0031615300   -0.0005912800
   0.0051585900   -0.0097079300   -0.0000033100
  -0.0022261800   -0.0036088600    0.0000352800
  -0.0012366000   -0.0019117800    0.0000125300
  -0.0013971100   -0.0008060100    0.0000061300
   0.0002385600   -0.0004953500    0.0000059700
  -0.0005689700    0.0007294900    0.0000064800
   0.0000753100    0.0021321900    0.0000102500
   0.0006356600    0.0027323900    0.0000068100
   0.0000063900    0.0003374700    0.0001325300
   0.0005257200   -0.0022409700   -0.0000142100
   0.0005294500   -0.0040691200   -0.0000208700
  -0.0008899800   -0.0019535600    0.0000041800
  -0.0004423500   -0.0011977700    0.0000067800
   0.0007482300   -0.0004904700    0.0000115800
   0.0011066300    0.0003421900    0.0000117600
   0.0005856800    0.0019519500    0.0000105300
   0.0002689300    0.0016249600    0.0000072800
  -0.0003432600    0.0008803800   -0.0000006800
  -0.0005563600   -0.0011605700    0.0000084600
  -0.0005552600   -0.0027622900    0.0000089200
  -0.0006731300   -0.0025154600    0.0000142300
  -0.0004749200   -0.0019445100    0.0000109200
   0.0009886500   -0.0022495400    0.0000116100
   0.0031890800   -0.0006707700    0.0000279000
   0.0025999900    0.0013892100    0.0000104800
   0.0001944300    0.0021313400    0.0000052900
  -0.0005167600    0.0016932900    0.0000114700
  -0.0017146000    0.0001084000    0.0000056600
  -0.0017155700   -0.0008801300    0.0000053800
  -0.0014107300   -0.0023938300    0.0000105300
  -0.0015173700   -0.0023766900    0.0000015700
  -0.0005587900    0.0101877500    0.0007525500
  -0.0118399400    0.0013615200    0.0011512300
  -0.0028132500   -0.0083690800    0.0006425200
   0.0013954900   -0.0058204500   -0.0001487800
   0.0030323700   -0.0017602200   -0.0000055300
   0.0022891000   -0.0004884100   -0.0000091900
   0.0028343900    0.0002696300   -0.0000095200
   0.0036468300    0.0026867400   -0.0000052900
   0.0029434300    0.0066725100   -0.0001459200
   0.0109720700    0.0137546500    0.0010224700
  -0.0067181900    0.0637725100   -0.0201454300
  -0.0102959200   -0.0593101200   -0.0196704300
   0.0077756900   -0.0116577900    0.0010578100
   0.0058312700   -0.0024740500   -0.0001342800
   0.0036463400   -0.0003370600   -0.0000050300
   0.0029483000    0.0003953500   -0.0000101300
   0.0050879800    0.0012840000   -0.0000053200
   0.0072448900    0.0037077500   -0.0001460000
   0.0164336800   -0.0010074300    0.0007497300
   0.1107177700    0.0039617300   -0.0194541200
  -1.3149541600    0.0314292100   -0.1488154200
   0.1067764500   -0.0031159900   -0.0205993800
   0.0145985200   -0.0003603100    0.0007621800
   0.0062260200   -0.0004862700   -0.0000647800
   0.0034579400   -0.0001996400   -0.0000105400
   0.0042434800    0.0001047100   -0.0000104500
   0.0071842900   -0.0004993500   -0.0000621800
   0.0064016200   -0.0045748100   -0.0001569700
   0.0080656800   -0.0136599000    0.0011120500
  -0.0038749800   -0.0769631800   -0.0183557800
  -0.0046568500    0.0512670400   -0.0210533000
   0.0054239600    0.0081278600    0.0010137000
   0.0057788700    0.0027198000   -0.0001211600
   0.0036090900    0.0004994400   -0.0000031700
   0.0034025400   -0.0005599200   -0.0000104100
   0.0040831100   -0.0017733900   -0.0000040600
   0.0023966000   -0.0015553000   -0.0000015700
   0.0016137400   -0.0051696500   -0.0001622800
  -0.0052523100   -0.0124588800    0.0008469700
   0.0036011400   -0.0069999000   -0.0000733000
  -0.0076572900    0.0066627700   -0.0007272900
   0.0040771100    0.0025264100    0.0001672200
   0.0028214000    0.0020717200   -0.0000480300
   0.0028317700    0.0014466300   -0.0000055100
   0.0024432700   -0.0002029200   -0.0000095600
   0.0008317600   -0.0017293900   -0.0000095500
   0.0008077600   -0.0024112600   -0.0000039200
  -0.0011946700   -0.0033398500   -0.0000692000
  -0.0030350000    0.0015278900    0.0001580200
  -0.0029872700    0.0031263200   -0.0000561900
   0.0008371000    0.0063511900   -0.0000466800
   0.0018181500    0.0024800600   -0.0000249300
   0.0014347700    0.0013200200   -0.0000048200
   0.0017457700   -0.0005182700   -0.0000055500
   0.0002591900   -0.0007337200   -0.0000092900
  -0.0002140300   -0.0011961500   -0.0000102400
  -0.0001907500   -0.0020123500   -0.0000090000
  -0.0011445600   -0.0010642000   -0.0000293600
  -0.0014301600    0.0014151300   -0.0000191600
  -0.0000524900    0.0031707500   -0.0000105500
   0.0011021700    0.0026286900    0.0000001900
   0.0008239500    0.0018606700   -0.0000089700
   0.0007477900    0.0011472000   -0.0000093800
  -0.0013488900    0.0006030900   -0.0000054000
  -0.0004274500   -0.0011705200   -0.0000058900
   0.0001194900   -0.0012971800   -0.0000115000
  -0.0007887200   -0.0016226600   -0.0000095800
   0.0006022400   -0.0002368200   -0.0000067200
   0.0003324100    0.0019450000   -0.0000080700
   0.0003808300    0.0022957900   -0.0000100000
   0.0016345700    0.0024214900   -0.0000113200
  -0.0006283800    0.0027202300   -0.0000064400
  -0.0035679800    0.0029418200   -0.0001517800
  -0.0032536800   -0.0019124700   -0.0001486000
  -0.0000344300   -0.0031906600   -0.0000524100
   0.0002758300   -0.0026124800   -0.0000045000
   0.0016659600   -0.0007827700   -0.0000098100
   0.0018014900   -0.0000235000   -0.0000051000
   0.0012918300    0.0014443900   -0.0000097400
   0.0011421900    0.0035090500   -0.0000054800
   0.0006147700    0.0040158100   -0.0000628000

101  
 -0.0234443241590582  -0.0000000000000033  -0.0187180037590817
   0.0008344600    0.0051015200   -0.0003345500
  -0.0086110600    0.0045988900   -0.0001011400
  -0.0085983400   -0.0027413300   -0.0001180900
   0.0006188200   -0.0031958300   -0.0003242800
   0.0034154000   -0.0021133800    0.0000155900
   0.0031195900   -0.0007519500   -0.0000122400
   0.0029569000    0.0010790900   -0.0000045900
   0.0029069300    0.0025899100   -0.0000127100
   0.0034731800    0.0037934600    0.0000128000
   0.0104065700    0.0067703500   -0.0004064200
   0.0130193600    0.0134407300    0.0048251900
  -0.0540109100    0.0012245600   -0.0036590800
   0.0105452200   -0.0116397000    0.0048703700
   0.0082965200   -0.0061277600   -0.0003979200
   0.0045969100   -0.0025547700    0.0000106000
   0.0042823700   -0.0005954400   -0.0000102800
   0.0038870700    0.0008529400   -0.0000108400
   0.0050632800    0.0028335700    0.0000139800
   0.0082322700    0.0036572500   -0.0003523800
   0.0251656200    0.0246513000    0.0051256200
  -0.4936568300   -0.1821641000   -0.0860546500
  -0.4317943400    0.1404362800   -0.1001147800
   0.0199632800   -0.0231929800    0.0048809800
   0.0069737200   -0.0035014100   -0.0003099800
   0.0047418000   -0.0010667500   -0.0000044600
   0.0042942100   -0.0005147300   -0.0000067000
   0.0044905200    0.0004102400   -0.0000032500
   0.0044970900   -0.0009603500   -0.0000081000
   0.0073664400   -0.0058631500   -0.0001066600
   0.0020448300   -0.0372383900   -0.0033623400
  -0.1609018700   -0.0160442300   -0.0891704600
  -0.0073917200    0.0318134100   -0.0003806100
   0.0074999800    0.0041410700   -0.0001580700
   0.0045818200    0.0005301900   -0.0000116700
   0.0036578200    0.0002269500   -0.0000108100
   0.0035890000   -0.0007297800   -0.0000107300
   0.0022727000   -0.0024087500   -0.0000116400
   0.0015608000   -0.0048288200   -0.0000272300
  -0.0016959300   -0.0126625800   -0.0001047200
  -0.0145086000   -0.0224046900    0.0043831600
   0.0015131500    0.0017548100   -0.0000625000
   0.0032926900    0.0019506100   -0.0000759600
   0.0030299400    0.0005118100   -0.0000000400
   0.0024973700   -0.0010374400   -0.0000075400
   0.0011153900   -0.0012184000   -0.0000058600
   0.0007582300   -0.0026646700   -0.0000116600
  -0.0009349300   -0.0043331000   -0.0000089000
  -0.0033407200   -0.0048836100   -0.0002457900
   0.0025566500    0.0033996200    0.0006228500
  -0.0056184700    0.0098569500   -0.0000016400
   0.0016879600    0.0034379100   -0.0000353900
   0.0021863500    0.0016647700   -0.0000125800
   0.0014761400    0.0001989200   -0.0000061100
   0.0006221000   -0.0003256100   -0.0000059500
  -0.0004136100   -0.0014854800   -0.0000064900
  -0.0001406600   -0.0019496100   -0.0000102800
  -0.0008902800   -0.0017282400   -0.0000061100
  -0.0004371700    0.0003064300   -0.0001405300
  -0.0004144600    0.0037452600    0.0000157600
  -0.0001924100    0.0046630900    0.0000223700
   0.0010252900    0.0030024300   -0.0000042400
   0.0007359000    0.0013714000   -0.0000067900
  -0.0010273600    0.0015370900   -0.0000116100
  -0.0011128900   -0.0004516100   -0.0000117900
  -0.0003038300   -0.0007678500   -0.0000106100
   0.0003403100   -0.0014267400   -0.0000073900
   0.0002947300   -0.0003898700    0.0000014100
   0.0003141200    0.0007794900   -0.0000084900
   0.0008275000    0.0022490200   -0.0000089500
   0.0006933600    0.0030110900   -0.0000145000
  -0.0001317400    0.0022683200   -0.0000108900
  -0.0019609100    0.0028506800   -0.0000120600
  -0.0043333800    0.0003748400   -0.0000279300
  -0.0013422800   -0.0016145700   -0.0000101400
   0.0005448100   -0.0015260700   -0.0000045600
   0.0018100200   -0.0007352600   -0.0000116700
   0.0011857000    0.0000434900   -0.0000056400
   0.0016200100    0.0018280800   -0.0000053800
   0.0020703900    0.0024721900   -0.0000104600
   0.0003174100    0.0034174200   -0.0000022800
   0.0022846400   -0.0113670700   -0.0007465000
   0.0122075300   -0.0008770600   -0.0011532200
   0.0023603500    0.0088087000   -0.0006560000
  -0.0029133000    0.0046400900    0.0001501800
  -0.0023599600    0.0024087200    0.0000054700
  -0.0028219400    0.0002645300    0.0000091200
  -0.0027632200   -0.0016211900    0.0000095700
  -0.0032257200   -0.0028563100    0.0000053400
  -0.0037371500   -0.0061271500    0.0001443800
  -0.0110911700   -0.0130160500   -0.0010213200
   0.0083571400   -0.0641225300    0.0207568300
   0.0098525600    0.0588037200    0.0191659500
  -0.0088138600    0.0117915200   -0.0010524000
  -0.0056451000    0.0033210100    0.0001345600
  -0.0041468500    0.0013697200    0.0000052600
  -0.0041585500    0.0002773400    0.0000100700
  -0.0038178900   -0.0006498800    0.0000050700
  -0.0070062900   -0.0026942900    0.0001457200
  -0.0175016500    0.0007035700   -0.0008162100
  -0.1159011100   -0.0043084200    0.0213863800
   1.3169192500    0.0517623700    0.1484299600
  -0.1015959300    0.0029224600    0.0187911400
  -0.0141417500    0.0000186400   -0.0007014600
  -0.0053710800   -0.0000310100    0.0000615300
  -0.0046456100    0.0000383100    0.0000104600
  -0.0042345700    0.0004409200    0.0000104200
  -0.0060694000    0.0002525600    0.0000653700
  -0.0054906600    0.0042251700    0.0001599900
  -0.0085464700    0.0139663000   -0.0011721000
   0.0051584300    0.0774938800    0.0195915200
   0.0023708100   -0.0516800300    0.0202008900
  -0.0064411600   -0.0077122300   -0.0010015600
  -0.0052720600   -0.0024751400    0.0001233500
  -0.0043714200   -0.0009172600    0.0000033100
  -0.0035582300   -0.0001466000    0.0000103400
  -0.0040107800    0.0009978700    0.0000036500
  -0.0025193900    0.0035675300    0.0000012800
  -0.0005782000    0.0059683200    0.0001655600
   0.0050168200    0.0125632000   -0.0008999100
  -0.0039296600    0.0069434700    0.0000030100
   0.0079472400   -0.0065431900    0.0006873000
  -0.0039158200   -0.0023184400   -0.0001582800
  -0.0038323700   -0.0012412500    0.0000470900
  -0.0025553000    0.0005389200    0.0000056200
  -0.0025571200    0.0013922200    0.0000095900
  -0.0014940000    0.0007308200    0.0000095000
  -0.0001653300    0.0024396200    0.0000034600
   0.0013903300    0.0030902300    0.0000727700
   0.0026850800   -0.0015429000   -0.0001676100
   0.0030715500   -0.0039136600    0.0000578900
  -0.0004666400   -0.0064296700    0.0000504300
  -0.0020870500   -0.0026689900    0.0000241500
  -0.0020054600   -0.0012352700    0.0000049500
  -0.0011154800   -0.0005952300    0.0000055600
  -0.0001758200    0.0001130900    0.0000091900
  -0.0004479700    0.0016698300    0.0000102500
   0.0003759900    0.0014735000    0.0000086300
   0.0009580600   -0.0001058500    0.0000308200
   0.0009879000   -0.0008414000    0.0000193000
   0.0004090600   -0.0026591600    0.0000104000
  -0.0008145300   -0.0038384200   -0.0000005200
  -0.0010255000   -0.0023108500    0.0000090100
  -0.0002016900   -0.0007352000    0.0000094400
   0.0007680200   -0.0003323200    0.0000053700
   0.0010929500    0.0013982500    0.0000055600
   0.0003260800    0.0022658600    0.0000112000
  -0.0009898200    0.0007170300    0.0000095800
   0.0003088800   -0.0002936300    0.0000067200
  -0.0004550500   -0.0010468000    0.0000080400
  -0.0012546500   -0.0027940400    0.0000098800
   0.0002902100   -0.0033472800    0.0000113000
  -0.0000246200   -0.0017720900    0.0000067100
   0.0023719800   -0.0030088700    0.0001494100
   0.0032562800    0.0011626800    0.0001515400
   0.0012250500    0.0030161800    0.0000545200
  -0.0013342600    0.0019977300    0.0000043400
  -0.0008245300    0.0010351400    0.0000099100
  -0.0010694700   -0.0010257900    0.0000051300
  -0.0020749700   -0.0023933900    0.0000095700
  -0.0019544200   -0.0032407300    0.0000055800
   0.0004245300   -0.0047627800    0.0000611800

101  
 -0.0149999999993716   0.0259807621138959   0.0000000000000000
  -0.0078901400   -0.0004549400    0.0000000000
  -0.0100967200   -0.0058566300    0.0000000000
  -0.0001690300   -0.0101866900    0.0000000000
   0.0083617500   -0.0053401000    0.0000000000
   0.0061778000   -0.0031553600    0.0000000000
   0.0035849900   -0.0017156300    0.0000000000
   0.0018939800   -0.0004254400    0.0000000000
   0.0001232600    0.0003348900    0.0000000000
  -0.0018906100    0.0001802800    0.0000000000
  -0.0004686700    0.0021889300    0.0000000000
  -0.0229018000    0.0071605900    0.0000000000
  -0.0317548200   -0.0244590500    0.0000000000
   0.0357778300   -0.0078686300    0.0000000000
   0.0122161500   -0.0055592800    0.0000000000
   0.0048249500   -0.0017344200    0.0000000000
   0.0032675000   -0.0004920000    0.0000000000
   0.0018127000    0.0003596300    0.0000000000
   0.0007467600    0.0015119900    0.0000000000
   0.0045352600    0.0057034600    0.0000000000
   0.0079305200    0.0248225900    0.0000000000
  -0.1088977400    0.2071974400    0.0000000000
  -0.4208921400    0.3794959300    0.0000000000
   0.0216077300   -0.0069813900    0.0000000000
   0.0043542900    0.0014495100    0.0000000000
   0.0027386800    0.0007960900    0.0000000000
   0.0025844200    0.0003027500    0.0000000000
   0.0024678100    0.0013606700    0.0000000000
   0.0042476400    0.0020112800    0.0000000000
   0.0101441500    0.0042369200    0.0000000000
   0.0315742100    0.0070199400    0.0000000000
  -0.1321278500    0.5093624100    0.0000000000
  -0.0362568400    0.0504920500    0.0000000000
  -0.0032510200    0.0121728200    0.0000000000
   0.0002746600    0.0035544600    0.0000000000
   0.0014978700    0.0015080200    0.0000000000
   0.0024183000    0.0005220700    0.0000000000
   0.0025227600   -0.0010684300    0.0000000000
   0.0041701000   -0.0014623500    0.0000000000
   0.0063122800   -0.0068441800    0.0000000000
  -0.0140867300   -0.0334636900    0.0000000000
  -0.0044298400    0.0040664200    0.0000000000
  -0.0020801100    0.0035864000    0.0000000000
   0.0000767900    0.0012024000    0.0000000000
   0.0012600700   -0.0004813300    0.0000000000
   0.0011084000   -0.0015257300    0.0000000000
   0.0022454600   -0.0023987300    0.0000000000
   0.0022609200   -0.0042069300    0.0000000000
   0.0003758500   -0.0080273300    0.0000000000
  -0.0003766300   -0.0089596900    0.0000000000
  -0.0012995100   -0.0023299300    0.0000000000
  -0.0026289600   -0.0002649600    0.0000000000
  -0.0007986800    0.0000926100    0.0000000000
  -0.0000062400   -0.0006491100    0.0000000000
   0.0004070300   -0.0021735600    0.0000000000
   0.0006828400   -0.0028054800    0.0000000000
   0.0018411000   -0.0031408700    0.0000000000
   0.0014026100   -0.0039703200    0.0000000000
   0.0001139800   -0.0054618900    0.0000000000
  -0.0007445000   -0.0034921700    0.0000000000
  -0.0011112300   -0.0017301800    0.0000000000
  -0.0015565400   -0.0004712800    0.0000000000
  -0.0009128400   -0.0010686600    0.0000000000
  -0.0016789200   -0.0019493200    0.0000000000
   0.0002000300   -0.0032835900    0.0000000000
   0.0018661900   -0.0028799300    0.0000000000
   0.0023924600   -0.0034643300    0.0000000000
   0.0014084000   -0.0034623100    0.0000000000
   0.0002506000   -0.0036105500    0.0000000000
  -0.0005632500   -0.0025375500    0.0000000000
  -0.0015376200   -0.0013264600    0.0000000000
  -0.0023397500   -0.0015048100    0.0000000000
  -0.0045053000   -0.0024783700    0.0000000000
  -0.0027931400   -0.0047997500    0.0000000000
   0.0024785000   -0.0051491100    0.0000000000
   0.0038307200   -0.0036206700    0.0000000000
   0.0034183900   -0.0026374300    0.0000000000
   0.0013380000   -0.0024008600    0.0000000000
   0.0003328500   -0.0013064000    0.0000000000
  -0.0006622700   -0.0011727200    0.0000000000
  -0.0034420400   -0.0008332500    0.0000000000
   0.0125738600    0.0036054700    0.0000000000
   0.0073802900    0.0157462300    0.0000000000
  -0.0094222500    0.0155962300    0.0000000000
  -0.0073529000    0.0039478400    0.0000000000
  -0.0038411400    0.0019005500    0.0000000000
  -0.0025499600    0.0004602400    0.0000000000
  -0.0009463100   -0.0008376200    0.0000000000
   0.0006656900   -0.0013257800    0.0000000000
   0.0029906800   -0.0021553400    0.0000000000
   0.0064655500   -0.0125980100    0.0000000000
   0.0858715400    0.0369451100    0.0000000000
  -0.0726514200    0.1074607700    0.0000000000
  -0.0183725300    0.0034070100    0.0000000000
  -0.0074836000   -0.0003106800    0.0000000000
  -0.0037490400   -0.0000947700    0.0000000000
  -0.0026899600   -0.0002892800    0.0000000000
  -0.0008411600   -0.0012030100    0.0000000000
  -0.0002120600   -0.0037376600    0.0000000000
  -0.0112101000   -0.0073557000    0.0000000000
  -0.0808215800   -0.0514247000    0.0000000000
   0.7725028300   -1.3441901500    0.0000000000
  -0.0626825200   -0.0397464800    0.0000000000
  -0.0090823400   -0.0090675500    0.0000000000
  -0.0029324600   -0.0030451500    0.0000000000
  -0.0028796200   -0.0012030200    0.0000000000
  -0.0023936200   -0.0006973500    0.0000000000
  -0.0033502100   -0.0023272700    0.0000000000
  -0.0060697800    0.0002766900    0.0000000000
  -0.0167173500    0.0038233900    0.0000000000
  -0.0490805200    0.1225914100    0.0000000000
   0.0984093700    0.0303165400    0.0000000000
   0.0106271200   -0.0083904700    0.0000000000
   0.0009367900   -0.0041112200    0.0000000000
  -0.0014371000   -0.0017713400    0.0000000000
  -0.0019310300   -0.0008220700    0.0000000000
  -0.0031557600   -0.0004886400    0.0000000000
  -0.0036555500    0.0028040800    0.0000000000
  -0.0052177300    0.0044504700    0.0000000000
  -0.0053758700    0.0152605200    0.0000000000
   0.0055268600    0.0141942500    0.0000000000
  -0.0009027400   -0.0045207400    0.0000000000
   0.0041340000   -0.0018472500    0.0000000000
   0.0006291900   -0.0004577200    0.0000000000
  -0.0004608600    0.0010548600    0.0000000000
  -0.0019718000    0.0014212400    0.0000000000
  -0.0021705300    0.0017504000    0.0000000000
  -0.0024637600    0.0032756200    0.0000000000
  -0.0026119100    0.0053509000    0.0000000000
  -0.0004778100    0.0062997600    0.0000000000
   0.0031236200    0.0043241200    0.0000000000
   0.0024338800    0.0023438300    0.0000000000
   0.0016966100    0.0006190300    0.0000000000
   0.0003143100    0.0009335000    0.0000000000
  -0.0003194900    0.0009680000    0.0000000000
  -0.0006168300    0.0026459900    0.0000000000
  -0.0020505500    0.0035848000    0.0000000000
  -0.0019819000    0.0035042600    0.0000000000
  -0.0014059000    0.0035511900    0.0000000000
   0.0002076900    0.0042611700    0.0000000000
   0.0017643300    0.0027789700    0.0000000000
   0.0019150600    0.0011041200    0.0000000000
   0.0013032700    0.0013106600    0.0000000000
   0.0008182900    0.0024343900    0.0000000000
   0.0004227100    0.0043272300    0.0000000000
  -0.0007756100    0.0046561400    0.0000000000
  -0.0019587600    0.0044401800    0.0000000000
  -0.0028256300    0.0028271500    0.0000000000
  -0.0005019800    0.0025215300    0.0000000000
   0.0002669300    0.0025261000    0.0000000000
   0.0008407800    0.0011325100    0.0000000000
   0.0029136100    0.0010413900    0.0000000000
   0.0015920200    0.0030821600    0.0000000000
   0.0029266500    0.0053723800    0.0000000000
   0.0002545200    0.0075446700    0.0000000000
  -0.0028437600    0.0060290300    0.0000000000
  -0.0037490800    0.0031590600    0.0000000000
  -0.0017811900    0.0022660500    0.0000000000
  -0.0005773500    0.0008020300    0.0000000000
  -0.0000549300    0.0001178200    0.0000000000
   0.0014134100    0.0003818200    0.0000000000
   0.0043783900    0.0014393700    0.0000000000

101  
  0.0149999999993716  -0.0259807621138959   0.0000000000000000
   0.0062306900    0.0009152700    0.0000000000
   0.0097111100    0.0060386000    0.0000000000
   0.0007303300    0.0101101000    0.0000000000
  -0.0077761200    0.0057886400    0.0000000000
  -0.0049107100    0.0039564200    0.0000000000
  -0.0028236200    0.0022147700    0.0000000000
  -0.0014831900    0.0016470900    0.0000000000
  -0.0008684400    0.0008973900    0.0000000000
   0.0011001600    0.0001552200    0.0000000000
   0.0002324300   -0.0031897500    0.0000000000
   0.0211512900   -0.0083722100    0.0000000000
   0.0335661000    0.0228643800    0.0000000000
  -0.0353623000    0.0069929100    0.0000000000
  -0.0119307000    0.0052840800    0.0000000000
  -0.0052246300    0.0012251100    0.0000000000
  -0.0020419800    0.0001833300    0.0000000000
  -0.0019432500   -0.0005194000    0.0000000000
  -0.0022875400   -0.0017910600    0.0000000000
  -0.0056626200   -0.0060786000    0.0000000000
  -0.0087669600   -0.0254007900    0.0000000000
   0.1201363700   -0.1998526600    0.0000000000
   0.5200661800   -0.4218183400    0.0000000000
  -0.0217878600    0.0067414000    0.0000000000
  -0.0048777400   -0.0013261600    0.0000000000
  -0.0022373700   -0.0011045800    0.0000000000
  -0.0018698200   -0.0013301300    0.0000000000
  -0.0033136100   -0.0023207200    0.0000000000
  -0.0047029900   -0.0013947300    0.0000000000
  -0.0100302000   -0.0033358200    0.0000000000
  -0.0321779600   -0.0050770700    0.0000000000
   0.1400644400   -0.4163304300    0.0000000000
   0.0359608500   -0.0503420800    0.0000000000
   0.0042309700   -0.0127314600    0.0000000000
  -0.0006205600   -0.0031331400    0.0000000000
  -0.0013541300   -0.0009090400    0.0000000000
  -0.0023838800   -0.0012603300    0.0000000000
  -0.0027009600   -0.0006052500    0.0000000000
  -0.0046476900    0.0012363700    0.0000000000
  -0.0066183800    0.0071901100    0.0000000000
   0.0139941000    0.0326859400    0.0000000000
   0.0041406100   -0.0046283400    0.0000000000
   0.0025167900   -0.0036605800    0.0000000000
   0.0003671900   -0.0016190000    0.0000000000
  -0.0011731200   -0.0011029500    0.0000000000
  -0.0012361900    0.0006287200    0.0000000000
  -0.0021710400    0.0017870300    0.0000000000
  -0.0030081100    0.0040937400    0.0000000000
   0.0000910100    0.0077660000    0.0000000000
   0.0008842200    0.0088137300    0.0000000000
   0.0009671800    0.0020628800    0.0000000000
   0.0019484300   -0.0000444200    0.0000000000
   0.0016499500   -0.0003981300    0.0000000000
   0.0000337600    0.0000265900    0.0000000000
   0.0004597900    0.0013195100    0.0000000000
  -0.0016325800    0.0020478300    0.0000000000
  -0.0018539100    0.0033276300    0.0000000000
  -0.0015988500    0.0049302100    0.0000000000
  -0.0005252200    0.0059220700    0.0000000000
   0.0008402100    0.0047501500    0.0000000000
   0.0014190900    0.0020979200    0.0000000000
   0.0016173400    0.0013978700    0.0000000000
   0.0011700600    0.0011689000    0.0000000000
   0.0014305400    0.0029053200    0.0000000000
  -0.0001425700    0.0031322200    0.0000000000
  -0.0015330800    0.0040486300    0.0000000000
  -0.0017505000    0.0036341200    0.0000000000
  -0.0014484700    0.0038709300    0.0000000000
  -0.0005166300    0.0030827200    0.0000000000
   0.0007784400    0.0018539900    0.0000000000
   0.0014934100    0.0016630200    0.0000000000
   0.0016964700    0.0017007400    0.0000000000
   0.0035549900    0.0029059700    0.0000000000
   0.0018125300    0.0043982700    0.0000000000
  -0.0011113300    0.0049062800    0.0000000000
  -0.0030596200    0.0042154200    0.0000000000
  -0.0021324900    0.0035644100    0.0000000000
  -0.0019073800    0.0024774100    0.0000000000
  -0.0005063200    0.0021361400    0.0000000000
   0.0012134700    0.0011019900    0.0000000000
   0.0021530700    0.0017030600    0.0000000000
  -0.0107813300   -0.0041857500    0.0000000000
  -0.0075095100   -0.0149454700    0.0000000000
   0.0088816700   -0.0154997700    0.0000000000
   0.0058429600   -0.0052019800    0.0000000000
   0.0045518900   -0.0012731000    0.0000000000
   0.0020850700   -0.0006691600    0.0000000000
   0.0011339300   -0.0004623600    0.0000000000
  -0.0000538100    0.0012776400    0.0000000000
  -0.0035409600    0.0030142400    0.0000000000
  -0.0057775000    0.0138665100    0.0000000000
  -0.0857755500   -0.0354910500    0.0000000000
   0.0760894000   -0.1150107100    0.0000000000
   0.0174570800   -0.0033250600    0.0000000000
   0.0077355800    0.0010875200    0.0000000000
   0.0033294000    0.0010949000    0.0000000000
   0.0015917700    0.0009544400    0.0000000000
   0.0023000800    0.0018404400    0.0000000000
   0.0008470600    0.0048043700    0.0000000000
   0.0108169500    0.0066661900    0.0000000000
   0.0806636500    0.0491563600    0.0000000000
  -0.8911358100    1.2886019800    0.0000000000
   0.0639957100    0.0400448900    0.0000000000
   0.0095952300    0.0084648700    0.0000000000
   0.0039060900    0.0024563900    0.0000000000
   0.0018016800    0.0010087000    0.0000000000
   0.0025324400    0.0011987700    0.0000000000
   0.0046880400    0.0019672200    0.0000000000
   0.0070276600   -0.0008719300    0.0000000000
   0.0158323400   -0.0041236000    0.0000000000
   0.0450158000   -0.1163460300    0.0000000000
  -0.0976551100   -0.0316938800    0.0000000000
  -0.0107894600    0.0088156400    0.0000000000
  -0.0001807300    0.0043147000    0.0000000000
   0.0008039600    0.0013295700    0.0000000000
   0.0018706800    0.0000798600    0.0000000000
   0.0033147300   -0.0003795500    0.0000000000
   0.0035153200   -0.0008730900    0.0000000000
   0.0060722300   -0.0037783700    0.0000000000
   0.0046832300   -0.0149829600    0.0000000000
  -0.0055270100   -0.0138651900    0.0000000000
   0.0009701700    0.0046614900    0.0000000000
  -0.0036817300    0.0020971300    0.0000000000
  -0.0014746700    0.0013233300    0.0000000000
   0.0008271600    0.0009370500    0.0000000000
   0.0019026800   -0.0002626400    0.0000000000
   0.0014957900   -0.0027562000    0.0000000000
   0.0030342900   -0.0032658400    0.0000000000
   0.0026688700   -0.0055473200    0.0000000000
   0.0000151900   -0.0060925000    0.0000000000
  -0.0030504200   -0.0048325200    0.0000000000
  -0.0019666900   -0.0021266100    0.0000000000
  -0.0018392600   -0.0006906800    0.0000000000
  -0.0008060700   -0.0007827600    0.0000000000
   0.0009821700   -0.0020557200    0.0000000000
   0.0006815300   -0.0032300800    0.0000000000
   0.0013455000   -0.0030980200    0.0000000000
   0.0021034600   -0.0040133100    0.0000000000
   0.0011511800   -0.0046237000    0.0000000000
  -0.0006695600   -0.0035152200    0.0000000000
  -0.0013629900   -0.0020762500    0.0000000000
  -0.0015423900   -0.0021362700    0.0000000000
  -0.0014421000   -0.0016382300    0.0000000000
  -0.0002546700   -0.0019406000    0.0000000000
  -0.0010548400   -0.0039652100    0.0000000000
   0.0013803900   -0.0044033100    0.0000000000
   0.0023613200   -0.0034589400    0.0000000000
   0.0010177900   -0.0036926700    0.0000000000
   0.0014101700   -0.0029631900    0.0000000000
  -0.0003487100   -0.0014959000    0.0000000000
  -0.0016425800   -0.0014745000    0.0000000000
  -0.0009243200   -0.0017982600    0.0000000000
  -0.0022374200   -0.0019788200    0.0000000000
  -0.0042191700   -0.0052079100    0.0000000000
  -0.0004172900   -0.0082570600    0.0000000000
   0.0039786600   -0.0062402600    0.0000000000
   0.0026776700   -0.0037825000    0.0000000000
   0.0026411200   -0.0019837100    0.0000000000
   0.0013638400   -0.0017790800    0.0000000000
  -0.0006331700   -0.0009481300    0.0000000000
  -0.0021141800    0.0000706800    0.0000000000
  -0.0032824900   -0.0019333400    0.0000000000

110  
  0.0234443241590582   0.0000000000000033   0.0187180037590817
   0.0006831100   -0.0020144600    0.0000114000
   0.0031102300   -0.0002739800    0.0000269800
   0.0020542400    0.0013442400    0.0000120900
   0.0002259200    0.0021153200    0.0000073900
  -0.0004783700    0.0018788400    0.0000098200
  -0.0010770400    0.0007044500    0.0000054500
  -0.0013984600   -0.0002392000    0.0000048100
  -0.0019618500   -0.0013478800    0.0000104700
  -0.0011331500   -0.0023591000    0.0000038000
  -0.0013792900   -0.0047806000    0.0003384400
   0.0074607800   -0.0042338600    0.0001056800
   0.0076197900    0.0018486400    0.0001233000
   0.0009425800    0.0028243200    0.0002749400
  -0.0023405000    0.0025051000    0.0000011200
  -0.0030048200    0.0011082300    0.0000092100
  -0.0021143400   -0.0002102000    0.0000048000
  -0.0031373100   -0.0016143400    0.0000129800
  -0.0042669900   -0.0032785300   -0.0000122300
  -0.0101201100   -0.0068202700    0.0003953000
  -0.0125566900   -0.0132666600   -0.0048383000
   0.0475015500   -0.0013774800    0.0034517500
  -0.0049583200    0.0085192900   -0.0043469600
  -0.0082015500    0.0062167700    0.0001818700
  -0.0056194500    0.0029184600   -0.0000020500
  -0.0035754100    0.0006320200    0.0000103200
  -0.0034604000   -0.0011613700    0.0000104500
  -0.0057972600   -0.0030901500   -0.0000120800
  -0.0082479900   -0.0032691200    0.0003303900
  -0.0227989400   -0.0229943400   -0.0047473800
   0.4723501000    0.1619312300    0.0966388500
   0.4471216700   -0.1738371600    0.0841379900
  -0.0194254500    0.0221750100   -0.0051226900
  -0.0081844500    0.0041730400    0.0004505400
  -0.0049141700    0.0013255800   -0.0000142700
  -0.0038373200    0.0003931900    0.0000079000
  -0.0046385900   -0.0011652900    0.0000044400
  -0.0046603100    0.0001777300    0.0000116300
  -0.0072031000    0.0055319900    0.0001067600
  -0.0023686300    0.0371142200    0.0034710900
   0.1644426100    0.0086203900    0.0899203500
  -0.0046501500   -0.0024182100   -0.0000025500
  -0.0043255000   -0.0001280900    0.0000366200
  -0.0033606900   -0.0001531600    0.0000079300
  -0.0034702500   -0.0005261300    0.0000107400
  -0.0025181800    0.0008044000    0.0000118100
  -0.0021528100    0.0035069900    0.0000270100
  -0.0001490400    0.0095939200    0.0001235600
   0.0138360500    0.0127268100   -0.0042859700
   0.0095673000   -0.0110229500   -0.0051308900
   0.0024652200   -0.0094608000   -0.0000006800
  -0.0031900600   -0.0033164300   -0.0000079800
  -0.0022187700   -0.0012301600    0.0000110200
  -0.0024166300   -0.0002692700    0.0000064600
  -0.0008352800    0.0001713100    0.0000059000
  -0.0014915200    0.0017003800    0.0000117600
  -0.0001450300    0.0040322500    0.0000122000
   0.0023409200    0.0057460000    0.0002711500
   0.0013897600   -0.0004888500    0.0001894100
   0.0020528000   -0.0056482000    0.0004485800
   0.0001410800   -0.0045610200    0.0000351800
  -0.0014011400   -0.0016725200    0.0000109600
  -0.0012567700   -0.0006086600    0.0000055300
  -0.0003780900    0.0003321900    0.0000059000
  -0.0002108800    0.0009526000    0.0000064800
   0.0000123200    0.0025997500    0.0000101400
   0.0006970300    0.0025664200    0.0000076600
   0.0006053700    0.0012256600    0.0000001300
   0.0004124800   -0.0022184900   -0.0000016500
   0.0001729200   -0.0036106100   -0.0000143100
  -0.0004413400   -0.0024264600    0.0000081600
  -0.0007841800   -0.0012665100    0.0000064500
   0.0003535100   -0.0007124100    0.0000118300
   0.0004316200    0.0001950500    0.0000117700
   0.0010130100    0.0012407600    0.0000101300
   0.0002242600    0.0019821400    0.0000068800
   0.0003002200    0.0015948000    0.0000099100
  -0.0007117200   -0.0002748200    0.0000091800
  -0.0006576100   -0.0013518700    0.0000103000
  -0.0002667400   -0.0023266900    0.0000079200
  -0.0006451600   -0.0015090900    0.0000107500
  -0.0019010400    0.0021712000   -0.0001514600
  -0.0029065500   -0.0009864800   -0.0001390100
  -0.0009551500   -0.0027508000   -0.0000439900
  -0.0000095100   -0.0030914400   -0.0000030500
   0.0016263100   -0.0009638400   -0.0000086400
   0.0012031000   -0.0000131600   -0.0000044300
   0.0016527600    0.0008492200   -0.0000095500
   0.0016543300    0.0029425300   -0.0000058800
  -0.0003418200    0.0043456400   -0.0000636300
  -0.0013803700    0.0105242200    0.0007481900
  -0.0104078000    0.0014807700    0.0010886200
  -0.0028923700   -0.0069567400    0.0005835000
   0.0010683200   -0.0053535600   -0.0001367500
   0.0028557000   -0.0022136700   -0.0000095700
   0.0024333300   -0.0002224500   -0.0000091100
   0.0021954000    0.0009835500   -0.0000094700
   0.0039582200    0.0027688200   -0.0000062900
   0.0033653900    0.0064740700   -0.0001416300
   0.0101431900    0.0123252200    0.0009622300
  -0.0074975900    0.0602682100   -0.0202252300
  -0.0047166500   -0.0454983000   -0.0192464900
   0.0059579800   -0.0133282100    0.0010006800
   0.0066138400   -0.0041531200   -0.0001223900
   0.0047377700   -0.0014202300   -0.0000017700
   0.0030660900   -0.0001793600   -0.0000100800
   0.0043419500    0.0010863900   -0.0000059900
   0.0073321000    0.0027860700   -0.0001411200
   0.0163758400   -0.0009014400    0.0007136300
   0.1091945400    0.0040055000   -0.0195473700
  -1.3325386500   -0.0052046000   -0.1438016200
   0.1272042900   -0.0277802300   -0.0198399800
   0.0145906900    0.0000727400    0.0010960100
   0.0065345600   -0.0001203900   -0.0001097800
   0.0038494600   -0.0003300300   -0.0000055400
   0.0041367800   -0.0005010400   -0.0000111800
   0.0063557600   -0.0006918600   -0.0000614200
   0.0055704700   -0.0028906600   -0.0001491400
   0.0074745300   -0.0121298900    0.0010607700
  -0.0067340500   -0.0757086000   -0.0183782000
   0.0055376900    0.0644705200   -0.0194732100
  -0.0062472200    0.0039954900   -0.0000334700
   0.0059248800    0.0017636100   -0.0000544900
   0.0038080700    0.0011790800   -0.0000088000
   0.0037129700    0.0009134200   -0.0000097200
   0.0039408500   -0.0005886800   -0.0000049700
   0.0023323200   -0.0027465500   -0.0000046700
   0.0022957400   -0.0047554300   -0.0001376700
  -0.0020967000   -0.0099309500    0.0005566000
  -0.0101474900    0.0011224700    0.0010002900
  -0.0013987500    0.0089917800    0.0010901500
   0.0020412700    0.0063551700   -0.0000576400
   0.0028667600    0.0021262300   -0.0000100800
   0.0023906700    0.0007087800   -0.0000077700
   0.0028804800   -0.0011716900   -0.0000101700
   0.0013611500   -0.0014192300   -0.0000094000
   0.0005502700   -0.0020933700   -0.0000072000
  -0.0004224400   -0.0036165700   -0.0000428000
  -0.0032404700   -0.0016122700   -0.0001385900
  -0.0031718300    0.0026928900   -0.0001220100
   0.0001500700    0.0044933900   -0.0001099200
   0.0015732800    0.0025680700   -0.0000081700
   0.0015121700    0.0012411300   -0.0000077600
   0.0017366800    0.0003685400   -0.0000045800
   0.0000170900   -0.0002287600   -0.0000094500
   0.0006335800   -0.0013034600   -0.0000100700
   0.0002582900   -0.0014095300   -0.0000119100
  -0.0016034600   -0.0017150300   -0.0000029200
  -0.0006794600    0.0001480100   -0.0000095800
  -0.0004907400    0.0025521700   -0.0000019100
   0.0000333600    0.0023685500   -0.0000055800
   0.0016517000    0.0016325000   -0.0000098200
   0.0001315900    0.0014442200   -0.0000101700
  -0.0015661000    0.0004306100   -0.0000044600
  -0.0006768100   -0.0015851600   -0.0000070600
   0.0005837600   -0.0019508700   -0.0000118600
  -0.0002800300   -0.0018044500   -0.0000110900
   0.0006520200   -0.0003122300   -0.0000086800
   0.0007360500    0.0004311100   -0.0000091700
   0.0002445100    0.0016064000   -0.0000101200
   0.0000783400    0.0027123800   -0.0000110800
   0.0001841400    0.0017395000   -0.0000046300

110  
 -0.0234443241590582  -0.0000000000000033  -0.0187180037590817
  -0.0021435800    0.0027439500   -0.0000119200
  -0.0037798300    0.0007792800   -0.0000268900
  -0.0019449600   -0.0014163600   -0.0000118800
   0.0003282100   -0.0016762900   -0.0000067600
   0.0017884400   -0.0010828800   -0.0000099900
   0.0018987200   -0.0001575200   -0.0000055400
   0.0019057300    0.0015541000   -0.0000048400
   0.0013721300    0.0027130100   -0.0000104700
   0.0005656000    0.0028903100   -0.0000043500
   0.0016857000    0.0041233800   -0.0003330900
  -0.0079111100    0.0038872400   -0.0001028200
  -0.0083321200   -0.0024200600   -0.0001260700
  -0.0002656400   -0.0035361200   -0.0002818500
   0.0027822000   -0.0028963000    0.0000000700
   0.0026877100   -0.0016284700   -0.0000091800
   0.0034354100   -0.0000646200   -0.0000048500
   0.0031547200    0.0015231100   -0.0000130000
   0.0029945000    0.0031373300    0.0000118100
   0.0093925800    0.0065324400   -0.0003929200
   0.0130638500    0.0133714000    0.0047981200
  -0.0475521900    0.0012397600   -0.0034269200
   0.0048066400   -0.0076751300    0.0043933400
   0.0082241000   -0.0065931700   -0.0001971200
   0.0051808200   -0.0028159100    0.0000015500
   0.0041707300   -0.0009465700   -0.0000103300
   0.0042901000    0.0001415700   -0.0000105500
   0.0051360700    0.0021507800    0.0000119500
   0.0079201800    0.0037860000   -0.0003411200
   0.0230005000    0.0237116200    0.0048890600
  -0.5276054800   -0.2026726700   -0.0844473800
  -0.3950381900    0.1396901600   -0.0950445000
   0.0196719300   -0.0214231400    0.0050842200
   0.0093265000   -0.0047511900   -0.0004379200
   0.0046821700   -0.0009355800    0.0000131900
   0.0040729900    0.0001828600   -0.0000078800
   0.0047664900    0.0003841000   -0.0000037100
   0.0044932600   -0.0019735500   -0.0000117600
   0.0065823600   -0.0061692200   -0.0001015600
   0.0006644400   -0.0379034800   -0.0034011700
  -0.1631909200   -0.0202839500   -0.0903649800
   0.0046573800    0.0014456900   -0.0000054300
   0.0049195100   -0.0000290400   -0.0000343400
   0.0038977900   -0.0002902200   -0.0000083000
   0.0036109700   -0.0010999100   -0.0000107500
   0.0023808000   -0.0017462100   -0.0000118800
   0.0021382100   -0.0042286400   -0.0000267800
  -0.0008419000   -0.0098226200   -0.0001255800
  -0.0133957100   -0.0123097300    0.0044598000
  -0.0091129800    0.0121523400    0.0050842600
  -0.0027495000    0.0093956000   -0.0000034600
   0.0026921600    0.0030540900    0.0000068600
   0.0031677000    0.0009470500   -0.0000110600
   0.0024860400   -0.0003550100   -0.0000064800
   0.0016857400   -0.0010070900   -0.0000059400
   0.0004848900   -0.0024715900   -0.0000118200
   0.0000356400   -0.0038549300   -0.0000117800
  -0.0026283800   -0.0046714100   -0.0002858900
  -0.0018318800    0.0013781000   -0.0001905700
  -0.0018913000    0.0072581800   -0.0004398100
   0.0002530100    0.0051086600   -0.0000356300
   0.0015551900    0.0026875300   -0.0000111100
   0.0015511700    0.0007618100   -0.0000055900
   0.0000979300    0.0007056000   -0.0000059500
   0.0001929800   -0.0010668200   -0.0000065300
   0.0002498200   -0.0014127500   -0.0000101800
  -0.0001081200   -0.0023406800   -0.0000065100
  -0.0006632300   -0.0006601000   -0.0000008400
  -0.0006420400    0.0019332700    0.0000019800
   0.0001264900    0.0031170500    0.0000131600
   0.0004819700    0.0029117300   -0.0000080900
   0.0001855400    0.0015774200   -0.0000064900
  -0.0013203900    0.0013105200   -0.0000118600
  -0.0015785700   -0.0004911400   -0.0000118000
   0.0002337500   -0.0014612000   -0.0000101800
   0.0005042700   -0.0013629300   -0.0000070500
   0.0009888100   -0.0006045200   -0.0000099100
   0.0001860100    0.0004770300   -0.0000092100
   0.0005714800    0.0023358400   -0.0000103300
   0.0009357000    0.0024149000   -0.0000078300
  -0.0005475100    0.0025474700   -0.0000107200
   0.0036212100   -0.0033441900    0.0001486200
   0.0032739600    0.0014710300    0.0001406300
   0.0005174400    0.0031902500    0.0000458500
  -0.0015183000    0.0019230500    0.0000028600
  -0.0009600300    0.0015910200    0.0000087700
  -0.0017389700   -0.0002396800    0.0000044400
  -0.0015862200   -0.0022269500    0.0000094900
  -0.0012288300   -0.0031289400    0.0000058000
  -0.0004366900   -0.0037857200    0.0000624500
   0.0013244300   -0.0097054500   -0.0007490400
   0.0116386200   -0.0013457600   -0.0010841000
   0.0028173100    0.0069929000   -0.0005917400
  -0.0021911100    0.0055889600    0.0001400800
  -0.0027016100    0.0030188300    0.0000095800
  -0.0029345000    0.0012226900    0.0000090400
  -0.0034081700   -0.0003359900    0.0000095400
  -0.0026924200   -0.0021658000    0.0000062300
  -0.0030973800   -0.0055089000    0.0001405600
  -0.0111118800   -0.0128927400   -0.0009666700
   0.0074299900   -0.0615811900    0.0208573800
   0.0042692500    0.0445233600    0.0187082000
  -0.0059138500    0.0128499000   -0.0010140300
  -0.0062518500    0.0035940200    0.0001230800
  -0.0038572300    0.0008584400    0.0000021800
  -0.0042447500    0.0000018400    0.0000101600
  -0.0043454300   -0.0005541900    0.0000056800
  -0.0062563800   -0.0030745100    0.0001410300
  -0.0157158400    0.0006283200   -0.0007844300
  -0.1150679200   -0.0035277200    0.0215766000
   1.3367088800    0.0926470800    0.1426422600
  -0.1228311000    0.0262897600    0.0178989800
  -0.0148556100    0.0004729000   -0.0010283100
  -0.0058980200    0.0003631000    0.0001055100
  -0.0045819000   -0.0000912900    0.0000060400
  -0.0042890900   -0.0002032700    0.0000111600
  -0.0063152400   -0.0000699200    0.0000647500
  -0.0056774700    0.0049654500    0.0001507000
  -0.0062328200    0.0130675900   -0.0011104700
   0.0067310200    0.0761805500    0.0195682700
  -0.0067749600   -0.0652803800    0.0182074000
   0.0063580100   -0.0036476800    0.0000295800
  -0.0057479200   -0.0014370900    0.0000593400
  -0.0047874200   -0.0003146200    0.0000082800
  -0.0034211500    0.0010871800    0.0000098900
  -0.0040488600    0.0017999000    0.0000045500
  -0.0029684900    0.0017690600    0.0000043600
  -0.0015805500    0.0048050000    0.0001418800
   0.0024289600    0.0095815600   -0.0006189400
   0.0098538300   -0.0014342500   -0.0010176300
   0.0012088900   -0.0099094100   -0.0010328300
  -0.0017398100   -0.0063646500    0.0000566400
  -0.0031419800   -0.0022729600    0.0000098200
  -0.0029527300   -0.0006017500    0.0000078000
  -0.0022373300    0.0000747400    0.0000102100
  -0.0012602000    0.0008058800    0.0000093700
  -0.0011777600    0.0025684300    0.0000067600
   0.0006618900    0.0030456400    0.0000469400
   0.0031046800    0.0003553300    0.0001386000
   0.0026774300   -0.0022453600    0.0001237300
   0.0001332900   -0.0040009100    0.0001052200
  -0.0013155100   -0.0037594600    0.0000088500
  -0.0017192500   -0.0016750000    0.0000078000
  -0.0011843800    0.0000545300    0.0000045700
  -0.0005901200    0.0005005900    0.0000093300
   0.0000497800    0.0015286400    0.0000100400
   0.0002132600    0.0023626200    0.0000118700
  -0.0001508800    0.0007733200    0.0000029700
   0.0015927100   -0.0007401700    0.0000095400
   0.0003359400   -0.0016967400    0.0000020400
  -0.0009331800   -0.0028760800    0.0000059700
   0.0002606300   -0.0025540300    0.0000098100
  -0.0007854200   -0.0004905900    0.0000102400
   0.0003745300   -0.0005015000    0.0000045600
   0.0006848400    0.0008288100    0.0000069000
   0.0006219600    0.0017689400    0.0000118800
  -0.0007684800    0.0011732800    0.0000112000
   0.0001939300    0.0005325100    0.0000087400
  -0.0000125700   -0.0015155100    0.0000089900
  -0.0010402400   -0.0025766400    0.0000101700
  -0.0008971700   -0.0024487100    0.0000111700
   0.0008500500   -0.0024848800    0.0000049200

111  
 -0.0117221620790471   0.0203033802966008   0.0187180037590592
  -0.0007026000    0.0018588500   -0.0000011600
  -0.0017334100    0.0012059600    0.0000314300
  -0.0021375400   -0.0003741800    0.0000331800
  -0.0003992800   -0.0011208900    0.0000311900
   0.0011865600   -0.0008415500   -0.0000017000
   0.0013223700   -0.0004798000    0.0000099400
   0.0012065700    0.0006646300    0.0000069000
   0.0006837700    0.0014923200    0.0000069500
   0.0005587600    0.0016146800    0.0000097900
   0.0020445800    0.0017443700    0.0000165700
  -0.0009838400    0.0024030000    0.0002560300
  -0.0057949200    0.0006050300    0.0000568500
  -0.0040489800   -0.0033524000    0.0000526600
   0.0016680900   -0.0024026300    0.0002665800
   0.0019318800   -0.0017927100    0.0000149900
   0.0024085800   -0.0006737200    0.0000110400
   0.0016646600    0.0002989300    0.0000057900
   0.0012461700    0.0011486800    0.0000109500
   0.0032187000    0.0018884100   -0.0000015600
   0.0064882400    0.0045689600    0.0001954500
  -0.0001544500    0.0098406300   -0.0026481500
  -0.0306950300   -0.0043806900    0.0027606100
   0.0122018300   -0.0047035100   -0.0027772200
   0.0051493200   -0.0034466100    0.0002027300
   0.0031368600   -0.0013013000   -0.0000017300
   0.0025635500   -0.0006325600    0.0000113800
   0.0020279500    0.0002155300    0.0000114200
   0.0028111600    0.0009498100    0.0000012300
   0.0058988500    0.0035766500    0.0003739500
   0.0163600200    0.0206840200   -0.0042811100
  -0.0626259900    0.0908593500    0.0700734300
  -0.4921114600    0.3095814900    0.0774965800
   0.0128246800   -0.0041777900   -0.0042007100
   0.0036412600   -0.0005323700    0.0003653700
   0.0025651300    0.0000451000    0.0000017300
   0.0023339700   -0.0002783100    0.0000085900
   0.0020007400   -0.0011332900    0.0000122800
   0.0024877300   -0.0012468300    0.0000223800
   0.0028703300   -0.0059665100   -0.0000908300
  -0.0126579900   -0.0323748700    0.0024650200
   0.0050185000   -0.0020870600    0.0026289100
   0.0040219500   -0.0003501800   -0.0000890900
   0.0027649400   -0.0002545000    0.0000214500
   0.0020557800   -0.0008672900    0.0000124100
   0.0013096000   -0.0007172200    0.0000076100
   0.0013255600   -0.0014416200    0.0000112500
   0.0003109600   -0.0030925800    0.0000366800
  -0.0026083900   -0.0064429700    0.0002963700
   0.0004855300    0.0001770500    0.0027323200
  -0.0124937700    0.0162341400    0.0026566000
   0.0028436700    0.0032890800    0.0002878000
   0.0024104300    0.0010562700    0.0000373800
   0.0015830200    0.0000176800    0.0000112400
   0.0012150500   -0.0003101600    0.0000069700
   0.0001652900   -0.0010170800    0.0000069700
   0.0003485200   -0.0014472600    0.0000127300
  -0.0006442100   -0.0020281400    0.0000313200
  -0.0014781700   -0.0017816300   -0.0002855100
  -0.0011247900    0.0029461200    0.0002737600
  -0.0014775800    0.0054013500   -0.0002782100
   0.0010940500    0.0025636200    0.0000314000
   0.0010882000    0.0009559400    0.0000126800
   0.0000900900    0.0010565500    0.0000078200
   0.0000806500   -0.0002492600    0.0000069600
   0.0002330000   -0.0002617100    0.0000078300
   0.0002842800   -0.0012091300    0.0000079500
  -0.0003194600   -0.0009406600    0.0000319700
  -0.0005629400   -0.0000903300    0.0000188100
  -0.0000953500    0.0017229100    0.0000206500
   0.0000619300    0.0024249900    0.0000311000
   0.0001075200    0.0014454600    0.0000079500
  -0.0006494300    0.0012639900    0.0000106900
  -0.0012387300    0.0000885400    0.0000119600
   0.0000849500   -0.0006813700    0.0000119400
   0.0003165800   -0.0007040900    0.0000107500
   0.0008561500   -0.0004736800    0.0000116500
  -0.0000100100   -0.0002963900    0.0000078700
   0.0002518700    0.0011150800    0.0000083200
   0.0006982600    0.0014145800    0.0000076500
  -0.0003421500    0.0019206700    0.0000117700
   0.0014927800   -0.0026397500   -0.0000773800
   0.0021191400   -0.0003940800   -0.0000747600
   0.0014754400    0.0021249300   -0.0000772900
  -0.0009466000    0.0016849800   -0.0000780800
  -0.0004560700    0.0016988500   -0.0000122300
  -0.0011556900    0.0003484100   -0.0000103200
  -0.0008641100   -0.0010591500   -0.0000058400
  -0.0007130800   -0.0012955100   -0.0000102000
  -0.0009918700   -0.0017121000   -0.0000126400
  -0.0012912700   -0.0038298400   -0.0000786200
   0.0041525800   -0.0035621700    0.0006287400
   0.0065543200    0.0024554900    0.0005483200
  -0.0012607100    0.0078726100    0.0006332800
  -0.0019412300    0.0032891100   -0.0000823100
  -0.0021083500    0.0015352100   -0.0000124200
  -0.0022055700    0.0004184600   -0.0000100500
  -0.0010506200   -0.0003909800   -0.0000100700
  -0.0017790100   -0.0014210500   -0.0000126000
  -0.0048085600   -0.0027545600   -0.0001319000
  -0.0048250500   -0.0114733600    0.0005265500
   0.0465869000    0.0073206200   -0.0200251300
  -0.0420376900    0.0907719700   -0.0194977100
  -0.0077014000    0.0043544000    0.0005373900
  -0.0032836300    0.0008193700   -0.0001317400
  -0.0029223400    0.0002075800   -0.0000068800
  -0.0021325100    0.0001228500   -0.0000107600
  -0.0021877300   -0.0008625100   -0.0000066800
  -0.0039218300    0.0000910500   -0.0000780900
  -0.0132944700    0.0010939200    0.0008695700
  -0.0854950600   -0.0122326900   -0.0194524900
   0.6923146500   -0.4706347100   -0.0657728600
  -0.0391113100   -0.0149639300   -0.0185717000
  -0.0047483900   -0.0005553000    0.0008315400
  -0.0032132700   -0.0002533500   -0.0000757400
  -0.0023560500   -0.0003295600   -0.0000114500
  -0.0025332700   -0.0002916100   -0.0000112600
  -0.0024667000    0.0020128400   -0.0000053700
  -0.0026315200    0.0034378900   -0.0001154200
   0.0000650500    0.0086386900   -0.0000174000
  -0.0085831400    0.0074785200   -0.0037337600
   0.0167627000    0.0008814900   -0.0038582600
  -0.0079018500   -0.0003148600   -0.0000080200
  -0.0040234400   -0.0003820100   -0.0001177800
  -0.0021163500    0.0007357500   -0.0000050700
  -0.0020722000    0.0008246400   -0.0000108100
  -0.0017570800    0.0001465000   -0.0000096400
  -0.0009954100    0.0016942300   -0.0000175700
  -0.0000480600    0.0031378400   -0.0000126700
   0.0032460700    0.0005265700   -0.0007287800
   0.0067060100   -0.0037488300   -0.0000306800
  -0.0004315300   -0.0093818700   -0.0007042900
  -0.0024805600   -0.0021700300   -0.0000140500
  -0.0020986900   -0.0008391800   -0.0000173400
  -0.0011815800   -0.0006592400   -0.0000096800
  -0.0007519500   -0.0001040900   -0.0000070900
  -0.0009767000    0.0011576300   -0.0000087400
  -0.0000985700    0.0012695200   -0.0000227200
   0.0008920700    0.0007197300    0.0000204100
   0.0020161800    0.0000609400   -0.0000363900
   0.0015692900   -0.0022654200   -0.0000333100
  -0.0006445700   -0.0036567800    0.0000179100
  -0.0012172700   -0.0015993900   -0.0000223600
  -0.0006694100   -0.0003374300   -0.0000087700
  -0.0004922800   -0.0000947300   -0.0000082500
   0.0001952100    0.0006662800   -0.0000082500
   0.0001016700    0.0015161100   -0.0000090500
  -0.0007490000    0.0005754100   -0.0000142100
   0.0010233300    0.0001300200   -0.0000197200
   0.0005919100   -0.0003508400   -0.0000166800
  -0.0004214300   -0.0018626100   -0.0000201200
   0.0004900900   -0.0020485800   -0.0000141600
  -0.0007327400   -0.0005008800   -0.0000090700
  -0.0001989200   -0.0009021000   -0.0000148000
   0.0006413600   -0.0000762100   -0.0000212400
   0.0008751600    0.0010578400   -0.0000144300
  -0.0006661400    0.0008992000   -0.0000088400
   0.0002181400    0.0008438200   -0.0000097800
   0.0002085000   -0.0005928500   -0.0000085400
  -0.0006571300   -0.0013742700   -0.0000084900
  -0.0007937500   -0.0012718700   -0.0000096500
   0.0003779500   -0.0018146100   -0.0000087600

111  
  0.0117221620790471  -0.0203033802966008  -0.0187180037590592
  -0.0008779400   -0.0012525500    0.0000026800
   0.0009677400   -0.0008697100   -0.0000312400
   0.0022921300    0.0001086400   -0.0000324900
   0.0010722200    0.0013905100   -0.0000315200
   0.0002456300    0.0014905000    0.0000020900
  -0.0004339300    0.0008834600   -0.0000095600
  -0.0006925100    0.0005137200   -0.0000067900
  -0.0013235600   -0.0002430700   -0.0000067300
  -0.0012210300   -0.0011899400   -0.0000097500
  -0.0019022900   -0.0025168200   -0.0000136300
   0.0002463700   -0.0029474000   -0.0002771000
   0.0049691200   -0.0015193400   -0.0000454900
   0.0049721700    0.0023389700   -0.0000503900
  -0.0009603000    0.0018527000   -0.0002655600
  -0.0021204300    0.0011608100   -0.0000153300
  -0.0010378000    0.0003094200   -0.0000109100
  -0.0016663200   -0.0004687700   -0.0000056100
  -0.0026126800   -0.0013703600   -0.0000110000
  -0.0041387400   -0.0022362600    0.0000032800
  -0.0062577900   -0.0046440300   -0.0002149500
  -0.0010987200   -0.0106806800    0.0029654000
   0.0311070100    0.0037457200   -0.0027028800
  -0.0113077000    0.0040818000    0.0028249300
  -0.0053690600    0.0034598100   -0.0002069000
  -0.0024456100    0.0009409000    0.0000031000
  -0.0017104400   -0.0004178100   -0.0000112600
  -0.0027385100   -0.0011823100   -0.0000112300
  -0.0031521100   -0.0003796900   -0.0000016300
  -0.0057368600   -0.0029544200   -0.0003646400
  -0.0178885400   -0.0212764400    0.0042802100
   0.0754540100   -0.0837993000   -0.0731510300
   0.5581437700   -0.3302719300   -0.0644343000
  -0.0113824900    0.0033013400    0.0043550400
  -0.0037651000    0.0009179600   -0.0003730000
  -0.0022846100    0.0005481300   -0.0000011700
  -0.0021857900   -0.0004729200   -0.0000082900
  -0.0020948600   -0.0005583400   -0.0000118500
  -0.0028812900    0.0009998200   -0.0000227800
  -0.0031519300    0.0065745400    0.0000934200
   0.0125248000    0.0342378500   -0.0026510100
  -0.0056188700    0.0017747900   -0.0024960200
  -0.0034900500    0.0004854200    0.0000946400
  -0.0022217500   -0.0000990100   -0.0000235700
  -0.0018827400   -0.0007057900   -0.0000117400
  -0.0013867200   -0.0001808900   -0.0000074300
  -0.0011796700    0.0008048400   -0.0000109100
  -0.0009379400    0.0029562800   -0.0000359700
   0.0033438200    0.0060798500   -0.0002732000
  -0.0010549400   -0.0012007600   -0.0025507900
   0.0119187600   -0.0162116900   -0.0026202300
  -0.0035814100   -0.0033575100   -0.0002810800
  -0.0015354600   -0.0012417500   -0.0000353000
  -0.0015145700   -0.0005958100   -0.0000109500
  -0.0003452100   -0.0005318000   -0.0000068100
  -0.0010867900    0.0002313400   -0.0000068100
  -0.0003000400    0.0015743200   -0.0000122600
   0.0005364100    0.0028674100   -0.0000315400
   0.0009233800    0.0019296000    0.0002644000
   0.0011798400   -0.0017886000   -0.0002642300
   0.0017054900   -0.0049128900    0.0002712400
  -0.0010583500   -0.0015289000   -0.0000314900
  -0.0008362800   -0.0007950700   -0.0000123100
  -0.0003912900   -0.0000724000   -0.0000076700
  -0.0000609700    0.0000685500   -0.0000068200
   0.0001177700    0.0013588700   -0.0000076700
   0.0004134500    0.0012774800   -0.0000076700
   0.0003084900    0.0012027000   -0.0000294500
   0.0003132600   -0.0005482900   -0.0000200900
   0.0003088500   -0.0024099600   -0.0000183800
  -0.0001187100   -0.0020243200   -0.0000302800
  -0.0007766900   -0.0011839700   -0.0000076600
  -0.0003822000   -0.0007639500   -0.0000104300
   0.0000854000   -0.0005000300   -0.0000116700
   0.0012246000    0.0003359200   -0.0000116900
   0.0005041500    0.0011826100   -0.0000103500
   0.0005095600    0.0012863100   -0.0000116100
  -0.0004894400    0.0002842100   -0.0000074200
  -0.0003701500   -0.0003171600   -0.0000080600
  -0.0001030000   -0.0014517300   -0.0000076100
  -0.0009347200   -0.0009782500   -0.0000114700
   0.0003489500    0.0016506900    0.0000800800
  -0.0017193500    0.0011718400    0.0000743800
  -0.0020049700   -0.0014360300    0.0000715800
  -0.0007261200   -0.0026774700    0.0000792200
   0.0010243900   -0.0009531200    0.0000120400
   0.0005819200   -0.0004996700    0.0000100800
   0.0009559000   -0.0002283400    0.0000057400
   0.0012156200    0.0011965400    0.0000101900
   0.0003244000    0.0023830400    0.0000116000
   0.0014583400    0.0047816200    0.0000851100
  -0.0026765400    0.0041627900   -0.0006960100
  -0.0066206000   -0.0017717300   -0.0005522600
  -0.0002046600   -0.0074267000   -0.0006910700
   0.0019191700   -0.0023930400    0.0000811300
   0.0015197900   -0.0004794100    0.0000118200
   0.0009778900    0.0002709800    0.0000098000
   0.0023717700    0.0010307800    0.0000097800
   0.0021808800    0.0024495100    0.0000116300
   0.0040989600    0.0022127200    0.0001336800
   0.0050630000    0.0107770600   -0.0005922700
  -0.0460784400   -0.0061663400    0.0212123100
   0.0436541900   -0.0956020400    0.0218096800
   0.0077444500   -0.0049006000   -0.0005812400
   0.0040124100   -0.0013874700    0.0001338300
   0.0016867800   -0.0003930800    0.0000061600
   0.0021389200    0.0003911100    0.0000106700
   0.0033688500    0.0005342900    0.0000063700
   0.0047797300   -0.0006244100    0.0000735400
   0.0126102100   -0.0012339600   -0.0008103200
   0.0862630500    0.0112686100    0.0182342200
  -0.7723047700    0.4873880100    0.0532711200
   0.0390114800    0.0158953200    0.0191151900
   0.0051457200    0.0006743300   -0.0008478500
   0.0024006500   -0.0002308600    0.0000757600
   0.0021715600   -0.0004190700    0.0000113600
   0.0025793400   -0.0005537200    0.0000114400
   0.0022315400   -0.0000589900    0.0000060600
   0.0033479100   -0.0027882000    0.0001057600
  -0.0010982600   -0.0089739400    0.0000597200
   0.0089157300   -0.0077016200    0.0034079800
  -0.0165958900   -0.0000475500    0.0032932400
   0.0082561000    0.0003215800    0.0000668300
   0.0030603900    0.0011279800    0.0001037100
   0.0023861000    0.0012133500    0.0000063100
   0.0019156200    0.0003354800    0.0000106300
   0.0010210500   -0.0011269400    0.0000094000
   0.0014750800   -0.0016307300    0.0000178700
  -0.0000452900   -0.0032439800    0.0000102700
  -0.0036905000    0.0003312700    0.0006842100
  -0.0062110700    0.0033460000    0.0000341100
   0.0010258700    0.0094715300    0.0007064700
   0.0023303400    0.0019637400    0.0000090300
   0.0015658300    0.0009227800    0.0000180500
   0.0017952800   -0.0004428500    0.0000093600
   0.0008002200   -0.0004556100    0.0000070300
   0.0002249700   -0.0006058200    0.0000085200
   0.0001401700   -0.0016785000    0.0000219800
  -0.0012114500   -0.0015723400   -0.0000159100
  -0.0024068800    0.0008146800    0.0000321200
  -0.0010586700    0.0029781800    0.0000350600
   0.0010582500    0.0025477600   -0.0000183700
   0.0010844100    0.0011995100    0.0000223500
   0.0012315200    0.0008013900    0.0000084800
  -0.0000902800    0.0004684300    0.0000079400
   0.0004198000   -0.0003266700    0.0000079400
   0.0002570700   -0.0004235600    0.0000088800
  -0.0011203800   -0.0013153100    0.0000136400
  -0.0001426400   -0.0004721100    0.0000195700
  -0.0006633000    0.0014212900    0.0000162900
  -0.0003646000    0.0014881200    0.0000192100
   0.0015135400    0.0012185700    0.0000137200
   0.0001252700    0.0015421200    0.0000088400
  -0.0009539000    0.0009844500    0.0000141700
  -0.0006658300   -0.0005068100    0.0000213400
   0.0002433800   -0.0010802100    0.0000146000
  -0.0004819700   -0.0013762700    0.0000088000
   0.0005648900   -0.0004649500    0.0000095200
   0.0005220400   -0.0003360700    0.0000082800
  -0.0000737100    0.0005319500    0.0000083300
   0.0000617500    0.0016441600    0.0000096300
   0.0007364100    0.0011881000    0.0000087900

125  
 -0.0117221620790471   0.0203033802966008   0.0187180037590592
   0.0011769500   -0.0029095100    0.0000067700
   0.0008850400   -0.0032189000    0.0000113400
   0.0002215700   -0.0032312700    0.0000141100
  -0.0005254200   -0.0019321800    0.0000112900
  -0.0008500000   -0.0009989000    0.0000066800
  -0.0013710100   -0.0011921700    0.0000109200
  -0.0010168200   -0.0015169900    0.0000119200
   0.0000611000   -0.0021722100    0.0000119200
   0.0014066200   -0.0028299100    0.0000109500
   0.0032418100   -0.0037575900    0.0000050700
   0.0021113200   -0.0029490200    0.0000111100
   0.0008569000   -0.0025470300    0.0000045000
   0.0004609800   -0.0020667500    0.0000045100
  -0.0007463700   -0.0014180700    0.0000111000
  -0.0026275800   -0.0015622300    0.0000053700
  -0.0027776300   -0.0026539300    0.0000089900
  -0.0017692700   -0.0042288100    0.0000271000
   0.0012433400   -0.0045010400    0.0000088200
   0.0067049500   -0.0049170900    0.0003435200
   0.0049126700   -0.0029162400   -0.0000202900
   0.0025946000   -0.0018898800    0.0000137300
   0.0009952800   -0.0006755100    0.0000047400
   0.0002268700   -0.0007585200    0.0000137100
  -0.0017337700   -0.0002777600   -0.0000200700
  -0.0057594200   -0.0011020100    0.0003400700
  -0.0080239900   -0.0060488800    0.0001057300
   0.0001515300   -0.0094044800    0.0001068900
   0.0301697200   -0.0065437800   -0.0052575300
   0.0097889000   -0.0038529000    0.0004782900
   0.0037180900   -0.0013877900   -0.0000234100
   0.0021255100   -0.0003605300    0.0000113600
   0.0013831900    0.0002232800    0.0000113100
   0.0014542300    0.0007176900   -0.0000232600
  -0.0014030600    0.0019431500    0.0004772000
  -0.0195700400    0.0055895500   -0.0052360200
  -0.0251301700   -0.0213016300    0.0040828600
  -0.3229153000    0.2975997700    0.0990745400
   0.0164070100   -0.0036082500   -0.0054722900
   0.0039702900    0.0014182800    0.0003758200
   0.0022204500    0.0010496500   -0.0000003100
   0.0018938300    0.0003722300   -0.0000007100
   0.0039135500    0.0045291200    0.0003804600
   0.0047399900    0.0190335000   -0.0055440500
  -0.0892090600    0.1649819800    0.0942691200
  -0.0905707700    0.4908605500    0.0885783400
  -0.0260050600    0.0450987000    0.0041145900
  -0.0013580800    0.0088990400    0.0000982600
   0.0011106500    0.0022094900    0.0000072400
   0.0012066100    0.0008460400    0.0000078200
   0.0010561500    0.0010770400    0.0000077700
   0.0035020900    0.0017084400    0.0000071700
   0.0094005900    0.0045943700    0.0000967400
   0.0310688400    0.0127873900    0.0040793200
  -0.0087837200   -0.0305988400   -0.0054471300
  -0.0057097500   -0.0167936100   -0.0053530900
  -0.0072828800    0.0055037700    0.0001004300
  -0.0020076800    0.0037439700    0.0000273000
  -0.0001849100    0.0015033800    0.0000121400
   0.0012100400    0.0011677100    0.0000066000
   0.0025296000    0.0004499000    0.0000121600
   0.0046370000    0.0000977200    0.0000272400
   0.0079521800   -0.0045800400    0.0001001400
   0.0005894400   -0.0081330100    0.0003641200
  -0.0011069800   -0.0108193700    0.0004750900
  -0.0028746800   -0.0024159600    0.0003556600
  -0.0023113600    0.0005072500    0.0000083400
  -0.0011721800    0.0007650500    0.0000121100
  -0.0000460800   -0.0003080700    0.0000059100
   0.0013703900   -0.0010341200    0.0000059100
   0.0023511900   -0.0014092100    0.0000121200
   0.0027213400   -0.0036635500    0.0000080400
   0.0010283100   -0.0041224100    0.0000037500
  -0.0002395600   -0.0057730500   -0.0000208400
  -0.0003557300   -0.0043562400   -0.0000206900
  -0.0013510000   -0.0013835800    0.0000044400
  -0.0009110100   -0.0002682200    0.0000110000
  -0.0011779000   -0.0008061100    0.0000065600
   0.0000670300   -0.0009817100    0.0000060500
   0.0015920500   -0.0020674800    0.0000065600
   0.0013073100   -0.0024645100    0.0000110200
  -0.0008535600    0.0023568700   -0.0000102100
  -0.0005270200    0.0028081800   -0.0000097200
   0.0002585600    0.0021952400   -0.0000096700
   0.0005219800    0.0007702100   -0.0000101900
   0.0020942800    0.0016977100   -0.0000109900
   0.0013573000    0.0022119800   -0.0000048000
   0.0005167800    0.0030618300   -0.0000035400
  -0.0009476800    0.0039126000   -0.0000046900
  -0.0024326300    0.0037545700   -0.0000109600
  -0.0028196100    0.0033258500   -0.0000048400
  -0.0011982900    0.0019344800   -0.0000095700
  -0.0006472800    0.0012964400   -0.0000047600
  -0.0001083800    0.0008755500   -0.0000095500
   0.0017261800    0.0008512100   -0.0000048600
   0.0030477700    0.0022032600   -0.0000578800
   0.0023223200    0.0052045800   -0.0001535700
   0.0006092200    0.0073697800   -0.0001546100
  -0.0029734000    0.0056833700   -0.0000585900
  -0.0060977000    0.0033057700   -0.0001532400
  -0.0036690200    0.0009042000   -0.0000035800
  -0.0018563200    0.0002411400   -0.0000096200
  -0.0005594400   -0.0000255700   -0.0000096300
   0.0007306100   -0.0009945500   -0.0000036000
   0.0034740700   -0.0019513900   -0.0001529100
   0.0092097100    0.0035139200    0.0006971100
   0.0056886000    0.0143805000    0.0011079200
  -0.0074086100    0.0126756000    0.0006997300
  -0.0145062100    0.0014641300    0.0011357100
  -0.0066709100   -0.0005309300   -0.0001570700
  -0.0026356800   -0.0003700400   -0.0000047400
  -0.0019124400    0.0001935800   -0.0000110200
  -0.0011875200   -0.0007557900   -0.0000046300
   0.0005305800   -0.0032562000   -0.0001570100
   0.0058373700   -0.0103163900    0.0011393000
   0.0675749200    0.0293779400   -0.0194210800
  -0.0581803300    0.0864112800   -0.0191717800
  -0.0479865800   -0.0366672500   -0.0199790100
  -0.0072562100   -0.0061634000    0.0007424000
  -0.0035304600   -0.0022463300   -0.0000626300
  -0.0009895300   -0.0019059500   -0.0000090900
   0.0000166800    0.0002303800   -0.0000090000
  -0.0029048000   -0.0015930500   -0.0000638900
  -0.0082592000   -0.0063305800    0.0007730800
  -0.0593572500   -0.0442039200   -0.0209205400
   0.6103157100   -1.1397496200   -0.1540015400
   0.0563736700    0.0223472300   -0.0204619900
   0.0061213100   -0.0102427800    0.0011253000
  -0.0004446200   -0.0039255100   -0.0001540200
  -0.0012551800   -0.0011788400   -0.0000043000
  -0.0013412300   -0.0008889100   -0.0000111000
  -0.0022905200   -0.0005442400   -0.0000041700
  -0.0057404700   -0.0002802500   -0.0001551600
  -0.0153748500    0.0018606200    0.0011574500
  -0.0487556800    0.0977758900   -0.0211522500
   0.0059268900    0.0138870400    0.0011455300
   0.0090745800    0.0035301400    0.0007451700
   0.0036296100   -0.0017312000   -0.0001539700
   0.0004606500   -0.0014790300   -0.0000037100
  -0.0008943600    0.0001888100   -0.0000096900
  -0.0016058500    0.0008282800   -0.0000097100
  -0.0033432200    0.0007273700   -0.0000035300
  -0.0063683400    0.0032847900   -0.0001562900
  -0.0073348200    0.0137106100    0.0007796600
  -0.0007595400    0.0070038500   -0.0001564800
   0.0038811500    0.0053114700   -0.0001560000
   0.0035903400    0.0021674300   -0.0000599800
   0.0009305300   -0.0000204900   -0.0000046300
   0.0009117000    0.0003638300   -0.0000097300
  -0.0007807600    0.0016797300   -0.0000047300
  -0.0023385600    0.0016747300   -0.0000097000
  -0.0020286500    0.0025085100   -0.0000043100
  -0.0034466500    0.0058201900   -0.0000620500
  -0.0018313600    0.0039227200   -0.0000044600
   0.0005615400    0.0033815800   -0.0000033600
   0.0024160500    0.0023346800   -0.0000046000
   0.0012921900    0.0010788100   -0.0000110800
   0.0016964300    0.0014241100   -0.0000102900
   0.0007565500    0.0013935100   -0.0000097300
  -0.0011672800    0.0021160100   -0.0000096800
  -0.0021792200    0.0031211300   -0.0000102600
  -0.0015574400    0.0031298800   -0.0000108900

125  
  0.0117221620790471  -0.0203033802966008  -0.0187180037590592
  -0.0026554500    0.0035975700   -0.0000067300
  -0.0015697900    0.0036555200   -0.0000112400
  -0.0001146800    0.0030689700   -0.0000141300
   0.0010771400    0.0022750500   -0.0000113000
   0.0021597900    0.0016960500   -0.0000068000
   0.0021969900    0.0016382400   -0.0000109700
   0.0015393200    0.0027423000   -0.0000119100
  -0.0006383400    0.0034811500   -0.0000119100
  -0.0019829300    0.0033247500   -0.0000109400
  -0.0029671200    0.0030615500   -0.0000043600
  -0.0026315200    0.0025320200   -0.0000111600
  -0.0015752300    0.0018790500   -0.0000044800
   0.0001988000    0.0012528600   -0.0000044800
   0.0011984200    0.0009228700   -0.0000111800
   0.0023080700    0.0009349900   -0.0000040400
   0.0041195800    0.0022683600   -0.0000084100
   0.0018603400    0.0040595200   -0.0000269600
  -0.0025052400    0.0043288400   -0.0000086000
  -0.0075823700    0.0046048400   -0.0003526800
  -0.0044554500    0.0029562800    0.0000201300
  -0.0027772400    0.0014741400   -0.0000136600
  -0.0011721200    0.0012995000   -0.0000047000
  -0.0000839300    0.0002361900   -0.0000137000
   0.0012732400    0.0002642400    0.0000204200
   0.0062829100    0.0006501200   -0.0003564800
   0.0089917100    0.0048506500   -0.0001056500
  -0.0005839100    0.0084655900   -0.0001044700
  -0.0307846100    0.0070118600    0.0053940000
  -0.0097830000    0.0044197800   -0.0004757400
  -0.0048023200    0.0008061600    0.0000228600
  -0.0026627100    0.0005692500   -0.0000111500
  -0.0010420800    0.0000768000   -0.0000111900
  -0.0003379600   -0.0013754100    0.0000230600
   0.0009157700   -0.0016961400   -0.0004775100
   0.0190784700   -0.0054714200    0.0054219200
   0.0267725100    0.0199115500   -0.0040161700
   0.3784105600   -0.3241382300   -0.0883850900
  -0.0170844500    0.0032121800    0.0054209400
  -0.0045915100   -0.0013753700   -0.0003678300
  -0.0022830400   -0.0017527700   -0.0000003200
  -0.0020757400   -0.0009539200   -0.0000006700
  -0.0035107800   -0.0046046700   -0.0003634600
  -0.0049990200   -0.0198538200    0.0053551900
   0.0995019300   -0.1607442800   -0.0942650700
   0.0968034800   -0.4310005200   -0.0993146100
   0.0258252100   -0.0458973900   -0.0041130300
   0.0004390100   -0.0090714500   -0.0000959200
  -0.0007823900   -0.0024568400   -0.0000076300
  -0.0007033400   -0.0007351900   -0.0000077000
  -0.0015494900   -0.0009932600   -0.0000077500
  -0.0041369300   -0.0018643700   -0.0000076900
  -0.0085558000   -0.0046332000   -0.0000972500
  -0.0307741500   -0.0117427400   -0.0041428200
   0.0094874700    0.0295651300    0.0053088100
   0.0046543900    0.0158713200    0.0054032600
   0.0071859300   -0.0054276400   -0.0001027100
   0.0017220700   -0.0028057100   -0.0000273100
  -0.0002707400   -0.0009458100   -0.0000121200
  -0.0011314900    0.0002657900   -0.0000065700
  -0.0022206900    0.0001213000   -0.0000121000
  -0.0045116400    0.0010308400   -0.0000273500
  -0.0075031100    0.0049767600   -0.0001028000
  -0.0008454600    0.0091162300   -0.0003546700
   0.0011168900    0.0105155800   -0.0004773900
   0.0031356400    0.0035012600   -0.0003632100
   0.0029037200   -0.0003885500   -0.0000079400
   0.0011082700   -0.0003439100   -0.0000121000
  -0.0002113900   -0.0001355600   -0.0000058900
  -0.0011132000    0.0004855800   -0.0000059000
  -0.0023342000    0.0019039600   -0.0000120800
  -0.0032990300    0.0040057400   -0.0000082500
  -0.0019920300    0.0046835500   -0.0000044700
  -0.0008989800    0.0053829300    0.0000210100
   0.0016090900    0.0040285000    0.0000211800
   0.0020801600    0.0019037100   -0.0000037600
   0.0021998700    0.0011527400   -0.0000110000
   0.0006473900    0.0008948900   -0.0000065400
  -0.0001628300    0.0018831000   -0.0000060300
  -0.0009362200    0.0021180100   -0.0000065400
  -0.0025068200    0.0034831800   -0.0000109700
   0.0025886700   -0.0034707200    0.0000102300
   0.0008934600   -0.0022350800    0.0000097000
  -0.0006950100   -0.0016611400    0.0000097500
  -0.0020528200   -0.0018364200    0.0000102700
  -0.0014319900   -0.0009643700    0.0000108200
  -0.0019059300   -0.0023607100    0.0000041800
  -0.0004670600   -0.0043655200    0.0000031300
   0.0013704300   -0.0040619100    0.0000043000
   0.0016668400   -0.0031571800    0.0000107900
   0.0028193200   -0.0024555500    0.0000046800
   0.0024560100   -0.0016684600    0.0000096500
   0.0006012700   -0.0011596800    0.0000048000
  -0.0010254600   -0.0005146000    0.0000096800
  -0.0015772800    0.0000645700    0.0000046400
  -0.0035505200   -0.0010718100    0.0000621200
  -0.0035916900   -0.0044255800    0.0001586300
   0.0005981600   -0.0067416000    0.0001574900
   0.0032704400   -0.0047065500    0.0000612400
   0.0052899200   -0.0038132200    0.0001533400
   0.0034223700   -0.0015184900    0.0000035800
   0.0020243500   -0.0005827800    0.0000095300
   0.0005593200   -0.0002400300    0.0000095300
  -0.0004107700    0.0004997900    0.0000035400
  -0.0025359000    0.0015140800    0.0001538900
  -0.0103703000   -0.0034066100   -0.0007637500
  -0.0059618800   -0.0136534900   -0.0011743800
   0.0085199500   -0.0132136400   -0.0007619700
   0.0155702000   -0.0019547500   -0.0011412100
   0.0060023300    0.0007052700    0.0001560400
   0.0034282600    0.0007371200    0.0000048100
   0.0020765600   -0.0002950400    0.0000109900
   0.0007388100    0.0011243300    0.0000049000
   0.0002252200    0.0034598600    0.0001562300
  -0.0062056900    0.0100890500   -0.0011393100
  -0.0685235300   -0.0294221000    0.0207533600
   0.0603273600   -0.0917662000    0.0210540300
   0.0482916600    0.0393347800    0.0205364900
   0.0083104600    0.0069664100   -0.0007382200
   0.0032680100    0.0024974300    0.0000612000
   0.0008899700    0.0019760500    0.0000091700
   0.0002020400   -0.0002901000    0.0000093500
   0.0032727500    0.0017542200    0.0000600700
   0.0075752800    0.0070302400   -0.0007074000
   0.0598765800    0.0451327500    0.0195827500
  -0.6823810000    1.0991915500    0.1540478100
  -0.0562433000   -0.0232504400    0.0199141400
  -0.0053668200    0.0103635200   -0.0011256300
   0.0006693200    0.0037437900    0.0001517600
   0.0009310400    0.0012396800    0.0000045600
   0.0014818500    0.0001764000    0.0000111400
   0.0027316200    0.0004941600    0.0000046700
   0.0055797300    0.0000026200    0.0001505200
   0.0148540900   -0.0021283300   -0.0010921100
   0.0465007300   -0.0947724100    0.0192629700
  -0.0058219500   -0.0142833100   -0.0011402200
  -0.0096904900   -0.0029461400   -0.0007503500
  -0.0034121200    0.0012789400    0.0001561500
  -0.0006263800    0.0003805000    0.0000037400
   0.0004791000    0.0004545600    0.0000098600
   0.0020020300   -0.0002790800    0.0000098400
   0.0036669800   -0.0019399700    0.0000039300
   0.0061356800   -0.0037878700    0.0001535800
   0.0076345400   -0.0131783800   -0.0007167900
   0.0001320600   -0.0066252500    0.0001563800
  -0.0031989200   -0.0049651800    0.0001569200
  -0.0031255400   -0.0011115600    0.0000615800
  -0.0026940700   -0.0008089200    0.0000044000
   0.0000121600   -0.0008293000    0.0000096300
   0.0006747500   -0.0007333800    0.0000047500
   0.0014788200   -0.0021475700    0.0000096500
   0.0039458100   -0.0034208500    0.0000047300
   0.0027452700   -0.0048325400    0.0000593300
   0.0006217300   -0.0039261200    0.0000046900
  -0.0005657600   -0.0040426300    0.0000034100
  -0.0012141100   -0.0024176700    0.0000045700
  -0.0023453400   -0.0016091200    0.0000110200
  -0.0008535500   -0.0010995500    0.0000102900
  -0.0000249200   -0.0023857500    0.0000097000
   0.0003855700   -0.0030280300    0.0000097600
   0.0013706200   -0.0028227700    0.0000102900
   0.0025888800   -0.0038369400    0.0000110900

126  
  0.0234443241590582   0.0000000000000033   0.0187180037590817
  -0.0010952400    0.0025913400    0.0000110000
  -0.0001115500    0.0029894700    0.0000050300
   0.0007516200    0.0013847000   -0.0000206500
   0.0009560200   -0.0011188500   -0.0000208500
   0.0008740700   -0.0023540800    0.0000035700
   0.0000649200   -0.0020076600    0.0000110400
  -0.0000976900   -0.0006009000    0.0000065900
  -0.0005411000    0.0006676300    0.0000060600
  -0.0006593100    0.0014764900    0.0000065900
   0.0002165700    0.0012885000    0.0000108500
  -0.0006382500    0.0016709300    0.0000066400
  -0.0006958800    0.0010199500    0.0000111700
   0.0000442700   -0.0003154400    0.0000140100
  -0.0002291000   -0.0015054900    0.0000112600
  -0.0005815600   -0.0021660900    0.0000068000
   0.0007578500   -0.0018120500    0.0000109900
   0.0009464100   -0.0007501700    0.0000119600
   0.0002654200    0.0006080200    0.0000119200
   0.0011255600    0.0017760300    0.0000087800
  -0.0003953500    0.0021234900    0.0000053900
  -0.0013803400    0.0012951800    0.0000109400
  -0.0012003500    0.0009501800    0.0000044500
  -0.0014525700   -0.0007404500    0.0000043500
  -0.0016720600   -0.0015107900    0.0000111000
  -0.0003359400   -0.0023437200    0.0000044200
   0.0020280900   -0.0024811000    0.0000081900
   0.0033090200   -0.0004599800    0.0000269200
   0.0078968000    0.0038022700    0.0001057100
  -0.0010279900    0.0040986700    0.0003416100
  -0.0036360200    0.0022615900   -0.0000194000
  -0.0026499500    0.0011333500    0.0000124500
  -0.0025128400    0.0001012700    0.0000063300
  -0.0023409400   -0.0014325500    0.0000139100
  -0.0032952700   -0.0025269200   -0.0000202600
  -0.0009610900   -0.0036579800    0.0003566500
   0.0083360800   -0.0038619800    0.0001050000
   0.0519717600   -0.0006037300    0.0040744900
  -0.0112365900    0.0120716900   -0.0053379000
  -0.0086739900    0.0056251500    0.0004768400
  -0.0044283700    0.0003828400   -0.0000178800
  -0.0033781600    0.0003621200    0.0000102400
  -0.0047317400   -0.0020860500   -0.0000210200
  -0.0082590300   -0.0062732800    0.0004753000
  -0.0112355300   -0.0132295300   -0.0053822900
   0.4225930000    0.1317292600    0.0991343400
   0.4666664400   -0.1651144500    0.0884202900
  -0.0217131700    0.0229148900   -0.0055362400
  -0.0074368300    0.0036009800    0.0003704700
  -0.0027013200    0.0013418800    0.0000057800
  -0.0027299400   -0.0003442600    0.0000053200
  -0.0047113600   -0.0011384100    0.0000036200
  -0.0072932100   -0.0038143600    0.0003578700
  -0.0212657800   -0.0231275800   -0.0053048400
  -0.0049394600    0.0322318100    0.0040997200
   0.1876672900   -0.0063662800    0.0944340100
  -0.0044651800   -0.0335221500    0.0040861100
  -0.0080534700   -0.0039043500    0.0000986200
  -0.0046677500   -0.0002386200    0.0000078300
  -0.0032873800    0.0006371500    0.0000108500
  -0.0030591700    0.0002842400    0.0000104000
  -0.0046739600    0.0011517600    0.0000083500
  -0.0078176600    0.0043200500    0.0001026700
  -0.0006735400    0.0106486100    0.0001032400
   0.0143928900    0.0141100600   -0.0052411300
   0.0145237300   -0.0127892200   -0.0054941200
  -0.0000630400   -0.0102172900    0.0001011500
  -0.0026555700   -0.0035052300    0.0000267200
  -0.0027108200   -0.0013701900    0.0000118800
  -0.0022759700   -0.0002564600    0.0000065100
  -0.0025876900    0.0013683600    0.0000118800
  -0.0030145600    0.0038536900    0.0000276000
  -0.0008978100    0.0045404600    0.0000088300
   0.0017393700    0.0055601900    0.0003473900
   0.0028945300    0.0000224500    0.0004751500
   0.0027036200   -0.0053290800    0.0003681000
   0.0002878300   -0.0038161700    0.0000078300
  -0.0014792600   -0.0021718900    0.0000119600
  -0.0013933800   -0.0001972400    0.0000060000
  -0.0010276900    0.0006932500    0.0000060500
  -0.0018403000    0.0027147500    0.0000119500
   0.0011130800   -0.0026799000   -0.0000112100
  -0.0004320300   -0.0012909400   -0.0000049200
  -0.0013795500    0.0001756000   -0.0000037200
  -0.0013734700    0.0009298500   -0.0000046500
   0.0005733600    0.0024532400   -0.0000108700
   0.0002273800    0.0015971200   -0.0000102600
   0.0004250200    0.0000018000   -0.0000096200
   0.0006148100   -0.0007556600   -0.0000097700
   0.0001279900   -0.0013876800   -0.0000102400
   0.0002757600   -0.0016340000   -0.0000110200
   0.0009970600   -0.0014379100   -0.0000100600
   0.0001366800   -0.0005962000   -0.0000095400
  -0.0003058400    0.0006385300   -0.0000095200
   0.0005213700    0.0019994000   -0.0000102700
   0.0000330000    0.0026442900   -0.0000108200
  -0.0010908500    0.0020380700   -0.0000042200
  -0.0003461100    0.0002939000   -0.0000030000
  -0.0003125700   -0.0011840500   -0.0000044400
  -0.0006046300   -0.0037458100   -0.0000581500
   0.0009876700   -0.0026718200   -0.0000051600
   0.0012334500   -0.0011740300   -0.0000094800
   0.0014027000   -0.0003960700   -0.0000055500
   0.0015967100    0.0007937300   -0.0000096800
   0.0016204300    0.0022647300   -0.0000050000
  -0.0007903500    0.0035192200   -0.0000608600
  -0.0029889700    0.0024943500   -0.0001580900
  -0.0023945400   -0.0024333200   -0.0001557400
  -0.0014104300   -0.0096934800    0.0007187300
   0.0022122900   -0.0050996300   -0.0001512600
   0.0030365900   -0.0014505000   -0.0000044800
   0.0029321100    0.0000030300   -0.0000096100
   0.0022845300    0.0004227900   -0.0000102000
   0.0032887400    0.0021787300   -0.0000039500
   0.0022908600    0.0052148900   -0.0001544800
  -0.0019506600    0.0092280100    0.0007418700
  -0.0116332100   -0.0005712700    0.0011446200
  -0.0092590600   -0.0590739000   -0.0203501100
   0.0093922200   -0.0114379700    0.0011503900
   0.0059448800   -0.0021174800   -0.0001501400
   0.0007200400    0.0011985700   -0.0000150000
   0.0009758500   -0.0017820900   -0.0000092500
   0.0043657500    0.0004933800   -0.0000066400
   0.0056688700    0.0032999900   -0.0001540900
   0.0091662200    0.0129313800    0.0011330100
  -0.0085868700    0.0602212000   -0.0199126800
  -1.2927298400    0.0379233100   -0.1540255900
   0.1102606200   -0.0063382300   -0.0211710000
   0.0154397300   -0.0002734000    0.0007479400
   0.0053148500   -0.0003741400   -0.0000547000
   0.0032987600   -0.0003672500   -0.0000117000
   0.0037095600    0.0003090400   -0.0000114800
   0.0059526300   -0.0000617300   -0.0000572200
   0.0150095400    0.0003729200    0.0007030200
   0.1053191000    0.0063711500   -0.0193005400
  -0.0083892000   -0.0737097900   -0.0194974300
  -0.0093901900    0.0738242000   -0.0209158700
   0.0093033300    0.0120884500    0.0011714900
   0.0059764400    0.0030106100   -0.0001588200
   0.0036272400    0.0013761200   -0.0000037900
   0.0034256400    0.0002457600   -0.0000102900
   0.0041065800   -0.0015526200   -0.0000046700
   0.0060411900   -0.0038276200   -0.0001544300
   0.0095858900   -0.0118852400    0.0011050800
  -0.0021247900   -0.0101435500    0.0007041500
  -0.0114900500   -0.0000753700    0.0011425100
  -0.0018219800    0.0106385100    0.0007851400
   0.0017766200    0.0046009100   -0.0001589900
   0.0034018600    0.0021031200   -0.0000026500
   0.0025235300    0.0011229700   -0.0000098400
   0.0021526400   -0.0009036400   -0.0000097500
   0.0039512500   -0.0027647000   -0.0000035400
   0.0024041600   -0.0045213000   -0.0001531800
  -0.0008482100   -0.0037089700   -0.0000574300
  -0.0031082700   -0.0021025300   -0.0001555800
  -0.0025598600    0.0015272900   -0.0001562500
  -0.0008415600    0.0033612500   -0.0000629300
   0.0015719600    0.0027129300   -0.0000039700
   0.0018424800    0.0007941300   -0.0000097200
   0.0010883500   -0.0004684500   -0.0000047100
   0.0010844500   -0.0011527900   -0.0000097300
   0.0017051800   -0.0029161100   -0.0000048600

126  
 -0.0234443241590582  -0.0000000000000033  -0.0187180037590817
  -0.0004249800   -0.0018755900   -0.0000110500
  -0.0006059500   -0.0024679900   -0.0000036400
  -0.0006439600   -0.0013773400    0.0000209900
  -0.0003612200    0.0016380400    0.0000205200
   0.0005020500    0.0031660700   -0.0000049600
   0.0008078800    0.0025306100   -0.0000109800
   0.0006192000    0.0018781200   -0.0000065800
  -0.0000726400    0.0006652000   -0.0000060400
   0.0000422800   -0.0009710700   -0.0000065900
   0.0000302500   -0.0019622300   -0.0000108900
   0.0001086700   -0.0020427500   -0.0000067500
  -0.0000145000   -0.0016034800   -0.0000112700
   0.0006537700   -0.0003830500   -0.0000140000
   0.0007495300    0.0011264300   -0.0000111500
   0.0003310500    0.0016510700   -0.0000066600
   0.0005959400    0.0015368500   -0.0000109400
  -0.0009405100    0.0006562200   -0.0000119500
  -0.0015959100   -0.0007576100   -0.0000119200
  -0.0020129600   -0.0020790700   -0.0000084300
   0.0008700200   -0.0020679900   -0.0000047800
   0.0012182000   -0.0016682800   -0.0000109800
   0.0010594000   -0.0002583600   -0.0000044300
   0.0016767600    0.0003071100   -0.0000043300
   0.0013433900    0.0016187700   -0.0000110400
   0.0009888200    0.0020573800   -0.0000050600
  -0.0011793500    0.0014959400   -0.0000085600
  -0.0040214900   -0.0004505500   -0.0000269100
  -0.0083316400   -0.0032074500   -0.0001080600
   0.0011244100   -0.0035611500   -0.0003490000
   0.0025693800   -0.0028219600    0.0000199700
   0.0021510700   -0.0008945300   -0.0000125500
   0.0029205200    0.0002422800   -0.0000063700
   0.0036078100    0.0008561600   -0.0000138500
   0.0031389600    0.0029726000    0.0000197400
   0.0012491400    0.0043058600   -0.0003493500
  -0.0081661600    0.0031773600   -0.0001027200
  -0.0521297100   -0.0008662900   -0.0040747300
   0.0106362900   -0.0123246200    0.0053877700
   0.0079883200   -0.0055230100   -0.0004800300
   0.0043751700   -0.0010568500    0.0000185600
   0.0032844500   -0.0009570500   -0.0000101700
   0.0053502700    0.0020499100    0.0000206500
   0.0089415500    0.0059325700   -0.0004726900
   0.0114715700    0.0117720200    0.0053336400
  -0.4721979400   -0.1686167500   -0.0883791200
  -0.4174655200    0.1288700300   -0.0990310700
   0.0208209000   -0.0228850700    0.0053996100
   0.0077813300   -0.0038582500   -0.0003616600
   0.0032256200   -0.0012513200   -0.0000063200
   0.0022698500    0.0004110900   -0.0000052900
   0.0041495900    0.0009233900   -0.0000029000
   0.0082613400    0.0035556100   -0.0003671100
   0.0214209200    0.0227506600    0.0054431200
   0.0045021400   -0.0340863200   -0.0040336600
  -0.1886038700   -0.0062945600   -0.0944546100
   0.0057136200    0.0326744000   -0.0041521400
   0.0079298900    0.0046167800   -0.0001010700
   0.0042638000    0.0007467700   -0.0000080100
   0.0033966700    0.0007655800   -0.0000108400
   0.0033828900    0.0002278200   -0.0000103800
   0.0047706200   -0.0001900500   -0.0000081700
   0.0079847300   -0.0044233500   -0.0001001200
   0.0001733800   -0.0096751100   -0.0001029600
  -0.0144366100   -0.0133683100    0.0054317500
  -0.0141910400    0.0148365200    0.0053068300
   0.0009041700    0.0103377000   -0.0001016100
   0.0027016600    0.0038881500   -0.0000268500
   0.0024950200    0.0009050600   -0.0000118700
   0.0025375000   -0.0003241100   -0.0000065100
   0.0025674200   -0.0009421500   -0.0000119000
   0.0023112700   -0.0036245800   -0.0000274800
  -0.0001539700   -0.0039511000   -0.0000082600
  -0.0029411100   -0.0057473900   -0.0003644400
  -0.0016294100    0.0000403200   -0.0004753100
  -0.0018919600    0.0060465300   -0.0003512200
   0.0010945500    0.0047653100   -0.0000084000
   0.0009976400    0.0022839200   -0.0000119300
   0.0013024800    0.0011027400   -0.0000060000
   0.0016563900   -0.0006565300   -0.0000060300
   0.0005826000   -0.0017150400   -0.0000119700
   0.0006688700    0.0015165300    0.0000110200
   0.0008299400    0.0017665200    0.0000046700
   0.0009211800    0.0002248100    0.0000036900
  -0.0002262200   -0.0021220000    0.0000048900
   0.0000228000   -0.0018305400    0.0000111600
  -0.0008010000   -0.0018422300    0.0000102500
  -0.0003531600   -0.0013687500    0.0000097900
  -0.0001509800    0.0005840100    0.0000096700
  -0.0008499100    0.0019646800    0.0000102800
  -0.0002556300    0.0024852200    0.0000109700
   0.0002674200    0.0016532600    0.0000102000
  -0.0002003900    0.0006563700    0.0000096900
  -0.0008842000   -0.0003735000    0.0000094000
  -0.0004489700   -0.0012028700    0.0000101800
  -0.0005884000   -0.0016669600    0.0000109700
  -0.0001366900   -0.0014174400    0.0000044700
   0.0016455600    0.0002882500    0.0000029900
   0.0006514200    0.0021642500    0.0000042200
  -0.0002141700    0.0032578000    0.0000596600
  -0.0012457800    0.0020324500    0.0000050900
  -0.0010919300    0.0007916100    0.0000096000
  -0.0014575100    0.0000813100    0.0000055900
  -0.0013827300   -0.0013697100    0.0000095500
  -0.0008222600   -0.0028764000    0.0000050600
  -0.0004286500   -0.0037568400    0.0000593500
   0.0029897300   -0.0020415400    0.0001558700
   0.0035703100    0.0020776600    0.0001578800
   0.0023349900    0.0091915300   -0.0007232600
  -0.0029092200    0.0052357600    0.0001521500
  -0.0022657900    0.0017982900    0.0000044800
  -0.0028239900   -0.0001117600    0.0000097500
  -0.0028332000   -0.0000676600    0.0000102400
  -0.0027465300   -0.0020227500    0.0000040200
  -0.0030993300   -0.0057247000    0.0001535600
   0.0017553900   -0.0100477000   -0.0007373500
   0.0117107200   -0.0003968000   -0.0011442500
   0.0087566400    0.0603544500    0.0197997000
  -0.0082838900    0.0121219800   -0.0011449600
  -0.0061933100    0.0023697800    0.0001507200
  -0.0008175800   -0.0011389100    0.0000146700
  -0.0007828700    0.0017718100    0.0000091800
  -0.0041439500   -0.0002769100    0.0000065400
  -0.0067230900   -0.0024725900    0.0001540100
  -0.0090353600   -0.0110718900   -0.0011383900
   0.0087971900   -0.0597854400    0.0204632500
   1.2924555800    0.0443324300    0.1538798600
  -0.1046679400    0.0068837500    0.0192809300
  -0.0150934000    0.0002457100   -0.0006864400
  -0.0056562900    0.0004788200    0.0000519100
  -0.0031923500   -0.0003163500    0.0000117500
  -0.0033237500   -0.0003066100    0.0000113000
  -0.0062194900   -0.0000548100    0.0000599800
  -0.0157719200   -0.0001057900   -0.0007657200
  -0.1097131800   -0.0070175200    0.0212023000
   0.0094599000    0.0734521500    0.0208449800
   0.0077279100   -0.0729935600    0.0195743800
  -0.0094539400   -0.0124414100   -0.0011052800
  -0.0062265400   -0.0040504900    0.0001560800
  -0.0040815100   -0.0007070200    0.0000042400
  -0.0030545700    0.0003396000    0.0000103200
  -0.0037888000    0.0004190400    0.0000042700
  -0.0061831800    0.0034895800    0.0001572000
  -0.0087157900    0.0124779400   -0.0011715400
   0.0017850100    0.0102772500   -0.0007725200
   0.0121509900   -0.0001084400   -0.0011425500
   0.0020103900   -0.0098092400   -0.0007174000
  -0.0037014000   -0.0054733000    0.0001540000
  -0.0025457500   -0.0025796700    0.0000030500
  -0.0026516600   -0.0001730900    0.0000098000
  -0.0030005200    0.0004540800    0.0000098200
  -0.0019655900    0.0018896300    0.0000031100
  -0.0029187500    0.0055022900    0.0001582200
  -0.0002547900    0.0036091300    0.0000618000
   0.0031663900    0.0012331100    0.0001565900
   0.0036756900   -0.0018224400    0.0001552700
  -0.0003229500   -0.0040141000    0.0000586000
  -0.0008033400   -0.0024568300    0.0000045900
  -0.0011372200   -0.0018284300    0.0000097800
  -0.0018582400   -0.0004602300    0.0000047200
  -0.0018511000    0.0014475700    0.0000097000
  -0.0005951000    0.0021881200    0.0000042000

126  
 -0.0149999999993716   0.0259807621138959   0.0000000000000000
   0.0016998400   -0.0033842800    0.0000000000
   0.0015659900   -0.0053287800    0.0000000000
   0.0004466800   -0.0071821500    0.0000000000
  -0.0009842600   -0.0052142800    0.0000000000
  -0.0015253100   -0.0017759800    0.0000000000
  -0.0015671400   -0.0006968600    0.0000000000
  -0.0008969600   -0.0004873600    0.0000000000
  -0.0001222800   -0.0011844700    0.0000000000
   0.0013463400   -0.0023934700    0.0000000000
   0.0023317100   -0.0042075700    0.0000000000
   0.0021591000   -0.0042681200    0.0000000000
   0.0011266800   -0.0046553200    0.0000000000
   0.0005138900   -0.0044407800    0.0000000000
  -0.0007399700   -0.0029595100    0.0000000000
  -0.0020490700   -0.0020545300    0.0000000000
  -0.0016060200   -0.0020144600    0.0000000000
  -0.0015937400   -0.0028207000    0.0000000000
  -0.0001404600   -0.0036812000    0.0000000000
   0.0020525300   -0.0057310200    0.0000000000
   0.0042246700   -0.0042100500    0.0000000000
   0.0028275900   -0.0035518500    0.0000000000
   0.0012475000   -0.0025005200    0.0000000000
   0.0004336200   -0.0023825700    0.0000000000
  -0.0013640100   -0.0015194700    0.0000000000
  -0.0028533400   -0.0018169200    0.0000000000
  -0.0039867900   -0.0037405100    0.0000000000
  -0.0025452600   -0.0058129700    0.0000000000
   0.0005868400   -0.0111029100    0.0000000000
   0.0091663500   -0.0056577900    0.0000000000
   0.0053494600   -0.0038114000    0.0000000000
   0.0026602400   -0.0017708700    0.0000000000
   0.0020326200   -0.0009597600    0.0000000000
   0.0009555700   -0.0009730700    0.0000000000
  -0.0020642100   -0.0001568800    0.0000000000
  -0.0076673700   -0.0009171700    0.0000000000
  -0.0107037100   -0.0075343900    0.0000000000
  -0.0318689400   -0.0278089500    0.0000000000
   0.0383186800   -0.0086413600    0.0000000000
   0.0118813300   -0.0046370000    0.0000000000
   0.0047427100   -0.0002948500    0.0000000000
   0.0015066200   -0.0007507800    0.0000000000
   0.0013291800    0.0013076300    0.0000000000
  -0.0014253000    0.0020817500    0.0000000000
  -0.0251844000    0.0058737300    0.0000000000
  -0.1154050100    0.2109861600    0.0000000000
  -0.3981373500    0.3738572000    0.0000000000
   0.0204786700   -0.0042958200    0.0000000000
   0.0052168800    0.0012761200    0.0000000000
   0.0021836300    0.0005810600    0.0000000000
   0.0011549500    0.0010840200    0.0000000000
   0.0024979700    0.0019653500    0.0000000000
   0.0050878300    0.0060764700    0.0000000000
   0.0055147500    0.0243426400    0.0000000000
   0.0401796800    0.0167948000    0.0000000000
  -0.1148112700    0.6468147700    0.0000000000
  -0.0334173400    0.0582202600    0.0000000000
  -0.0014222100    0.0119625300    0.0000000000
   0.0008077600    0.0033602600    0.0000000000
   0.0017030500    0.0020227500    0.0000000000
   0.0026199500    0.0014910600    0.0000000000
   0.0049104200    0.0028750200    0.0000000000
   0.0115417600    0.0062464200    0.0000000000
   0.0098450300   -0.0052970600    0.0000000000
  -0.0119244500   -0.0385167800    0.0000000000
  -0.0065339600   -0.0206053100    0.0000000000
  -0.0090222500    0.0070303700    0.0000000000
  -0.0024680600    0.0044316900    0.0000000000
  -0.0000156900    0.0014232600    0.0000000000
   0.0016663800    0.0002332900    0.0000000000
   0.0031928300    0.0004048800    0.0000000000
   0.0055385100   -0.0003128200    0.0000000000
   0.0033733300   -0.0045000400    0.0000000000
   0.0003376900   -0.0111356700    0.0000000000
  -0.0008096300   -0.0138739300    0.0000000000
  -0.0034972600   -0.0035642000    0.0000000000
  -0.0027030300    0.0010144700    0.0000000000
  -0.0017135200    0.0007658600    0.0000000000
   0.0000760400    0.0003165900    0.0000000000
   0.0019361700   -0.0009587300    0.0000000000
   0.0024127400   -0.0015725000    0.0000000000
  -0.0017645700    0.0038071500    0.0000000000
  -0.0013662000    0.0052414500    0.0000000000
   0.0005090400    0.0050178700    0.0000000000
   0.0015391300    0.0025365000    0.0000000000
   0.0026456500    0.0021010600    0.0000000000
   0.0013470700    0.0015506800    0.0000000000
   0.0005126600    0.0017758700    0.0000000000
  -0.0007920300    0.0031930200    0.0000000000
  -0.0026550300    0.0040266600    0.0000000000
  -0.0026195700    0.0047213900    0.0000000000
  -0.0015014400    0.0037319100    0.0000000000
  -0.0008709200    0.0032703500    0.0000000000
  -0.0000209700    0.0027089300    0.0000000000
   0.0016740100    0.0021394600    0.0000000000
   0.0019800900    0.0022625900    0.0000000000
   0.0014576200    0.0033208400    0.0000000000
   0.0012256300    0.0050866700    0.0000000000
  -0.0013628300    0.0055233600    0.0000000000
  -0.0044331000    0.0062294100    0.0000000000
  -0.0036896100    0.0031431200    0.0000000000
  -0.0020276100    0.0019239100    0.0000000000
  -0.0009609700    0.0015619900    0.0000000000
   0.0006132600    0.0006668400    0.0000000000
   0.0025069800    0.0002362300    0.0000000000
   0.0036250800    0.0020876700    0.0000000000
   0.0037164900    0.0065571400    0.0000000000
   0.0004899600    0.0088269000    0.0000000000
  -0.0097603600    0.0159792300    0.0000000000
  -0.0075104600    0.0043244600    0.0000000000
  -0.0037975200    0.0012837300    0.0000000000
  -0.0025794000    0.0002510500    0.0000000000
  -0.0011696900    0.0003251000    0.0000000000
   0.0009926500   -0.0009682700    0.0000000000
   0.0035234500   -0.0024171600    0.0000000000
   0.0124350500    0.0043212200    0.0000000000
   0.0072343800    0.0177417900    0.0000000000
  -0.0741912500    0.1111438900    0.0000000000
  -0.0184184000    0.0022260800    0.0000000000
  -0.0080876300   -0.0012774900    0.0000000000
  -0.0014334100   -0.0022507200    0.0000000000
   0.0000114600    0.0006596900    0.0000000000
  -0.0013293900   -0.0012302000    0.0000000000
  -0.0002463300   -0.0040306000    0.0000000000
   0.0081060100   -0.0119630000    0.0000000000
   0.0862118200    0.0388360600    0.0000000000
   0.7652930400   -1.4702316200    0.0000000000
  -0.0605754700   -0.0482512200    0.0000000000
  -0.0094489800   -0.0084722200    0.0000000000
  -0.0037442100   -0.0023329600    0.0000000000
  -0.0020140000   -0.0015368200    0.0000000000
  -0.0019166700   -0.0014152300    0.0000000000
  -0.0038690800   -0.0027942700    0.0000000000
  -0.0101198900   -0.0087698600    0.0000000000
  -0.0757259900   -0.0586462400    0.0000000000
  -0.0633637900    0.1262923000    0.0000000000
   0.0726276300    0.0297075400    0.0000000000
   0.0075822800   -0.0133005700    0.0000000000
  -0.0006808500   -0.0054230600    0.0000000000
  -0.0016767100   -0.0014873800    0.0000000000
  -0.0018667700   -0.0003727200    0.0000000000
  -0.0033263900   -0.0010977300    0.0000000000
  -0.0072696600   -0.0005682000    0.0000000000
  -0.0189871500    0.0023416500    0.0000000000
  -0.0100198600    0.0173608000    0.0000000000
   0.0078373600    0.0182734700    0.0000000000
   0.0123227600    0.0047249900    0.0000000000
   0.0036703400   -0.0023385100    0.0000000000
   0.0011718500   -0.0014641500    0.0000000000
  -0.0010074900    0.0003319200    0.0000000000
  -0.0027828300    0.0004790300    0.0000000000
  -0.0035151200    0.0012569500    0.0000000000
  -0.0083188600    0.0048620700    0.0000000000
  -0.0045741000    0.0067333400    0.0000000000
  -0.0005972300    0.0083610100    0.0000000000
   0.0051464200    0.0065628500    0.0000000000
   0.0037862800    0.0018575600    0.0000000000
   0.0027425900    0.0006737000    0.0000000000
   0.0009182300    0.0002770200    0.0000000000
  -0.0013410900    0.0010968900    0.0000000000
  -0.0028478000    0.0025608500    0.0000000000
  -0.0032898300    0.0033703400    0.0000000000

126  
  0.0149999999993716  -0.0259807621138959   0.0000000000000000
  -0.0031554000    0.0040878100    0.0000000000
  -0.0022191900    0.0057664500    0.0000000000
  -0.0003141700    0.0069564900    0.0000000000
   0.0015460400    0.0054835100    0.0000000000
   0.0028241700    0.0024267500    0.0000000000
   0.0023702200    0.0011167000    0.0000000000
   0.0013871700    0.0017003500    0.0000000000
  -0.0004780800    0.0024869700    0.0000000000
  -0.0019200400    0.0028935900    0.0000000000
  -0.0020297900    0.0035081700    0.0000000000
  -0.0026529000    0.0038487100    0.0000000000
  -0.0018250400    0.0039695500    0.0000000000
   0.0001587900    0.0035911500    0.0000000000
   0.0011973300    0.0024331100    0.0000000000
   0.0017259300    0.0014088400    0.0000000000
   0.0029219300    0.0016254400    0.0000000000
   0.0016292500    0.0026403100    0.0000000000
  -0.0011234200    0.0034866500    0.0000000000
  -0.0028325400    0.0054031100    0.0000000000
  -0.0037199700    0.0042419300    0.0000000000
  -0.0029961800    0.0031337900    0.0000000000
  -0.0014177800    0.0031120700    0.0000000000
  -0.0002821000    0.0018434600    0.0000000000
   0.0009285400    0.0014989600    0.0000000000
   0.0034145900    0.0013778200    0.0000000000
   0.0048468800    0.0025901600    0.0000000000
   0.0019904900    0.0047946000    0.0000000000
  -0.0005732100    0.0116898600    0.0000000000
  -0.0090639400    0.0061993600    0.0000000000
  -0.0064462300    0.0032546900    0.0000000000
  -0.0032094400    0.0019849400    0.0000000000
  -0.0016992100    0.0012508600    0.0000000000
   0.0001674100    0.0003014800    0.0000000000
   0.0016851400    0.0004356500    0.0000000000
   0.0077651700    0.0013064500    0.0000000000
   0.0111238300    0.0065278500    0.0000000000
   0.0342094900    0.0252155000    0.0000000000
  -0.0393074900    0.0081800600    0.0000000000
  -0.0126428500    0.0048143400    0.0000000000
  -0.0048453200   -0.0003871700    0.0000000000
  -0.0017155400    0.0001577300    0.0000000000
  -0.0009604200   -0.0014349100    0.0000000000
   0.0015078000   -0.0027469000    0.0000000000
   0.0242208200   -0.0082437800    0.0000000000
   0.1258292900   -0.2059091600    0.0000000000
   0.4951669900   -0.4185752500    0.0000000000
  -0.0216135900    0.0042050500    0.0000000000
  -0.0049627900   -0.0014903300    0.0000000000
  -0.0017161500   -0.0004546500    0.0000000000
  -0.0016781400   -0.0010139000    0.0000000000
  -0.0031914300   -0.0021659100    0.0000000000
  -0.0044086900   -0.0063489500    0.0000000000
  -0.0066668000   -0.0255199200    0.0000000000
  -0.0387979900   -0.0150061200    0.0000000000
   0.1244028000   -0.5404555100    0.0000000000
   0.0328418500   -0.0583376700    0.0000000000
   0.0009591000   -0.0109419400    0.0000000000
  -0.0013308300   -0.0027815700    0.0000000000
  -0.0016713100   -0.0005863200    0.0000000000
  -0.0023583000   -0.0009280800    0.0000000000
  -0.0048746600   -0.0017605900    0.0000000000
  -0.0113128900   -0.0057016700    0.0000000000
  -0.0098497800    0.0066341400    0.0000000000
   0.0116171400    0.0379667700    0.0000000000
   0.0067457900    0.0214156200    0.0000000000
   0.0095639100   -0.0070814100    0.0000000000
   0.0023341900   -0.0040348500    0.0000000000
  -0.0002909700   -0.0018695200    0.0000000000
  -0.0014480600   -0.0007790600    0.0000000000
  -0.0032097000    0.0001133700    0.0000000000
  -0.0061205500    0.0007745900    0.0000000000
  -0.0042832200    0.0051243700    0.0000000000
  -0.0014396300    0.0107262800    0.0000000000
   0.0020975000    0.0133318400    0.0000000000
   0.0042060600    0.0039968900    0.0000000000
   0.0039621600   -0.0001878400    0.0000000000
   0.0011449900   -0.0006994700    0.0000000000
  -0.0002053600    0.0005797300    0.0000000000
  -0.0013001200    0.0010202500    0.0000000000
  -0.0036070500    0.0026319400    0.0000000000
   0.0034699500   -0.0049206500    0.0000000000
   0.0016916600   -0.0046455500    0.0000000000
  -0.0009638600   -0.0044359700    0.0000000000
  -0.0030635600   -0.0035616500    0.0000000000
  -0.0019637000   -0.0013435700    0.0000000000
  -0.0018639100   -0.0016884300    0.0000000000
  -0.0004302600   -0.0030668100    0.0000000000
   0.0012278000   -0.0033268700    0.0000000000
   0.0018769900   -0.0034280700    0.0000000000
   0.0025917300   -0.0038453000    0.0000000000
   0.0027345800   -0.0034615200    0.0000000000
   0.0008065200   -0.0031157700    0.0000000000
  -0.0011200800   -0.0023246400    0.0000000000
  -0.0015248100   -0.0012098200    0.0000000000
  -0.0024713300   -0.0011380400    0.0000000000
  -0.0026779700   -0.0025547700    0.0000000000
   0.0000208400   -0.0044125600    0.0000000000
   0.0016364900   -0.0045126800    0.0000000000
   0.0035590300   -0.0067451200    0.0000000000
   0.0034179200   -0.0037758600    0.0000000000
   0.0021865400   -0.0022654500    0.0000000000
   0.0009548100   -0.0018154500    0.0000000000
  -0.0003064300   -0.0011445000    0.0000000000
  -0.0015995100   -0.0006882400    0.0000000000
  -0.0047870000   -0.0020924800    0.0000000000
  -0.0038051100   -0.0058731900    0.0000000000
   0.0005244900   -0.0091414500    0.0000000000
   0.0106008800   -0.0168120700    0.0000000000
   0.0068251200   -0.0042461000    0.0000000000
   0.0046010000   -0.0009383700    0.0000000000
   0.0027559400   -0.0003513600    0.0000000000
   0.0007238000    0.0000623600    0.0000000000
  -0.0002733200    0.0012216000    0.0000000000
  -0.0041008900    0.0021869500    0.0000000000
  -0.0125744000   -0.0045730000    0.0000000000
  -0.0076357700   -0.0183831500    0.0000000000
   0.0774740000   -0.1167010600    0.0000000000
   0.0196821000   -0.0015652000    0.0000000000
   0.0079013000    0.0014940700    0.0000000000
   0.0013423500    0.0023249700    0.0000000000
   0.0002111100   -0.0007234800    0.0000000000
   0.0017267500    0.0014259800    0.0000000000
  -0.0004399300    0.0048846500    0.0000000000
  -0.0072111400    0.0142855200    0.0000000000
  -0.0876935600   -0.0366443200    0.0000000000
  -0.8837584900    1.4001906400    0.0000000000
   0.0620322200    0.0493861200    0.0000000000
   0.0097753700    0.0082533000    0.0000000000
   0.0034735100    0.0023763500    0.0000000000
   0.0021907500    0.0008236900    0.0000000000
   0.0024023800    0.0013819300    0.0000000000
   0.0038033700    0.0025617800    0.0000000000
   0.0099898100    0.0086342400    0.0000000000
   0.0765797400    0.0558225300    0.0000000000
   0.0586281700   -0.1200200600    0.0000000000
  -0.0719069500   -0.0289465700    0.0000000000
  -0.0070438600    0.0130035000    0.0000000000
   0.0006223500    0.0043351200    0.0000000000
   0.0013174000    0.0021319400    0.0000000000
   0.0023084600    0.0009208100    0.0000000000
   0.0037122600   -0.0001293200    0.0000000000
   0.0071663000   -0.0000323800    0.0000000000
   0.0194430900   -0.0024196100    0.0000000000
   0.0090374500   -0.0168643700    0.0000000000
  -0.0071407700   -0.0176560400    0.0000000000
  -0.0118038400   -0.0035471800    0.0000000000
  -0.0053502700    0.0015792600    0.0000000000
  -0.0001866000    0.0010212800    0.0000000000
   0.0009458200    0.0006195200    0.0000000000
   0.0019616200   -0.0009622700    0.0000000000
   0.0054637600   -0.0022149200    0.0000000000
   0.0075701000   -0.0039889200    0.0000000000
   0.0032915700   -0.0067343900    0.0000000000
   0.0005156100   -0.0089361700    0.0000000000
  -0.0039283800   -0.0065452800    0.0000000000
  -0.0048089800   -0.0023305800    0.0000000000
  -0.0018585600   -0.0003169100    0.0000000000
  -0.0001471500   -0.0012549400    0.0000000000
   0.0005896200   -0.0020040600    0.0000000000
   0.0020516000   -0.0022720500    0.0000000000
   0.0042998500   -0.0041032100    0.0000000000

135  
 -0.0117221620790471   0.0203033802966008   0.0187180037590592
   0.0022583400   -0.0034158100    0.0000082100
   0.0003532700   -0.0083311900    0.0003616800
  -0.0010824600   -0.0106567900    0.0004749700
  -0.0027516100   -0.0027301600    0.0003533200
  -0.0019437600    0.0008133400    0.0000085300
  -0.0007159800    0.0007774400    0.0000119900
   0.0003395800    0.0004875800    0.0000061700
   0.0009403800   -0.0001356200    0.0000061600
   0.0020532900   -0.0014087100    0.0000120000
   0.0020329500   -0.0032960400    0.0000110300
   0.0012136100   -0.0045430700    0.0000043100
  -0.0000551700   -0.0058165700   -0.0000209000
  -0.0006534000   -0.0045250300   -0.0000207400
  -0.0014336400   -0.0018637400    0.0000050000
  -0.0016846500   -0.0010105300    0.0000110000
  -0.0002488900   -0.0010437800    0.0000066900
   0.0001084900   -0.0015344600    0.0000062000
   0.0005973400   -0.0021910500    0.0000067000
   0.0012528800   -0.0032436600    0.0000109200
   0.0021449600   -0.0031943900    0.0000066700
   0.0010282500   -0.0035011400    0.0000110100
   0.0000281900   -0.0027555300    0.0000139500
  -0.0005614400   -0.0022729300    0.0000109400
  -0.0016415100   -0.0013203700    0.0000066100
  -0.0014724900   -0.0016022800    0.0000109000
  -0.0008813900   -0.0026831400    0.0000119900
  -0.0000098200   -0.0033353000    0.0000120000
   0.0016773500   -0.0041785800    0.0000082600
   0.0031462700   -0.0031385400    0.0000056700
   0.0018131300   -0.0029388300    0.0000108200
   0.0005611800   -0.0016814200    0.0000046300
   0.0007453200   -0.0011371600    0.0000046300
  -0.0002690600   -0.0014440200    0.0000108000
  -0.0025737200   -0.0010299300    0.0000059700
  -0.0033460200   -0.0021929800    0.0000084400
  -0.0017602700   -0.0045816300    0.0000272400
   0.0003687600   -0.0098540100    0.0001051100
   0.0068018000   -0.0049394900    0.0003492100
   0.0042605900   -0.0026879300   -0.0000202100
   0.0023134900   -0.0011529200    0.0000118200
   0.0000898300   -0.0007907500    0.0000117700
  -0.0012648000   -0.0002012500   -0.0000199700
  -0.0058272600   -0.0010595800    0.0003456400
  -0.0084290500   -0.0063296300    0.0001040100
  -0.0254354100   -0.0214567900    0.0041229000
   0.0304041300   -0.0072323000   -0.0053149000
   0.0091078800   -0.0042118500    0.0004807400
   0.0041334500   -0.0012818800   -0.0000227800
   0.0016982600   -0.0005063100    0.0000097100
   0.0007342400    0.0004047000    0.0000097400
   0.0004606500    0.0011838900   -0.0000226900
  -0.0008553500    0.0017919000    0.0004797500
  -0.0196672900    0.0050733300   -0.0052930200
  -0.0886671700    0.1655121000    0.0943041400
  -0.3243169200    0.2985558700    0.0991210900
   0.0163196600   -0.0032980900   -0.0054191800
   0.0038245500    0.0016852400    0.0003620900
   0.0018611400    0.0008764200    0.0000047800
   0.0018250800    0.0013225100    0.0000059800
   0.0022527200    0.0018694700    0.0000044200
   0.0036513900    0.0053822900    0.0003668000
   0.0045189600    0.0194268300   -0.0054910600
   0.0309370600    0.0137705200    0.0040551000
  -0.0905659400    0.4928775900    0.0884415700
  -0.0260991600    0.0460100800    0.0040909900
  -0.0007693300    0.0090948600    0.0001038200
   0.0008459600    0.0026806500    0.0000080600
   0.0012179300    0.0007634800    0.0000109700
   0.0021942400    0.0005854200    0.0000109700
   0.0037918000    0.0020706400    0.0000079500
   0.0086149000    0.0049647800    0.0001024500
   0.0072969200   -0.0043022200    0.0001014500
  -0.0098797500   -0.0302224700   -0.0054399300
  -0.0046443600   -0.0163142700   -0.0053460600
  -0.0069170700    0.0057154900    0.0001017000
  -0.0012563500    0.0037441700    0.0000273800
  -0.0001748200    0.0013018500    0.0000119600
   0.0011557100    0.0008257500    0.0000066700
   0.0028307800    0.0001184600    0.0000119600
   0.0039603900    0.0001280900    0.0000272900
  -0.0022058900    0.0047147000   -0.0000607700
  -0.0002438700    0.0070093900   -0.0001550800
   0.0033393600    0.0053333500   -0.0001546400
   0.0025778600    0.0010915500   -0.0000586300
   0.0021296900    0.0007479200   -0.0000045900
   0.0001658200    0.0005281800   -0.0000097600
  -0.0006890600    0.0005779600   -0.0000046200
  -0.0016746800    0.0018468500   -0.0000097500
  -0.0033426700    0.0032409500   -0.0000042500
  -0.0020485600    0.0038689700   -0.0000111100
  -0.0005273700    0.0039790300   -0.0000051700
   0.0005550300    0.0036912400   -0.0000041700
   0.0011691100    0.0025372100   -0.0000053100
   0.0018485100    0.0017684900   -0.0000112700
   0.0010046200    0.0017924600   -0.0000103200
  -0.0002100000    0.0022574100   -0.0000097100
  -0.0001137400    0.0029096300   -0.0000096200
  -0.0015964300    0.0034698000   -0.0000103500
  -0.0024398900    0.0031941700   -0.0000110500
  -0.0018050400    0.0024869800   -0.0000102500
  -0.0004070700    0.0021524100   -0.0000092800
   0.0002392000    0.0017316200   -0.0000092100
   0.0013388400    0.0009970900   -0.0000102300
   0.0021568900    0.0010302100   -0.0000111700
   0.0010407200    0.0022151300   -0.0000047400
   0.0005112800    0.0040219200   -0.0000032200
  -0.0005626500    0.0038561000   -0.0000046200
  -0.0026350700    0.0049812700   -0.0000576400
  -0.0031114100    0.0028945800   -0.0000058000
  -0.0012393000    0.0016594600   -0.0000093700
  -0.0007097800    0.0001253400   -0.0000070000
   0.0000601900    0.0007296200   -0.0000093600
   0.0019017200    0.0003923700   -0.0000057700
   0.0029319900    0.0014057200   -0.0000569300
   0.0028751000    0.0045114900   -0.0001542100
   0.0000509900    0.0067094300   -0.0001552100
  -0.0079999700    0.0139001900    0.0007001100
  -0.0051216300    0.0039112500   -0.0001534200
  -0.0035948400    0.0010277900   -0.0000054700
  -0.0004225500   -0.0003486000   -0.0000083200
  -0.0000095900    0.0002849400   -0.0000082900
   0.0006494700   -0.0008215600   -0.0000055000
   0.0025513300   -0.0014119900   -0.0001530600
   0.0099697800    0.0045238700    0.0006976400
   0.0056700500    0.0147748300    0.0011102000
  -0.0585988700    0.0866834300   -0.0192523300
  -0.0145023300    0.0016466800    0.0011434500
  -0.0059500200   -0.0007144200   -0.0001550700
  -0.0028050400   -0.0001710200   -0.0000057700
  -0.0012969100   -0.0008058100   -0.0000101600
  -0.0006071200   -0.0013672800   -0.0000057200
   0.0001466700   -0.0036418300   -0.0001551100
   0.0059222000   -0.0101943700    0.0011470400
   0.0681037300    0.0290720900   -0.0195031900
   0.6108565800   -1.1435631200   -0.1538499400
  -0.0478792400   -0.0373996600   -0.0199253300
  -0.0073009200   -0.0068026100    0.0007289900
  -0.0031100600   -0.0025924800   -0.0000569900
  -0.0021434900   -0.0005819800   -0.0000117300
  -0.0016605400   -0.0006050800   -0.0000118100
  -0.0027434500   -0.0027245400   -0.0000585200
  -0.0077764600   -0.0070963300    0.0007601100
  -0.0590834900   -0.0449455400   -0.0208665600
  -0.0495962500    0.0984400300   -0.0211805400
   0.0573422400    0.0227285800   -0.0204897400
   0.0061425000   -0.0097339900    0.0011428200
  -0.0013355000   -0.0042669200   -0.0001579200
  -0.0007446400   -0.0016062800   -0.0000043700
  -0.0017274400   -0.0000131800   -0.0000103400
  -0.0031665500   -0.0005520800   -0.0000041500
  -0.0046326700   -0.0007175400   -0.0001592700
  -0.0153906800    0.0022095500    0.0011753500
  -0.0081592200    0.0134129300    0.0007703800
   0.0059635500    0.0136447900    0.0011450200
   0.0100197200    0.0031479200    0.0007361600
   0.0030295200   -0.0017920800   -0.0001553300
   0.0009682400   -0.0007914900   -0.0000031100
  -0.0003787000   -0.0005807200   -0.0000096900
  -0.0022283800    0.0001249500   -0.0000097300
  -0.0038964200    0.0015213300   -0.0000028700
  -0.0057188000    0.0030887400   -0.0001577500

135  
  0.0117221620790471  -0.0203033802966008  -0.0187180037590592
  -0.0036989900    0.0041475700   -0.0000084200
  -0.0010024700    0.0087496700   -0.0003523200
   0.0012210700    0.0103680800   -0.0004773600
   0.0033006700    0.0030468100   -0.0003608200
   0.0032511500   -0.0001166800   -0.0000081400
   0.0015263400   -0.0003121700   -0.0000119400
   0.0001469200    0.0007622000   -0.0000060700
  -0.0015568300    0.0014645400   -0.0000060600
  -0.0026368400    0.0019333500   -0.0000119300
  -0.0017415700    0.0025998200   -0.0000109700
  -0.0016976900    0.0041185200   -0.0000049900
  -0.0006290700    0.0051067700    0.0000211300
   0.0013420600    0.0036761600    0.0000213000
   0.0019108200    0.0013658400   -0.0000043200
   0.0013843400    0.0004068100   -0.0000110000
   0.0015698100    0.0007037500   -0.0000066200
  -0.0001035700    0.0013959000   -0.0000060800
  -0.0019007600    0.0020152500   -0.0000066100
  -0.0020895100    0.0028984700   -0.0000108800
  -0.0016314200    0.0032065400   -0.0000066100
  -0.0011718800    0.0030644500   -0.0000108900
  -0.0001730000    0.0033569700   -0.0000139100
   0.0007521700    0.0017442400   -0.0000109100
   0.0012577800    0.0013331800   -0.0000066800
   0.0020820600    0.0012221300   -0.0000109100
   0.0017253000    0.0016127300   -0.0000119700
  -0.0006629000    0.0023596300   -0.0000119700
  -0.0019923400    0.0047011100   -0.0000080300
  -0.0029979300    0.0036307700   -0.0000049500
  -0.0028480300    0.0023391700   -0.0000108300
  -0.0010737700    0.0018789500   -0.0000045000
  -0.0003643500    0.0014262800   -0.0000045000
   0.0014617200    0.0007858700   -0.0000108500
   0.0023237400    0.0013671700   -0.0000046100
   0.0035991200    0.0027034000   -0.0000078300
   0.0019740100    0.0037681100   -0.0000270600
  -0.0002382300    0.0081438300   -0.0001025300
  -0.0073327100    0.0045888700   -0.0003582600
  -0.0048505000    0.0027587100    0.0000199600
  -0.0023616000    0.0004573200   -0.0000116500
  -0.0002579300    0.0001688800   -0.0000117000
   0.0017282800    0.0000723300    0.0000202800
   0.0062638100    0.0005292100   -0.0003622100
   0.0087202700    0.0045639100   -0.0001036500
   0.0268525100    0.0199221200   -0.0040566500
  -0.0305882000    0.0065299400    0.0054518100
  -0.0100581500    0.0041274100   -0.0004779800
  -0.0038095200    0.0010610600    0.0000222400
  -0.0012040100    0.0006143200   -0.0000095900
  -0.0012407700   -0.0003524000   -0.0000095900
  -0.0011507300   -0.0014365500    0.0000224000
   0.0015053600   -0.0021992900   -0.0004796600
   0.0190002900   -0.0061463900    0.0054802000
   0.0997182100   -0.1604759900   -0.0942975200
   0.3790918600   -0.3241992100   -0.0884032200
  -0.0165302100    0.0034661300    0.0053681300
  -0.0041354500   -0.0007095100   -0.0003543300
  -0.0023354000   -0.0003049500   -0.0000054300
  -0.0017728800    0.0001031800   -0.0000058500
  -0.0019969300   -0.0013364900   -0.0000057400
  -0.0036880100   -0.0043818300   -0.0003498900
  -0.0050123200   -0.0196707200    0.0053022300
  -0.0309882300   -0.0111031800   -0.0041209300
   0.0969401700   -0.4321025600   -0.0992139800
   0.0261616300   -0.0449827300   -0.0040906000
   0.0012917900   -0.0089197800   -0.0001014400
  -0.0009396800   -0.0022340500   -0.0000084000
  -0.0015035700   -0.0011960900   -0.0000108700
  -0.0019762700   -0.0011318700   -0.0000108700
  -0.0038419300   -0.0015644700   -0.0000084900
  -0.0093028300   -0.0044573600   -0.0001026000
  -0.0081064000    0.0051039500   -0.0001038800
   0.0085839600    0.0296999800    0.0053022800
   0.0058301100    0.0159098400    0.0053966700
   0.0076236500   -0.0052325500   -0.0001038200
   0.0025173700   -0.0028466100   -0.0000273300
  -0.0003834000   -0.0011951400   -0.0000119000
  -0.0012851700    0.0000915000   -0.0000065700
  -0.0022067700   -0.0000407800   -0.0000118900
  -0.0051626200    0.0009821500   -0.0000273800
   0.0038877300   -0.0058212800    0.0000580200
   0.0005558700   -0.0063805900    0.0001551100
  -0.0037724300   -0.0047490600    0.0001556000
  -0.0041035900   -0.0021510600    0.0000601100
  -0.0014561100   -0.0000336900    0.0000043200
  -0.0006850700   -0.0007130800    0.0000096600
   0.0007829200   -0.0019066200    0.0000047100
   0.0021273900   -0.0020001700    0.0000096700
   0.0025673600   -0.0026517100    0.0000046300
   0.0020189600   -0.0029756200    0.0000111100
   0.0017449600   -0.0036892700    0.0000053100
  -0.0006290200   -0.0035244100    0.0000041500
  -0.0023240100   -0.0021622500    0.0000051600
  -0.0017201900   -0.0008723900    0.0000110300
  -0.0015120800   -0.0007245600    0.0000102900
  -0.0009959300   -0.0015577400    0.0000096700
   0.0014013900   -0.0022696500    0.0000097300
   0.0018989000   -0.0024504800    0.0000102900
   0.0015769000   -0.0036411800    0.0000109100
   0.0015134000   -0.0030827400    0.0000101700
   0.0005441900   -0.0024766900    0.0000092800
  -0.0002770200   -0.0019767400    0.0000093400
  -0.0010739300   -0.0014878100    0.0000101800
  -0.0013009600   -0.0015350800    0.0000108300
  -0.0022322100   -0.0023320200    0.0000040100
  -0.0005232100   -0.0034582600    0.0000027300
   0.0016866300   -0.0041442700    0.0000041400
   0.0034949400   -0.0054473500    0.0000603100
   0.0023649700   -0.0027270700    0.0000055000
   0.0019986100   -0.0012899500    0.0000094400
   0.0008427000   -0.0002273000    0.0000070800
  -0.0005559700   -0.0003276500    0.0000094800
  -0.0012715900   -0.0001425000    0.0000055200
  -0.0036536600   -0.0017416600    0.0000610900
  -0.0030852800   -0.0051222300    0.0001593000
  -0.0000690800   -0.0075151300    0.0001582200
   0.0078067900   -0.0121607800   -0.0007623000
   0.0061186900   -0.0031938400    0.0001535100
   0.0033095600   -0.0008019900    0.0000054500
   0.0003268900    0.0004137900    0.0000081100
   0.0002150300   -0.0003086500    0.0000081600
  -0.0003132200    0.0010667900    0.0000053900
  -0.0034092400    0.0023664500    0.0001540900
  -0.0096494100   -0.0022533900   -0.0007641800
  -0.0060779100   -0.0133933500   -0.0011764500
   0.0600072500   -0.0922403900    0.0211409200
   0.0152946500   -0.0016817000   -0.0011484900
   0.0061848700    0.0004918900    0.0001541200
   0.0024845900    0.0002216800    0.0000057900
   0.0014476900    0.0001038400    0.0000099400
   0.0010782500    0.0013602400    0.0000058500
  -0.0002111500    0.0035013000    0.0001542200
  -0.0060964100    0.0105068700   -0.0011466400
  -0.0682685300   -0.0294887200    0.0208394900
  -0.6830591900    1.1010657600    0.1539024800
   0.0476619900    0.0385583000    0.0204786800
   0.0075609400    0.0063032300   -0.0007242900
   0.0029639900    0.0014706400    0.0000556100
   0.0017494100    0.0012170300    0.0000118400
   0.0020952500    0.0011586400    0.0000119100
   0.0031604900    0.0015232900    0.0000543900
   0.0078613900    0.0065496100   -0.0006928900
   0.0598458400    0.0443311500    0.0195257200
   0.0461174100   -0.0940338900    0.0192853300
  -0.0558822600   -0.0223909500    0.0199380200
  -0.0055674900    0.0108126700   -0.0011426400
  -0.0003847600    0.0034161900    0.0001558000
   0.0016974400    0.0011239100    0.0000045200
   0.0016554800    0.0009464700    0.0000102700
   0.0023590500    0.0000569800    0.0000047300
   0.0066409600   -0.0002832900    0.0001543200
   0.0147726200   -0.0015877300   -0.0011087500
   0.0067174400   -0.0133419400   -0.0007071800
  -0.0059435000   -0.0141542100   -0.0011394800
  -0.0087800000   -0.0031961700   -0.0007407100
  -0.0040507600    0.0012677500    0.0001576600
  -0.0000964100    0.0010986700    0.0000030300
   0.0011429000   -0.0004322200    0.0000098100
   0.0014842700   -0.0010563900    0.0000097800
   0.0031169600   -0.0012588600    0.0000032800
   0.0067206400   -0.0038709300    0.0001549900

136  
  0.0234443241590582   0.0000000000000033   0.0187180037590817
  -0.0019508600    0.0025607900    0.0000118800
  -0.0007199100    0.0044640900    0.0000088200
   0.0024049100    0.0056520300    0.0003481600
   0.0025511300    0.0003267000    0.0004741800
   0.0029763100   -0.0052327400    0.0003655200
   0.0000311700   -0.0040005400    0.0000079200
  -0.0009693100   -0.0015568200    0.0000119800
  -0.0016418500    0.0000509700    0.0000060100
  -0.0016310800    0.0009382600    0.0000060400
  -0.0001966400    0.0008876300    0.0000065400
  -0.0005558900    0.0020273300    0.0000108100
  -0.0000719000    0.0024264800    0.0000049500
   0.0010354900    0.0010660500   -0.0000210500
   0.0008469600   -0.0015312900   -0.0000202600
   0.0000286200   -0.0029940200    0.0000037700
   0.0003097700   -0.0023915400    0.0000109700
  -0.0003264400   -0.0012674100    0.0000065400
  -0.0008633000   -0.0000577300    0.0000060100
   0.0005386200    0.0005475100    0.0000118300
   0.0003728200    0.0016504100    0.0000105800
  -0.0003244500    0.0016027300    0.0000063100
  -0.0003299600    0.0017119300    0.0000111600
  -0.0004330400   -0.0001899100    0.0000131600
  -0.0007395600   -0.0012520300    0.0000111200
  -0.0001430500   -0.0020667300    0.0000067300
   0.0005361000   -0.0021772800    0.0000109700
   0.0006507800   -0.0011514200    0.0000119700
   0.0035605200    0.0003137900    0.0000268900
   0.0016758800    0.0022208200    0.0000073800
  -0.0011104800    0.0017999300    0.0000082300
  -0.0010713800    0.0012828900    0.0000098400
  -0.0016177500    0.0005061500    0.0000057600
  -0.0010279800   -0.0007907200    0.0000043800
  -0.0016047600   -0.0014060300    0.0000110600
  -0.0004821900   -0.0019389100    0.0000041400
   0.0017374200   -0.0023664200    0.0000080300
   0.0083204300   -0.0043489400    0.0001033300
   0.0078543300    0.0034135800    0.0001035800
  -0.0012186600    0.0037506200    0.0003448700
  -0.0025996900    0.0011617300   -0.0000141800
  -0.0024646900    0.0004913800    0.0000057400
  -0.0025825200   -0.0011718800    0.0000131900
  -0.0028641900   -0.0030423500   -0.0000203400
  -0.0009719600   -0.0048146700    0.0003607400
  -0.0115298500   -0.0130245100   -0.0054098200
   0.0522914700    0.0001231600    0.0041035200
  -0.0112608700    0.0123128600   -0.0054001000
  -0.0080034200    0.0059197100    0.0004851600
  -0.0029228100    0.0028528300   -0.0000142900
  -0.0028498700    0.0003681200    0.0000098700
  -0.0037084500   -0.0009081600    0.0000111600
  -0.0044335900   -0.0026156300   -0.0000212700
  -0.0084817700   -0.0065237700    0.0004751000
  -0.0207534600   -0.0232116500   -0.0052624100
   0.4233355600    0.1324448900    0.0992192400
   0.4654736000   -0.1639844000    0.0883911800
  -0.0210600100    0.0234638000   -0.0054931900
  -0.0074387900    0.0041659500    0.0003529800
  -0.0042420800    0.0017737900    0.0000075900
  -0.0033153700    0.0002230100    0.0000063800
  -0.0043660000   -0.0004175800    0.0000046200
  -0.0075418300   -0.0035980900    0.0003518400
  -0.0080403300    0.0047413500    0.0001043400
  -0.0052596800    0.0324707000    0.0040837700
   0.1883335500   -0.0054970900    0.0943507500
  -0.0041847800   -0.0333211600    0.0040676900
  -0.0079030600   -0.0039752700    0.0001034800
  -0.0048041500   -0.0007526300    0.0000071000
  -0.0032831300   -0.0003149000    0.0000106100
  -0.0034177000    0.0003734900    0.0000108400
  -0.0050347800    0.0008238500    0.0000086400
  -0.0031634900    0.0039828900    0.0000276500
  -0.0010749200    0.0099053200    0.0001032300
   0.0150914300    0.0140756600   -0.0052391500
   0.0147916700   -0.0131850100   -0.0054813000
   0.0002721300   -0.0097753300    0.0001019000
  -0.0029398400   -0.0036284500    0.0000268100
  -0.0026642600   -0.0006227600    0.0000118500
  -0.0021011300    0.0000815500    0.0000065500
  -0.0032129600    0.0016905400    0.0000118700
   0.0020101600   -0.0031197700   -0.0000048800
  -0.0001028000   -0.0034090000   -0.0000565200
  -0.0033456200   -0.0014986000   -0.0001550000
  -0.0039004600    0.0010255600   -0.0001550700
   0.0000438600    0.0039706900   -0.0000626600
   0.0008981100    0.0024428600   -0.0000039500
   0.0015142400    0.0006044200   -0.0000097500
   0.0016831000   -0.0001073400   -0.0000047600
   0.0010809300   -0.0010118000   -0.0000097900
   0.0004608000   -0.0012421300   -0.0000103400
   0.0007832900   -0.0019841500   -0.0000118400
  -0.0006721700   -0.0015278500   -0.0000052500
  -0.0016505300    0.0000349900   -0.0000043700
  -0.0004901100    0.0019112400   -0.0000048600
   0.0000086500    0.0026365400   -0.0000109000
  -0.0001169500    0.0020333600   -0.0000103300
   0.0010028700    0.0009655100   -0.0000097300
   0.0005124300   -0.0001928500   -0.0000098000
  -0.0009483500   -0.0019339300   -0.0000046200
   0.0000677900   -0.0023285500   -0.0000106100
   0.0001907300   -0.0016607100   -0.0000102400
   0.0004560100   -0.0009249900   -0.0000094100
   0.0005031500    0.0002416000   -0.0000097200
   0.0009262800    0.0013512300   -0.0000102800
  -0.0003098700    0.0020864300   -0.0000109400
  -0.0005178200    0.0019802400   -0.0000041800
  -0.0004701900   -0.0001971100   -0.0000027500
  -0.0026014200   -0.0025686900   -0.0001563400
  -0.0006514300   -0.0034427800   -0.0000538100
   0.0012466500   -0.0019319000   -0.0000070000
   0.0016106800    0.0001495000   -0.0000087200
   0.0011936500    0.0000122700   -0.0000046500
   0.0018101500    0.0013011000   -0.0000096200
   0.0008124200    0.0024425900   -0.0000049600
  -0.0003152200    0.0033053500   -0.0000613000
  -0.0030180300    0.0018349200   -0.0001583200
  -0.0117828100    0.0007269700    0.0011465000
  -0.0013660400   -0.0091336500    0.0007005400
   0.0023832300   -0.0047763000   -0.0001493800
  -0.0001934500   -0.0006552600   -0.0000217700
   0.0011671200   -0.0017491500   -0.0000088000
   0.0028612700    0.0004650100   -0.0000095200
   0.0025107000    0.0026666700   -0.0000043700
   0.0027945000    0.0065373700   -0.0001549600
  -0.0019782600    0.0102799800    0.0007500700
  -0.0087177200    0.0593874900   -0.0199760100
  -0.0091250200   -0.0604519600   -0.0203881200
   0.0086607600   -0.0120396500    0.0011614700
   0.0050708400   -0.0033218400   -0.0001497600
   0.0032172000   -0.0013573700   -0.0000069400
   0.0031188500    0.0001804000   -0.0000102900
   0.0037806400    0.0008449100   -0.0000052400
   0.0057286300    0.0030485900   -0.0001553800
   0.0093868500    0.0114413300    0.0011354200
   0.1048071400    0.0066922900   -0.0192699900
  -1.2922807400    0.0376274400   -0.1539958800
   0.1095275300   -0.0066156400   -0.0210726500
   0.0150305700   -0.0010061800    0.0007338200
   0.0056031400    0.0001829000   -0.0000557400
   0.0039400700    0.0001867800   -0.0000103800
   0.0040346900   -0.0005728200   -0.0000116700
   0.0059488300   -0.0002076000   -0.0000572500
   0.0154677700    0.0005347500    0.0007027400
   0.0089294500   -0.0118742100    0.0011090300
  -0.0081943600   -0.0734553800   -0.0195201000
  -0.0086931600    0.0741646100   -0.0209148800
   0.0083487500    0.0118029700    0.0011789700
   0.0065307400    0.0033578800   -0.0001587400
   0.0038731400    0.0014290800   -0.0000042900
   0.0029245900   -0.0002951300   -0.0000103400
   0.0049527300   -0.0015154500   -0.0000047800
   0.0057680000   -0.0031150800   -0.0001545700
   0.0020918900   -0.0050063600   -0.0001535000
  -0.0018603200   -0.0106447500    0.0006996400
  -0.0112778800   -0.0002419700    0.0011388500
  -0.0025488700    0.0098391500    0.0007814800
   0.0031041800    0.0051484100   -0.0001597300
   0.0033463200    0.0017906900   -0.0000025500
   0.0022105300    0.0001438900   -0.0000097700
   0.0021972500   -0.0005446600   -0.0000097400
   0.0034809800   -0.0026889300   -0.0000036000

136  
 -0.0234443241590582  -0.0000000000000033  -0.0187180037590817
   0.0004265000   -0.0018784200   -0.0000119100
  -0.0000310100   -0.0039851100   -0.0000082600
  -0.0023396100   -0.0056317500   -0.0003652500
  -0.0019726900    0.0003808300   -0.0004744100
  -0.0015819800    0.0061218700   -0.0003488300
   0.0008764700    0.0045166500   -0.0000085100
   0.0015108400    0.0028127800   -0.0000119700
   0.0010405800    0.0012630300   -0.0000060200
   0.0010221800   -0.0004542500   -0.0000060300
   0.0004493200   -0.0015791500   -0.0000065600
   0.0000195400   -0.0024159900   -0.0000108800
  -0.0006568100   -0.0030115300   -0.0000035800
  -0.0003537600   -0.0017186300    0.0000213800
  -0.0003318800    0.0012129400    0.0000199500
  -0.0002713700    0.0024973200   -0.0000051500
   0.0010538900    0.0021102300   -0.0000109300
   0.0003421200    0.0011578800   -0.0000065500
  -0.0004565000   -0.0001096300   -0.0000060200
  -0.0014079300   -0.0008645900   -0.0000118600
   0.0001094600   -0.0016037600   -0.0000106400
   0.0001617600   -0.0019756900   -0.0000064500
   0.0001795800   -0.0010046500   -0.0000112800
   0.0006441700   -0.0002145300   -0.0000131800
   0.0004016800    0.0013800700   -0.0000110200
   0.0007905100    0.0017816900   -0.0000066200
   0.0003101400    0.0011793700   -0.0000109400
  -0.0013520700    0.0002204000   -0.0000119800
  -0.0039374100    0.0002533400   -0.0000268900
  -0.0015598200   -0.0016943300   -0.0000070100
   0.0000631300   -0.0023571200   -0.0000076800
   0.0005765500   -0.0010376000   -0.0000099100
   0.0020080700   -0.0001503200   -0.0000057800
   0.0022775000    0.0002309700   -0.0000044000
   0.0014204200    0.0018552000   -0.0000110400
   0.0007535700    0.0025712800   -0.0000047900
  -0.0015946800    0.0016461800   -0.0000084000
  -0.0084193000    0.0026992900   -0.0001011300
  -0.0084310500   -0.0037223700   -0.0001058800
   0.0006301400   -0.0036532300   -0.0003525500
   0.0025459300   -0.0018239300    0.0000149000
   0.0023599300   -0.0010681600   -0.0000058000
   0.0031732700    0.0011467300   -0.0000131600
   0.0034503100    0.0026761600    0.0000198100
   0.0011648400    0.0032782000   -0.0003533300
   0.0115095800    0.0122570100    0.0053609900
  -0.0522452800   -0.0005186500   -0.0041044700
   0.0103656700   -0.0123528200    0.0054506400
   0.0082484400   -0.0061027500   -0.0004880700
   0.0034223100   -0.0027234000    0.0000147800
   0.0023788700   -0.0002798800   -0.0000098300
   0.0031493700    0.0007168500   -0.0000112600
   0.0054094000    0.0023893400    0.0000210600
   0.0087030300    0.0059933200   -0.0004727600
   0.0217042200    0.0226153600    0.0054013300
  -0.4738524500   -0.1692745300   -0.0884301300
  -0.4165074300    0.1286460700   -0.0989680000
   0.0207524600   -0.0222880800    0.0053569200
   0.0069800100   -0.0036081900   -0.0003443100
   0.0043379200   -0.0003565200   -0.0000083500
   0.0036442400    0.0003069200   -0.0000063900
   0.0044946600    0.0014273300   -0.0000039300
   0.0078714300    0.0037511700   -0.0003612200
   0.0076419400   -0.0039816500   -0.0001018700
   0.0039546000   -0.0336286600   -0.0040176700
  -0.1879837800   -0.0052677700   -0.0943816500
   0.0061046000    0.0324757000   -0.0041345600
   0.0079771100    0.0041736100   -0.0001057700
   0.0045808600    0.0002632200   -0.0000073100
   0.0035493900   -0.0002673500   -0.0000106200
   0.0034206400    0.0000606800   -0.0000108500
   0.0043981800   -0.0005883700   -0.0000084500
   0.0021003900   -0.0034814400   -0.0000275200
  -0.0002854700   -0.0102828900   -0.0001030000
  -0.0138658800   -0.0134594500    0.0054307600
  -0.0139972500    0.0146408700    0.0052953900
   0.0012538700    0.0106528100   -0.0001023500
   0.0024999300    0.0036811000   -0.0000269400
   0.0025864200    0.0015051900   -0.0000118500
   0.0027428000   -0.0000578300   -0.0000065600
   0.0019705800   -0.0007158900   -0.0000119100
  -0.0002147400    0.0019812300    0.0000042200
   0.0005466200    0.0038885400    0.0000607500
   0.0029516200    0.0018385500    0.0001560000
   0.0022777400   -0.0022989200    0.0001541000
   0.0005114100   -0.0033713600    0.0000583900
  -0.0014984300   -0.0026785100    0.0000045900
  -0.0014572100   -0.0019543500    0.0000098000
  -0.0012296400   -0.0000455400    0.0000047500
  -0.0018081700    0.0016095700    0.0000097500
  -0.0004410000    0.0021043600    0.0000103400
   0.0004949600    0.0022008700    0.0000116200
   0.0006347400    0.0015709400    0.0000049900
   0.0004753300    0.0001925100    0.0000043300
   0.0005538200   -0.0011398200    0.0000050700
  -0.0005762500   -0.0016622300    0.0000111000
  -0.0011203800   -0.0013992400    0.0000103000
   0.0002861800   -0.0003642000    0.0000098300
  -0.0001838100    0.0011895200    0.0000096800
   0.0001179400    0.0014537700    0.0000043500
  -0.0003296800    0.0016894900    0.0000104000
  -0.0000439500    0.0012678800    0.0000103100
  -0.0004934000    0.0005907600    0.0000095500
  -0.0002795400   -0.0008365000    0.0000095400
  -0.0001218600   -0.0019677600    0.0000101600
  -0.0009070200   -0.0023128800    0.0000110400
   0.0005181600   -0.0014993500    0.0000043800
   0.0016251500   -0.0001340400    0.0000027200
   0.0035047200    0.0020791300    0.0001584400
  -0.0000755500    0.0035850700    0.0000551700
  -0.0004825500    0.0022656100    0.0000069200
  -0.0014928200   -0.0002545000    0.0000087800
  -0.0017275300    0.0003263100    0.0000046300
  -0.0012471500   -0.0011565300    0.0000096200
  -0.0015910800   -0.0029338700    0.0000049900
   0.0001345900   -0.0040873500    0.0000597300
   0.0030730300   -0.0027139200    0.0001561700
   0.0116402800    0.0011060800   -0.0011459700
   0.0023626700    0.0098434600   -0.0007046100
  -0.0026563000    0.0049676200    0.0001505200
   0.0000862000    0.0006934600    0.0000213800
  -0.0009618900    0.0017165800    0.0000087300
  -0.0026226200   -0.0002717400    0.0000094300
  -0.0035162300   -0.0018683900    0.0000043600
  -0.0025668400   -0.0046241200    0.0001540300
   0.0018155100   -0.0091972100   -0.0007454400
   0.0083623800   -0.0611328500    0.0205264000
   0.0093679500    0.0597800300    0.0198335900
  -0.0083604400    0.0117293300   -0.0011559600
  -0.0053645300    0.0033842200    0.0001500800
  -0.0030944600    0.0006589800    0.0000069600
  -0.0027299700   -0.0001955100    0.0000102500
  -0.0040437800   -0.0010009000    0.0000050200
  -0.0063703700   -0.0029488800    0.0001554400
  -0.0089172100   -0.0126696200   -0.0011407500
  -0.1097678000   -0.0068457600    0.0211729700
   1.2922091100    0.0460998600    0.1537865200
  -0.1043997600    0.0066219400    0.0191879800
  -0.0150479600    0.0000530300   -0.0006720200
  -0.0060206300    0.0004972400    0.0000532400
  -0.0035652900    0.0003965700    0.0000103800
  -0.0037332700   -0.0005737300    0.0000115100
  -0.0061686100   -0.0001680600    0.0000599500
  -0.0151293600    0.0000676000   -0.0007661600
  -0.0091897200    0.0123347400   -0.0011756900
   0.0098525300    0.0740622000    0.0208708100
   0.0081366800   -0.0728197200    0.0195748800
  -0.0104538900   -0.0125188000   -0.0011122400
  -0.0056702600   -0.0037661400    0.0001558400
  -0.0039993200   -0.0004579500    0.0000046800
  -0.0037846300   -0.0001443100    0.0000103400
  -0.0030055400    0.0006591700    0.0000043400
  -0.0063699900    0.0041812800    0.0001574000
  -0.0031516900    0.0049795100    0.0001585900
   0.0020945400    0.0097678000   -0.0007680600
   0.0124599700   -0.0003315000   -0.0011390600
   0.0012295200   -0.0105868100   -0.0007140700
  -0.0024048900   -0.0048686100    0.0001546300
  -0.0026597700   -0.0027987600    0.0000029400
  -0.0029914100   -0.0010531100    0.0000096900
  -0.0029789300    0.0008610500    0.0000098000
  -0.0023841600    0.0019993600    0.0000031400
